date,open,high,low,close,change,volume
Mon 13 Jul '26,28.0,28.0,27.3,27.4,−0.4 (−1.44%),23.01 K
Fri 10 Jul '26,28.0,28.3,27.1,27.8,−0.4 (−1.42%),63.74 K
Thu 09 Jul '26,28.0,28.5,28.0,28.2,+0.1 (+0.36%),39.53 K
Wed 08 Jul '26,27.9,28.4,27.9,28.1,−0.3 (−1.06%),46.43 K
Tue 07 Jul '26,28.4,28.8,28.0,28.4,−0.6 (−2.07%),87.36 K
Mon 06 Jul '26,29.4,29.4,28.1,29.0,0.0 (0.00%),53.5 K
Fri 03 Jul '26,28.6,29.0,28.3,29.0,+0.5 (+1.75%),42.91 K
Thu 02 Jul '26,29.0,29.5,28.4,28.5,−0.7 (−2.40%),76.83 K
Wed 01 Jul '26,29.4,29.5,28.8,29.2,0.0 (0.00%),65.41 K
Tue 30 Jun '26,29.3,29.3,29.0,29.2,−0.2 (−0.68%),77.5 K
Fri 26 Jun '26,30.2,30.2,29.3,29.4,−0.6 (−2.00%),44.28 K
Thu 25 Jun '26,30.8,30.8,28.8,30.0,+0.4 (+1.35%),270.7 K
Wed 24 Jun '26,30.8,30.8,29.5,29.6,−0.3 (−1.00%),63.56 K
Tue 23 Jun '26,30.9,31.0,29.8,29.9,−0.2 (−0.66%),177.72 K
Mon 22 Jun '26,30.5,30.5,29.5,30.1,−0.4 (−1.31%),75.82 K
Fri 19 Jun '26,31.4,31.4,30.0,30.5,−0.5 (−1.61%),119.99 K
Thu 18 Jun '26,31.5,31.5,30.8,31.0,0.0 (0.00%),197.52 K
Wed 17 Jun '26,30.5,31.4,30.5,31.0,+0.3 (+0.98%),218.11 K
Tue 16 Jun '26,30.3,31.0,30.1,30.7,+0.5 (+1.66%),331.06 K
Mon 15 Jun '26,29.0,31.5,29.0,30.2,+2.0 (+7.09%),206.26 K
Fri 12 Jun '26,28.0,29.0,27.0,28.2,+1.2 (+4.44%),472.28 K
Thu 11 Jun '26,27.2,27.7,26.9,27.0,−0.5 (−1.82%),155.31 K
Wed 10 Jun '26,27.5,27.9,27.4,27.5,0.0 (0.00%),105.28 K
Tue 09 Jun '26,27.5,27.6,26.9,27.5,+0.5 (+1.85%),690.22 K
Mon 08 Jun '26,27.6,27.6,26.8,27.0,−1.0 (−3.57%),174.04 K
Fri 05 Jun '26,28.4,28.5,27.8,28.0,−0.4 (−1.41%),226.37 K
Thu 04 Jun '26,28.5,28.7,28.0,28.4,−0.1 (−0.35%),160.23 K
Wed 03 Jun '26,29.0,29.0,28.4,28.5,0.0 (0.00%),61.32 K
Tue 02 Jun '26,29.2,29.2,28.5,28.5,−0.5 (−1.72%),110.81 K
Mon 01 Jun '26,29.3,29.3,28.9,29.0,−0.4 (−1.36%),302.93 K
Fri 29 May '26,29.5,29.8,29.2,29.4,+0.4 (+1.38%),158.38 K
Wed 27 May '26,29.5,29.5,28.8,29.0,0.0 (0.00%),113.07 K
Tue 26 May '26,29.8,29.8,28.7,29.0,0.0 (0.00%),151.41 K
Mon 25 May '26,29.5,29.9,28.9,29.0,0.0 (0.00%),737.19 K
Fri 22 May '26,29.9,29.9,28.5,29.0,−0.8 (−2.68%),202.01 K
Thu 21 May '26,29.8,30.0,29.0,29.8,+0.3 (+1.02%),277.03 K
Wed 20 May '26,31.0,31.0,28.8,29.5,−1.4 (−4.53%),378.22 K
Tue 19 May '26,32.0,32.0,30.5,30.9,−0.6 (−1.90%),291.91 K
Mon 18 May '26,33.0,33.0,30.2,31.5,−3.5 (−10.00%),1.03 M
Fri 15 May '26,36.0,36.0,35.0,35.0,−0.5 (−1.41%),192.58 K
Thu 14 May '26,35.2,36.0,35.0,35.5,+0.2 (+0.57%),71.63 K
Wed 13 May '26,35.2,35.4,35.0,35.3,+0.1 (+0.28%),139.66 K
Tue 12 May '26,34.7,35.4,34.7,35.2,+0.3 (+0.86%),241.3 K
Mon 11 May '26,35.0,35.2,34.6,34.9,−0.1 (−0.29%),193.33 K
Fri 08 May '26,36.0,36.0,34.7,35.0,−0.5 (−1.41%),192.97 K
Thu 07 May '26,35.2,35.8,35.0,35.5,+0.5 (+1.43%),939.97 K
Wed 06 May '26,33.9,35.6,33.8,35.0,+1.0 (+2.94%),230.49 K
Tue 05 May '26,34.0,34.0,33.5,34.0,−0.5 (−1.45%),71.76 K
Mon 04 May '26,33.4,34.5,33.4,34.5,+1.2 (+3.60%),48.4 K
Thu 30 Apr '26,34.2,34.2,33.2,33.3,−0.9 (−2.63%),103.9 K
Wed 29 Apr '26,34.0,34.2,33.7,34.2,0.0 (0.00%),43.66 K
Tue 28 Apr '26,34.5,34.6,34.0,34.2,−0.1 (−0.29%),278.57 K
Mon 27 Apr '26,34.2,34.4,34.0,34.3,−0.1 (−0.29%),54.54 K
Fri 24 Apr '26,34.0,34.7,33.9,34.4,+0.4 (+1.18%),50.39 K
Thu 23 Apr '26,34.7,34.7,33.5,34.0,−0.7 (−2.02%),175.19 K
Wed 22 Apr '26,34.5,34.9,34.4,34.7,+0.2 (+0.58%),26.69 K
Tue 21 Apr '26,34.2,34.9,34.1,34.5,−0.2 (−0.58%),37.42 K
Mon 20 Apr '26,36.0,36.0,34.0,34.7,−1.1 (−3.07%),283.04 K
Fri 17 Apr '26,34.9,36.1,34.9,35.8,+0.9 (+2.58%),474.14 K
Thu 16 Apr '26,34.0,35.4,34.0,34.9,+1.6 (+4.80%),321.29 K
Wed 15 Apr '26,32.7,34.0,32.4,33.3,+0.8 (+2.46%),404.61 K
Fri 10 Apr '26,32.5,32.9,32.2,32.5,+0.5 (+1.56%),30.09 K
Thu 09 Apr '26,33.0,33.0,32.0,32.0,−0.5 (−1.54%),48.21 K
Wed 08 Apr '26,32.0,33.9,32.0,32.5,+1.5 (+4.84%),168.38 K
Tue 07 Apr '26,32.1,32.1,30.9,31.0,−1.0 (−3.13%),25.2 K
Mon 06 Apr '26,30.0,32.5,30.0,32.0,+1.4 (+4.58%),56.56 K
Thu 02 Apr '26,31.0,31.0,30.0,30.6,+0.6 (+2.00%),166.87 K
Tue 31 Mar '26,31.0,31.0,29.8,30.0,−0.7 (−2.28%),132.41 K
Mon 30 Mar '26,30.5,32.5,29.1,30.7,−0.2 (−0.65%),88.28 K
Fri 27 Mar '26,30.7,32.1,30.6,30.9,−0.1 (−0.32%),127.88 K
Thu 26 Mar '26,33.0,33.0,30.6,31.0,−1.8 (−5.49%),207.26 K
Wed 25 Mar '26,30.0,33.0,30.0,32.8,+2.8 (+9.33%),488.91 K
Tue 24 Mar '26,29.0,30.5,29.0,30.0,+2.2 (+7.91%),198.78 K
Mon 23 Mar '26,28.0,28.0,27.4,27.8,−1.2 (−4.14%),139.93 K
Fri 20 Mar '26,28.0,29.4,28.0,29.0,+1.0 (+3.57%),398.52 K
Thu 19 Mar '26,29.0,29.4,28.0,28.0,−0.9 (−3.11%),185.87 K
Wed 18 Mar '26,27.3,29.2,26.8,28.9,+1.7 (+6.25%),388.93 K
Tue 17 Mar '26,29.5,30.8,26.9,27.2,−2.7 (−9.03%),190.99 K
Mon 16 Mar '26,31.0,31.0,28.0,29.9,−1.9 (−5.97%),332.29 K
Fri 13 Mar '26,33.5,33.5,31.0,31.8,−1.3 (−3.93%),320.35 K
Thu 12 Mar '26,33.4,33.4,32.1,33.1,−0.3 (−0.90%),155.97 K
Wed 11 Mar '26,33.5,34.0,32.9,33.4,+0.4 (+1.21%),236.54 K
Tue 10 Mar '26,31.6,34.5,31.6,33.0,+1.1 (+3.45%),495.72 K
Mon 09 Mar '26,33.0,33.0,31.0,31.9,−2.0 (−5.90%),334.04 K
Fri 06 Mar '26,34.5,34.5,33.0,33.9,−0.6 (−1.74%),331.9 K
Thu 05 Mar '26,34.0,35.0,34.0,34.5,+1.6 (+4.86%),313.61 K
Wed 04 Mar '26,33.1,35.9,32.8,32.9,−0.5 (−1.50%),1.36 M
Tue 03 Mar '26,34.0,35.5,32.5,33.4,−3.6 (−9.73%),903.4 K
Fri 27 Feb '26,38.1,38.2,37.0,37.0,−0.5 (−1.33%),952.87 K
Thu 26 Feb '26,38.0,38.0,37.0,37.5,−0.5 (−1.32%),338.55 K
Wed 25 Feb '26,38.1,38.1,37.4,38.0,0.0 (0.00%),455.96 K
Tue 24 Feb '26,39.0,39.0,38.0,38.0,−0.8 (−2.06%),547.52 K
Mon 23 Feb '26,38.4,39.6,38.4,38.8,+0.8 (+2.11%),986.46 K
Fri 20 Feb '26,39.4,39.4,37.4,38.0,−0.4 (−1.04%),516.12 K
Thu 19 Feb '26,37.1,39.0,37.1,38.4,+1.4 (+3.78%),726.22 K
Wed 18 Feb '26,37.9,38.0,36.9,37.0,−0.7 (−1.86%),866.2 K
Tue 17 Feb '26,38.5,38.5,37.2,37.7,−0.3 (−0.79%),374.22 K
Mon 16 Feb '26,38.8,39.4,37.9,38.0,+0.2 (+0.53%),504.23 K
Fri 13 Feb '26,39.8,40.0,37.4,37.8,−0.7 (−1.82%),891.56 K
Thu 12 Feb '26,40.0,41.0,38.5,38.5,−1.0 (−2.53%),911.83 K
Wed 11 Feb '26,38.9,39.9,38.0,39.5,+0.6 (+1.54%),489.3 K
Tue 10 Feb '26,40.0,40.0,38.8,38.9,−0.9 (−2.26%),196.74 K
Mon 09 Feb '26,39.5,41.0,39.5,39.8,+0.3 (+0.76%),571.88 K
Fri 06 Feb '26,39.7,40.3,39.1,39.5,−0.4 (−1.00%),290.73 K
Thu 05 Feb '26,40.0,40.9,39.7,39.9,−0.2 (−0.50%),254.78 K
Tue 03 Feb '26,40.1,41.0,39.9,40.1,0.0 (0.00%),609.78 K
Mon 02 Feb '26,40.9,41.1,39.9,40.1,−0.8 (−1.96%),691.94 K
Fri 30 Jan '26,39.9,42.0,39.8,40.9,+0.9 (+2.25%),1.13 M
Thu 29 Jan '26,40.7,41.0,40.0,40.0,−0.6 (−1.48%),1.68 M
Wed 28 Jan '26,41.7,41.7,40.3,40.6,−1.0 (−2.40%),586.61 K
Tue 27 Jan '26,42.4,42.7,41.4,41.6,−0.1 (−0.24%),741.54 K
Mon 26 Jan '26,43.0,43.5,41.5,41.7,−1.2 (−2.80%),1.62 M
Fri 23 Jan '26,40.9,43.7,40.5,42.9,+2.5 (+6.19%),4.61 M
Thu 22 Jan '26,40.0,44.0,38.9,40.4,+2.9 (+7.81%),9.14 M
Tue 13 Jan '26,37.0,37.7,36.8,37.5,+0.5 (+1.35%),2.2 M
Mon 12 Jan '26,35.0,37.0,34.9,37.0,+2.2 (+6.25%),2.11 M
Fri 09 Jan '26,34.5,34.8,34.1,34.8,+0.3 (+0.87%),450 K
Thu 08 Jan '26,34.9,35.0,34.3,34.5,−0.0 (−0.07%),562.06 K
Wed 07 Jan '26,34.6,34.6,34.5,34.5,+0.1 (+0.36%),0
Tue 06 Jan '26,35.0,35.7,34.4,34.4,−0.5 (−1.43%),671.98 K
Mon 05 Jan '26,31.8,35.2,31.8,34.9,+3.2 (+10.09%),2.27 M
Fri 02 Jan '26,30.7,32.0,29.9,31.7,+1.2 (+3.93%),1.03 M
Wed 31 Dec '25,30.7,30.7,30.2,30.5,+0.0 (+0.08%),279.01 K
Tue 30 Dec '25,30.3,30.7,30.0,30.5,−0.0 (−0.08%),224.91 K
Mon 29 Dec '25,30.6,30.7,30.3,30.5,−0.1 (−0.33%),85.88 K
Fri 26 Dec '25,30.7,30.9,30.6,30.6,+0.2 (+0.66%),455.93 K
Wed 24 Dec '25,31.1,31.1,30.3,30.4,−0.6 (−1.78%),639.46 K
Tue 23 Dec '25,30.1,31.5,30.1,31.0,+0.7 (+2.23%),556.42 K
Mon 22 Dec '25,30.7,30.7,30.0,30.3,+0.2 (+0.58%),248.4 K
Fri 19 Dec '25,30.0,30.3,30.0,30.1,+0.1 (+0.42%),701.58 K
Thu 18 Dec '25,30.4,30.4,29.6,30.0,0.0 (0.00%),622.98 K
Wed 17 Dec '25,30.5,30.5,29.6,30.0,−0.3 (−0.99%),378.26 K
Tue 16 Dec '25,29.9,30.5,29.5,30.3,+0.7 (+2.28%),851.56 K
Mon 15 Dec '25,29.4,30.5,29.4,29.6,−0.3 (−1.09%),177.86 K
Fri 12 Dec '25,29.8,30.0,28.7,29.9,+0.4 (+1.44%),1.58 M
Thu 11 Dec '25,29.2,30.2,28.7,29.5,−0.2 (−0.67%),500.36 K
Wed 10 Dec '25,29.0,30.0,28.9,29.7,+0.7 (+2.41%),1.91 M
Tue 09 Dec '25,29.0,29.6,28.0,29.0,+0.2 (+0.69%),1.95 M
Mon 08 Dec '25,29.0,29.9,28.5,28.8,−0.2 (−0.69%),454.16 K
Fri 05 Dec '25,29.8,30.0,28.0,29.0,−1.0 (−3.33%),1.86 M
Wed 03 Dec '25,31.1,31.5,29.7,30.0,−0.5 (−1.64%),563.41 K
Tue 02 Dec '25,30.5,31.2,30.4,30.5,+0.0 (+0.08%),245.17 K
Mon 01 Dec '25,30.8,31.5,30.1,30.5,−1.5 (−4.77%),615.14 K
Fri 28 Nov '25,31.4,32.4,31.0,32.0,+0.6 (+1.91%),254.45 K
Thu 27 Nov '25,31.6,32.4,30.8,31.4,−0.2 (−0.63%),196.55 K
Wed 26 Nov '25,32.5,32.5,31.5,31.6,−0.9 (−2.77%),672.77 K
Tue 25 Nov '25,32.9,33.5,32.0,32.5,−0.5 (−1.52%),729.64 K
Mon 24 Nov '25,36.0,36.0,31.5,33.0,+3.3 (+11.11%),6.98 M
Fri 21 Nov '25,29.9,30.0,29.5,29.7,−0.6 (−1.98%),272.4 K
Thu 20 Nov '25,30.4,30.4,29.8,30.3,+0.1 (+0.33%),87.29 K
Wed 19 Nov '25,30.3,30.8,29.9,30.2,−0.6 (−1.95%),240.74 K
Tue 18 Nov '25,30.8,31.0,30.0,30.8,0.0 (0.00%),392.03 K
Mon 17 Nov '25,32.0,32.0,30.6,30.8,−0.8 (−2.53%),304.72 K
Fri 14 Nov '25,28.6,32.5,28.6,31.6,+2.2 (+7.30%),3.93 M
Thu 13 Nov '25,29.6,30.0,28.5,29.5,+0.2 (+0.60%),353.18 K
Wed 12 Nov '25,28.4,30.2,28.4,29.3,+1.3 (+4.55%),2.48 M
Tue 11 Nov '25,29.9,30.0,27.5,28.0,−1.4 (−4.92%),508.94 K
Mon 10 Nov '25,28.4,29.5,27.8,29.5,+1.1 (+3.70%),951.61 K
Fri 07 Nov '25,28.0,28.6,27.5,28.4,+0.4 (+1.52%),227.47 K
Thu 06 Nov '25,28.8,28.8,27.0,28.0,−0.6 (−2.10%),421.51 K
Tue 04 Nov '25,28.3,28.8,28.0,28.6,−0.0 (−0.09%),218.46 K
Mon 03 Nov '25,28.8,28.8,28.1,28.6,−0.2 (−0.69%),58.02 K
Fri 31 Oct '25,28.6,28.9,28.5,28.8,+0.2 (+0.52%),347.69 K
Thu 30 Oct '25,27.0,29.0,27.0,28.7,+1.9 (+7.10%),847.7 K
Wed 29 Oct '25,27.5,28.0,26.6,26.8,−0.8 (−2.73%),980.42 K
Tue 28 Oct '25,27.5,28.6,27.3,27.5,−0.8 (−2.83%),340.32 K
Mon 27 Oct '25,29.0,29.0,27.1,28.3,−0.6 (−2.16%),633.33 K
Fri 24 Oct '25,29.1,29.1,28.0,28.9,+0.1 (+0.43%),970.82 K
Thu 23 Oct '25,26.3,29.0,26.3,28.8,+2.5 (+9.51%),1.85 M
Wed 22 Oct '25,25.5,26.6,25.5,26.3,+0.8 (+3.24%),1.26 M
Tue 21 Oct '25,25.4,25.8,25.2,25.5,+0.3 (+1.29%),609.34 K
Fri 17 Oct '25,24.5,25.2,24.4,25.2,+0.6 (+2.65%),805.78 K
Thu 16 Oct '25,23.9,24.8,23.9,24.5,+0.6 (+2.51%),1.8 M
Wed 15 Oct '25,24.1,24.1,23.5,23.9,−0.1 (−0.42%),186.49 K
Tue 14 Oct '25,24.4,24.4,23.6,24.0,−0.4 (−1.74%),588.35 K
Mon 13 Oct '25,24.5,24.7,23.9,24.4,+0.0 (+0.10%),169.55 K
Fri 10 Oct '25,24.8,25.7,24.4,24.4,−0.4 (−1.51%),485.51 K
Thu 09 Oct '25,23.8,25.0,23.7,24.8,+0.8 (+3.23%),701.66 K
Wed 08 Oct '25,25.0,25.0,23.7,24.0,−0.9 (−3.81%),1.05 M
Tue 07 Oct '25,25.5,26.2,24.2,25.0,−0.8 (−3.20%),1.05 M
Fri 03 Oct '25,26.2,26.2,24.5,25.8,−0.2 (−0.87%),223.35 K
Thu 02 Oct '25,26.3,26.9,26.0,26.0,0.0 (0.00%),758.88 K
Wed 01 Oct '25,23.7,26.4,23.7,26.0,+2.3 (+9.70%),4.51 M
Tue 30 Sep '25,23.7,23.8,23.2,23.7,+0.2 (+0.96%),1.65 M
Mon 29 Sep '25,22.0,23.5,22.0,23.5,+1.0 (+4.33%),639.54 K
Fri 26 Sep '25,22.5,22.7,22.0,22.5,0.0 (0.00%),311.55 K
Thu 25 Sep '25,22.4,22.7,22.0,22.5,+0.1 (+0.45%),844.09 K
Wed 24 Sep '25,22.8,22.8,22.2,22.4,−0.2 (−0.67%),342.59 K
Tue 23 Sep '25,22.5,23.0,22.2,22.6,+0.1 (+0.22%),358.74 K
Mon 22 Sep '25,22.4,23.5,21.9,22.5,+0.6 (+2.51%),741.52 K
Fri 19 Sep '25,21.3,22.8,21.3,22.0,+0.6 (+3.05%),1.74 M
Thu 18 Sep '25,21.5,21.9,21.2,21.3,0.0 (0.00%),460.91 K
Wed 17 Sep '25,20.7,21.9,20.7,21.3,+0.8 (+3.90%),2.19 M
Tue 16 Sep '25,19.6,20.8,19.6,20.5,+0.5 (+2.63%),792.08 K
Mon 15 Sep '25,20.0,20.0,19.0,20.0,−0.2 (−0.87%),322.99 K
Fri 12 Sep '25,20.0,20.2,19.7,20.2,−0.0 (−0.12%),159.71 K
Thu 11 Sep '25,20.2,20.2,19.7,20.2,+0.0 (+0.12%),965.34 K
Wed 10 Sep '25,20.0,20.4,19.1,20.2,+0.1 (+0.75%),44.55 K
Tue 09 Sep '25,20.2,20.8,20.0,20.0,−0.8 (−3.61%),411.86 K
Mon 08 Sep '25,20.8,20.8,20.2,20.8,−0.3 (−1.19%),312.94 K
Thu 04 Sep '25,20.8,21.4,20.8,21.0,+0.2 (+0.96%),1.97 M
Wed 03 Sep '25,20.5,20.8,19.6,20.8,+0.6 (+3.10%),432.57 K
Tue 02 Sep '25,20.4,20.8,20.0,20.2,−0.2 (−0.98%),2.56 M
Mon 01 Sep '25,20.7,21.0,19.3,20.4,−0.3 (−1.57%),474.11 K
Fri 29 Aug '25,20.0,20.8,19.3,20.7,+0.7 (+3.50%),1.08 M
Thu 28 Aug '25,19.5,22.0,19.5,20.0,+0.1 (+0.50%),1.02 M
Wed 27 Aug '25,18.1,20.0,18.1,19.9,+1.9 (+10.40%),760.2 K
Tue 26 Aug '25,18.4,18.7,18.0,18.0,−0.4 (−2.30%),556.91 K
Mon 25 Aug '25,18.5,18.7,18.3,18.5,−0.3 (−1.34%),276.8 K
Fri 22 Aug '25,18.5,18.8,18.5,18.7,+0.1 (+0.40%),547.4 K
Thu 21 Aug '25,18.4,18.7,18.2,18.6,+0.3 (+1.78%),1.38 M
Wed 20 Aug '25,18.5,18.7,18.1,18.3,−0.2 (−0.95%),962.41 K
Tue 19 Aug '25,18.7,18.7,18.3,18.5,−0.2 (−1.07%),771.58 K
Mon 18 Aug '25,18.5,18.9,18.4,18.7,+0.3 (+1.49%),364.58 K
Fri 15 Aug '25,18.1,18.9,18.1,18.4,0.0 (0.00%),482.26 K
Thu 14 Aug '25,18.5,18.5,17.8,18.4,−0.1 (−0.54%),314.74 K
Wed 13 Aug '25,19.0,19.0,18.5,18.5,−0.5 (−2.63%),192.13 K
Tue 12 Aug '25,19.3,19.3,18.5,19.0,−0.2 (−1.04%),813.02 K
Mon 11 Aug '25,19.5,20.0,19.2,19.2,−0.8 (−3.88%),554.32 K
Thu 07 Aug '25,19.9,20.0,19.8,20.0,+0.1 (+0.38%),176.34 K
Wed 06 Aug '25,19.7,20.1,19.6,19.9,+0.3 (+1.53%),373.01 K
Tue 05 Aug '25,19.8,19.8,19.4,19.6,−0.1 (−0.76%),202.49 K
Mon 04 Aug '25,19.5,19.9,19.5,19.8,+0.4 (+1.80%),1.29 M
Fri 01 Aug '25,19.5,19.8,19.2,19.4,+0.0 (+0.13%),282.03 K
Thu 31 Jul '25,19.9,19.9,19.2,19.4,−0.3 (−1.65%),701.91 K
Wed 30 Jul '25,19.4,19.8,18.8,19.7,−0.1 (−0.63%),957.31 K
Tue 29 Jul '25,19.6,20.0,19.1,19.8,−0.1 (−0.38%),575.87 K
Mon 28 Jul '25,19.8,20.2,19.5,19.9,−0.1 (−0.38%),359.22 K
Fri 25 Jul '25,20.2,20.2,19.8,20.0,−0.3 (−1.24%),264.33 K
Thu 24 Jul '25,20.8,20.8,19.9,20.2,+0.2 (+1.00%),379.86 K
Wed 23 Jul '25,20.0,21.0,19.6,20.0,+0.3 (+1.65%),1.55 M
Tue 22 Jul '25,20.4,21.0,19.6,19.7,−0.6 (−2.96%),1.38 M
Mon 21 Jul '25,19.2,20.8,19.2,20.3,+1.1 (+5.73%),7.49 M
Fri 18 Jul '25,17.0,19.5,16.7,19.2,+2.3 (+13.61%),4.14 M
Thu 17 Jul '25,16.9,17.0,16.5,16.9,+0.1 (+0.45%),913.61 K
Wed 16 Jul '25,16.9,17.2,16.8,16.8,−0.2 (−1.03%),416.27 K
Tue 15 Jul '25,17.5,17.5,16.8,17.0,−0.5 (−2.86%),2.26 M
Mon 14 Jul '25,17.2,17.9,16.8,17.5,+0.2 (+1.16%),2.46 M
Fri 11 Jul '25,17.2,18.4,16.8,17.3,0.0 (0.00%),3.55 M
Wed 09 Jul '25,14.5,17.3,14.5,17.3,+3.1 (+21.83%),9.06 M
Tue 08 Jul '25,13.0,14.5,13.0,14.2,+1.2 (+9.23%),2.76 M
Mon 07 Jul '25,13.6,13.6,12.8,13.0,−0.6 (−4.41%),591.38 K
Fri 04 Jul '25,13.4,13.7,13.3,13.6,+0.3 (+2.26%),966.42 K
Thu 03 Jul '25,13.4,14.0,13.3,13.3,−0.1 (−0.56%),1.97 M
Wed 02 Jul '25,12.4,13.6,12.4,13.4,+1.1 (+8.74%),2.13 M
Tue 01 Jul '25,12.4,12.4,12.0,12.3,0.0 (0.00%),496.92 K
Mon 30 Jun '25,12.0,12.5,12.0,12.3,−0.0 (−0.40%),671.8 K
Fri 27 Jun '25,12.2,12.4,12.0,12.4,+0.2 (+1.23%),1.43 M
Thu 26 Jun '25,11.9,12.2,11.9,12.2,+0.2 (+1.67%),185.57 K
Wed 25 Jun '25,12.0,12.2,11.9,12.0,+0.1 (+0.84%),287.62 K
Tue 24 Jun '25,12.3,12.3,11.5,11.9,+0.5 (+4.16%),856.2 K
Mon 23 Jun '25,11.4,11.5,11.3,11.4,−0.1 (−1.08%),55.91 K
Fri 20 Jun '25,11.7,12.0,11.4,11.6,+0.1 (+0.43%),1.71 M
Thu 19 Jun '25,11.4,11.7,11.2,11.5,−0.2 (−1.29%),184.98 K
Wed 18 Jun '25,12.2,12.2,11.5,11.7,−0.3 (−2.51%),598.37 K
Tue 17 Jun '25,12.1,12.5,11.8,12.0,−0.1 (−0.42%),337.28 K
Mon 16 Jun '25,12.0,12.3,11.9,12.0,−0.3 (−2.04%),285.89 K
Fri 13 Jun '25,12.3,12.4,11.8,12.3,−0.3 (−2.00%),1.7 M
Thu 12 Jun '25,12.8,12.8,12.3,12.5,−0.2 (−1.38%),8.85 K
Wed 11 Jun '25,12.8,12.8,12.3,12.7,+0.1 (+0.60%),435.63 K
Mon 09 Jun '25,12.5,12.8,12.2,12.6,+0.2 (+1.61%),996.6 K
Fri 06 Jun '25,12.6,12.6,12.3,12.4,−0.2 (−1.59%),90.55 K
Thu 05 Jun '25,12.5,12.7,12.3,12.6,+0.1 (+0.80%),509.86 K
Wed 04 Jun '25,12.7,13.0,12.4,12.5,−0.4 (−3.10%),677.91 K
Tue 03 Jun '25,13.0,13.1,12.7,12.9,−0.1 (−0.58%),696.24 K
Mon 02 Jun '25,12.8,13.0,12.7,13.0,+0.4 (+2.98%),1.25 M
Fri 30 May '25,12.6,12.8,12.5,12.6,+0.0 (+0.20%),2.29 M
Thu 29 May '25,12.5,12.6,12.4,12.6,+0.1 (+1.21%),2.51 M
Wed 28 May '25,12.6,12.6,12.2,12.4,−0.0 (−0.40%),466.9 K
Tue 27 May '25,12.5,12.6,12.1,12.5,+0.2 (+1.42%),1.26 M
Mon 26 May '25,12.7,12.7,12.3,12.3,−0.2 (−1.60%),941.57 K
Fri 23 May '25,12.4,12.8,12.3,12.5,+0.2 (+1.63%),1.8 M
Thu 22 May '25,12.2,12.4,12.0,12.3,+0.1 (+0.82%),1.48 M
Wed 21 May '25,11.3,12.4,11.3,12.2,+0.8 (+7.02%),4.09 M
Tue 20 May '25,11.4,11.4,11.2,11.4,−0.1 (−0.65%),185.21 K
Mon 19 May '25,11.7,11.7,11.2,11.5,−0.2 (−1.50%),1.2 M
Fri 16 May '25,11.9,11.9,11.6,11.7,−0.0 (−0.43%),1.03 M
Thu 15 May '25,10.9,11.9,10.8,11.7,+0.9 (+8.33%),9.85 M
Wed 14 May '25,10.8,10.9,10.7,10.8,+0.1 (+0.93%),599.7 K
Fri 09 May '25,10.5,10.8,10.5,10.7,+0.2 (+2.15%),2.49 M
Thu 08 May '25,10.2,10.6,10.0,10.5,+0.3 (+2.95%),2.3 M
Wed 07 May '25,10.3,10.3,10.0,10.2,−0.1 (−1.21%),63.78 K
Tue 06 May '25,10.1,10.3,10.1,10.3,+0.3 (+2.74%),413.61 K
Mon 05 May '25,9.9,10.3,9.7,10.0,+0.1 (+0.96%),636.95 K
Fri 02 May '25,9.7,9.9,9.7,9.9,+0.1 (+1.33%),119.36 K
Wed 30 Apr '25,9.8,9.8,9.7,9.8,0.0 (0.00%),103.39 K
Tue 29 Apr '25,9.8,9.9,9.5,9.8,0.0 (0.00%),613.4 K
Mon 28 Apr '25,9.5,9.8,9.4,9.8,+0.3 (+3.16%),484.83 K
Fri 25 Apr '25,9.3,9.5,9.3,9.5,+0.1 (+1.06%),58.76 K
Thu 24 Apr '25,9.4,9.5,9.4,9.4,+0.1 (+0.53%),65.75 K
Wed 23 Apr '25,9.3,9.4,9.3,9.4,+0.2 (+1.63%),128.58 K
Tue 22 Apr '25,9.3,9.3,9.0,9.2,−0.1 (−0.76%),10.37 K
Mon 21 Apr '25,9.2,9.3,9.0,9.3,+0.0 (+0.22%),97.79 K
Thu 17 Apr '25,9.2,9.3,9.0,9.3,+0.3 (+2.78%),690.7 K
Wed 16 Apr '25,9.0,9.2,8.8,9.0,+0.0 (+0.33%),3.03 K
Fri 11 Apr '25,9.3,9.3,8.7,9.0,−0.3 (−3.65%),4.17 K
Thu 10 Apr '25,9.0,9.3,8.7,9.3,+0.4 (+4.26%),581.31 K
Wed 09 Apr '25,8.6,8.9,8.6,8.9,−0.0 (−0.22%),10.59 K
Tue 08 Apr '25,8.5,9.0,8.5,9.0,+0.2 (+2.52%),63.42 K
Mon 07 Apr '25,8.7,9.0,8.6,8.7,−0.3 (−3.00%),56.73 K
Fri 04 Apr '25,9.0,9.0,9.0,9.0,+0.1 (+1.12%),50
Thu 03 Apr '25,9.0,9.0,8.7,8.9,−0.1 (−1.11%),4.65 K
Wed 02 Apr '25,9.0,9.0,8.8,9.0,+0.1 (+1.12%),11.81 K
Tue 01 Apr '25,8.8,9.0,8.6,8.9,+0.3 (+3.37%),61.91 K
Fri 28 Mar '25,9.0,9.0,8.5,8.6,−0.3 (−3.80%),107.37 K
Thu 27 Mar '25,8.7,9.0,8.7,9.0,+0.1 (+1.70%),8.05 K
Wed 26 Mar '25,9.0,9.0,8.8,8.8,−0.3 (−3.19%),74.52 K
Tue 25 Mar '25,9.0,9.1,9.0,9.1,+0.1 (+1.00%),9.65 K
Mon 24 Mar '25,8.9,9.2,8.9,9.0,+0.2 (+1.81%),33.27 K
Fri 21 Mar '25,9.0,9.2,8.8,8.8,−0.2 (−1.67%),491.51 K
Thu 20 Mar '25,9.0,9.0,8.9,9.0,0.0 (0.00%),23.11 K
Wed 19 Mar '25,8.8,9.0,8.8,9.0,+0.1 (+1.24%),21.98 K
Tue 18 Mar '25,9.2,9.2,8.8,8.9,−0.3 (−2.95%),25.55 K
Mon 17 Mar '25,9.2,9.2,9.1,9.2,0.0 (0.00%),25.07 K
Fri 14 Mar '25,8.9,9.2,8.8,9.2,+0.1 (+0.55%),747.94 K
Wed 12 Mar '25,9.1,9.1,8.9,9.1,+0.2 (+1.68%),8.24 K
Tue 11 Mar '25,9.3,9.3,8.9,9.0,+0.0 (+0.56%),83.2 K
Mon 10 Mar '25,9.5,9.5,8.9,8.9,−0.4 (−4.30%),41.25 K
Fri 07 Mar '25,9.0,9.3,9.0,9.3,+0.2 (+2.20%),49.56 K
Thu 06 Mar '25,9.2,9.2,9.0,9.1,−0.1 (−1.09%),1.48 M
Wed 05 Mar '25,9.4,9.4,9.0,9.2,+0.2 (+2.22%),710.6 K
Tue 04 Mar '25,9.4,9.4,9.0,9.0,−0.2 (−1.64%),386.35 K
Mon 03 Mar '25,9.8,9.8,9.2,9.2,−0.1 (−1.08%),607.67 K
Fri 28 Feb '25,9.5,9.5,9.3,9.3,−0.3 (−2.63%),350.35 K
Thu 27 Feb '25,9.5,9.5,9.3,9.5,0.0 (0.00%),205.92 K
Tue 25 Feb '25,9.5,9.5,9.3,9.5,0.0 (0.00%),270.34 K
Mon 24 Feb '25,9.5,9.8,9.4,9.5,0.0 (0.00%),122.46 K
Fri 21 Feb '25,9.9,9.9,9.4,9.5,+0.0 (+0.32%),795.34 K
Thu 20 Feb '25,9.5,9.9,9.5,9.5,+0.0 (+0.42%),366.59 K
Wed 19 Feb '25,10.0,10.0,9.4,9.4,−0.5 (−4.55%),734.98 K
Tue 18 Feb '25,9.6,10.2,9.6,9.9,−0.1 (−1.20%),25.01 K
Mon 17 Feb '25,9.7,10.2,9.7,10.0,+0.3 (+3.63%),425.97 K
Fri 14 Feb '25,9.6,9.8,9.5,9.7,+0.1 (+0.52%),3.15 M
Thu 13 Feb '25,9.7,9.7,9.5,9.6,0.0 (0.00%),199.78 K
Tue 11 Feb '25,10.0,10.0,9.4,9.6,−0.3 (−3.52%),215.1 K
Mon 10 Feb '25,9.7,10.0,9.7,10.0,−0.1 (−0.50%),2.36 K
Fri 07 Feb '25,10.2,10.2,9.7,10.0,+0.4 (+4.17%),30.5 K
Thu 06 Feb '25,9.6,10.2,9.4,9.6,0.0 (0.00%),263.19 K
Wed 05 Feb '25,10.5,10.5,9.6,9.6,−0.8 (−8.13%),436.44 K
Mon 03 Feb '25,10.3,10.5,10.1,10.5,+0.5 (+5.56%),1.57 M
Fri 31 Jan '25,9.9,9.9,9.9,9.9,+0.1 (+0.51%),14.04 K
Thu 30 Jan '25,10.2,10.2,9.8,9.9,−0.2 (−1.99%),252.92 K
Wed 29 Jan '25,10.0,10.2,10.0,10.1,+0.2 (+1.52%),166.95 K
Tue 28 Jan '25,10.0,10.6,9.9,9.9,−0.1 (−0.80%),1.73 M
Mon 27 Jan '25,9.6,10.0,9.6,10.0,+0.4 (+3.96%),548.86 K
Fri 24 Jan '25,9.5,9.9,9.5,9.6,+0.1 (+0.84%),261.07 K
Thu 23 Jan '25,9.7,9.9,9.3,9.5,−0.2 (−1.55%),413.48 K
Wed 22 Jan '25,9.6,10.0,9.6,9.7,−0.3 (−3.11%),564.77 K
Tue 21 Jan '25,9.6,10.0,9.6,10.0,+0.3 (+3.21%),197.28 K
Mon 20 Jan '25,10.0,10.0,9.6,9.7,−0.2 (−2.13%),24.8 K
Fri 17 Jan '25,10.0,10.0,9.2,9.9,−0.1 (−0.80%),227.66 K
Thu 16 Jan '25,10.1,10.1,10.0,10.0,−0.1 (−1.39%),90.31 K
Wed 15 Jan '25,10.2,10.4,9.9,10.1,0.0 (0.00%),321.24 K
Fri 10 Jan '25,10.2,10.2,9.8,10.1,0.0 (0.00%),127.2 K
Thu 09 Jan '25,10.1,10.3,10.1,10.1,−0.1 (−0.74%),344.08 K
Wed 08 Jan '25,9.9,10.4,9.7,10.2,+0.3 (+2.78%),1.28 M
Tue 07 Jan '25,9.3,9.9,9.2,9.9,+0.6 (+6.45%),2.23 M
Mon 06 Jan '25,9.4,9.6,9.1,9.3,+0.1 (+0.54%),208.1 K
Fri 03 Jan '25,9.3,9.6,9.2,9.3,−0.1 (−0.54%),377.23 K
Thu 02 Jan '25,9.3,9.5,9.3,9.3,−0.2 (−2.00%),232.06 K
Tue 31 Dec '24,9.3,9.6,9.3,9.5,+0.1 (+0.96%),133.19 K
Mon 30 Dec '24,9.4,9.5,9.3,9.4,−0.0 (−0.21%),600.2 K
Fri 27 Dec '24,9.4,9.4,9.2,9.4,+0.1 (+0.64%),298.17 K
Thu 26 Dec '24,9.4,9.5,9.4,9.4,−0.1 (−1.47%),1.22 M
Tue 24 Dec '24,9.6,9.6,9.2,9.5,−0.0 (−0.21%),310.38 K
Mon 23 Dec '24,9.6,9.6,9.3,9.5,+0.0 (+0.32%),1.65 M
Fri 20 Dec '24,9.8,9.8,9.4,9.5,−0.2 (−2.47%),1.1 M
Thu 19 Dec '24,9.5,10.0,9.5,9.7,+0.5 (+5.76%),5.76 M
Wed 18 Dec '24,7.9,9.5,7.8,9.2,+1.4 (+17.50%),5.39 M
Tue 17 Dec '24,8.1,8.1,7.8,7.8,−0.3 (−3.33%),403.91 K
Mon 16 Dec '24,8.1,8.3,8.0,8.1,−0.1 (−0.61%),189.57 K
Fri 13 Dec '24,8.3,8.3,8.1,8.2,−0.2 (−1.81%),129.76 K
Thu 12 Dec '24,8.4,8.4,8.2,8.3,−0.0 (−0.60%),177.85 K
Wed 11 Dec '24,8.3,8.4,8.2,8.4,0.0 (0.00%),167.86 K
Tue 10 Dec '24,8.3,8.4,8.3,8.4,+0.0 (+0.60%),164.36 K
Mon 09 Dec '24,8.4,8.4,8.3,8.3,−0.1 (−1.19%),161.76 K
Fri 06 Dec '24,8.5,8.5,8.4,8.4,0.0 (0.00%),747.83 K
Thu 05 Dec '24,8.4,8.5,8.4,8.4,0.0 (0.00%),616.7 K
Wed 04 Dec '24,8.5,8.5,8.3,8.4,−0.0 (−0.59%),227.8 K
Tue 03 Dec '24,8.1,8.9,8.1,8.5,+0.3 (+4.32%),3.24 M
Mon 02 Dec '24,8.0,8.1,7.7,8.1,+0.1 (+1.25%),698.13 K
Fri 29 Nov '24,7.7,8.0,7.7,8.0,+0.3 (+3.90%),155.07 K
Thu 28 Nov '24,8.0,8.0,7.7,7.7,−0.3 (−3.63%),85.29 K
Wed 27 Nov '24,8.0,8.0,7.8,8.0,+0.3 (+3.77%),338.97 K
Tue 26 Nov '24,7.6,8.0,7.6,7.7,−0.1 (−1.91%),537.24 K
Mon 25 Nov '24,8.0,8.0,7.6,7.9,−0.2 (−2.12%),48.68 K
Fri 22 Nov '24,8.4,8.4,8.0,8.0,−0.2 (−2.20%),59.18 K
Thu 21 Nov '24,8.4,8.5,8.0,8.2,−0.1 (−1.20%),222.14 K
Wed 20 Nov '24,8.4,8.4,8.1,8.3,+0.1 (+1.72%),91.69 K
Tue 19 Nov '24,8.0,8.4,7.8,8.2,+0.2 (+2.00%),409.42 K
Mon 18 Nov '24,8.0,8.1,7.6,8.0,0.0 (0.00%),4.2 M
Thu 14 Nov '24,7.3,8.0,7.3,8.0,+0.7 (+9.74%),400.17 K
Wed 13 Nov '24,7.0,7.3,7.0,7.3,+0.3 (+4.14%),93.89 K
Tue 12 Nov '24,7.0,7.1,7.0,7.0,+0.0 (+0.72%),51.56 K
Mon 11 Nov '24,7.0,7.0,6.8,7.0,+0.1 (+1.76%),39.9 K
Fri 08 Nov '24,6.8,7.0,6.8,6.8,+0.1 (+0.89%),30.01 K
Thu 07 Nov '24,6.8,6.9,6.8,6.8,−0.1 (−1.17%),34.31 K
Wed 06 Nov '24,6.9,6.9,6.8,6.9,−0.0 (−0.15%),263.66 K
Tue 05 Nov '24,7.0,7.0,6.9,6.9,+0.1 (+0.88%),382.97 K
Mon 04 Nov '24,6.8,7.0,6.8,6.8,−0.0 (−0.73%),30.49 K
Fri 01 Nov '24,7.0,7.0,6.9,6.9,−0.2 (−2.14%),6.65 K
Wed 30 Oct '24,7.0,7.0,6.9,7.0,0.0 (0.00%),258.54 K
Tue 29 Oct '24,7.1,7.1,6.8,7.0,+0.2 (+2.94%),177.66 K
Mon 28 Oct '24,7.1,7.1,6.8,6.8,−0.2 (−2.86%),1.32 K
Fri 25 Oct '24,7.1,7.2,7.0,7.0,−0.0 (−0.14%),22.42 K
Thu 24 Oct '24,7.0,7.0,7.0,7.0,+0.2 (+3.09%),174.66 K
Wed 23 Oct '24,7.0,7.0,6.7,6.8,+0.1 (+2.26%),57.42 K
Tue 22 Oct '24,7.0,7.0,6.7,6.7,−0.3 (−5.00%),48.62 K
Mon 21 Oct '24,7.0,7.0,7.0,7.0,+0.0 (+0.43%),607.8 K
Fri 18 Oct '24,7.0,7.0,6.9,7.0,+0.1 (+1.01%),7.76 K
Wed 16 Oct '24,7.2,7.2,6.9,6.9,−0.2 (−2.82%),203.64 K
Tue 15 Oct '24,7.2,7.2,6.8,7.1,−0.1 (−1.80%),40.77 K
Mon 14 Oct '24,7.2,7.2,7.2,7.2,+0.2 (+3.29%),101.31 K
Fri 11 Oct '24,6.6,7.2,6.6,7.0,+0.3 (+5.11%),3.08 M
Thu 10 Oct '24,6.8,6.8,6.5,6.7,−0.1 (−2.06%),17.37 K
Wed 09 Oct '24,6.7,7.0,6.6,6.8,+0.1 (+1.64%),665.23 K
Tue 08 Oct '24,6.4,6.8,6.4,6.7,+0.3 (+5.35%),943.47 K
Mon 07 Oct '24,6.2,6.4,6.2,6.4,+0.2 (+3.25%),144.6 K
Fri 04 Oct '24,6.3,6.3,6.1,6.2,−0.1 (−1.60%),540.35 K
Thu 03 Oct '24,6.4,6.4,6.2,6.3,0.0 (0.00%),3.93 K
Wed 02 Oct '24,6.3,6.3,6.3,6.3,+0.2 (+3.99%),20.17 K
Tue 01 Oct '24,6.4,6.4,6.0,6.0,−0.1 (−2.28%),282.72 K
Mon 30 Sep '24,6.5,6.5,5.2,6.2,−0.3 (−5.38%),49.86 M
Fri 27 Sep '24,6.9,6.9,6.5,6.5,−0.3 (−5.11%),6.8 K
Thu 26 Sep '24,6.7,6.9,6.4,6.9,+0.0 (+0.74%),146.88 K
Wed 25 Sep '24,6.8,6.8,6.8,6.8,+0.4 (+6.25%),50
Tue 24 Sep '24,6.7,6.7,6.4,6.4,−0.3 (−4.76%),4 K
Mon 23 Sep '24,6.8,6.8,6.7,6.7,−0.1 (−1.18%),180
Fri 20 Sep '24,6.8,6.8,6.8,6.8,0.0 (0.00%),23.41 K
Thu 19 Sep '24,6.5,6.8,6.5,6.8,0.0 (0.00%),10.36 K
Fri 13 Sep '24,6.6,6.8,6.6,6.8,+0.1 (+1.49%),11.87 K
Thu 12 Sep '24,6.7,6.7,6.7,6.7,+0.3 (+4.69%),3.5 K
Wed 11 Sep '24,6.5,6.5,6.4,6.4,−0.1 (−1.69%),600
Tue 10 Sep '24,6.7,6.7,6.5,6.5,−0.1 (−1.96%),530
Mon 09 Sep '24,6.7,6.7,6.6,6.6,+0.1 (+2.15%),320
Fri 06 Sep '24,6.5,6.7,6.5,6.5,0.0 (0.00%),75.71 K
Thu 05 Sep '24,6.7,6.7,6.5,6.5,+0.3 (+5.35%),110
Wed 04 Sep '24,6.7,6.7,6.2,6.2,−0.3 (−5.08%),280
Tue 03 Sep '24,6.4,6.8,6.0,6.5,−0.3 (−4.41%),5.26 K
Mon 02 Sep '24,7.0,7.4,6.5,6.8,−0.2 (−2.86%),8.47 K
Fri 30 Aug '24,7.5,7.5,7.0,7.0,+0.1 (+1.89%),1.31 K
Thu 29 Aug '24,7.5,7.5,6.9,6.9,−0.4 (−5.11%),1.43 K
Wed 28 Aug '24,6.9,7.2,6.9,7.2,+0.4 (+6.47%),40
Mon 26 Aug '24,7.1,7.1,6.8,6.8,−0.2 (−3.00%),76.73 K
Thu 22 Aug '24,7.0,7.0,7.0,7.0,−0.4 (−5.27%),13.47 K
Wed 21 Aug '24,7.4,7.4,7.4,7.4,+0.3 (+3.50%),270
Tue 20 Aug '24,7.2,7.2,7.2,7.2,−0.0 (−0.14%),39.48 K
Fri 16 Aug '24,7.2,7.2,7.2,7.2,0.0 (0.00%),104.22 K
Thu 15 Aug '24,7.1,7.2,7.0,7.2,0.0 (0.00%),10.02 K
Wed 14 Aug '24,7.1,7.2,7.1,7.2,0.0 (0.00%),8.69 K
Tue 13 Aug '24,7.2,7.2,7.2,7.2,−0.0 (−0.14%),5.66 K
Mon 12 Aug '24,7.2,7.2,7.2,7.2,+0.0 (+0.14%),1.36 K
Fri 09 Aug '24,7.2,7.2,7.2,7.2,0.0 (0.00%),10
Thu 08 Aug '24,7.2,7.5,7.2,7.2,+0.0 (+0.14%),2 K
Tue 06 Aug '24,7.2,7.2,7.2,7.2,0.0 (0.00%),15.75 K
Mon 05 Aug '24,7.2,7.2,7.2,7.2,0.0 (0.00%),18.85 K
Fri 02 Aug '24,7.2,7.2,7.2,7.2,−0.0 (−0.69%),2.1 K
Thu 01 Aug '24,7.2,7.2,7.2,7.2,0.0 (0.00%),9.88 K
Wed 31 Jul '24,7.3,7.3,7.2,7.2,+0.0 (+0.70%),300
Tue 30 Jul '24,7.2,7.2,7.2,7.2,−0.0 (−0.69%),21.5 K
Mon 29 Jul '24,7.5,7.5,7.2,7.2,+0.0 (+0.70%),1.1 K
Fri 26 Jul '24,7.2,7.2,7.2,7.2,−0.3 (−4.67%),4.94 K
Thu 25 Jul '24,7.5,7.5,7.5,7.5,+0.4 (+5.63%),1.58 K
Wed 24 Jul '24,7.1,7.1,7.1,7.1,−0.5 (−6.08%),245 K
Tue 23 Jul '24,7.6,7.6,7.6,7.6,+0.6 (+9.09%),340
Mon 22 Jul '24,7.6,7.6,6.9,6.9,−0.1 (−1.84%),31.15 K
Thu 18 Jul '24,7.6,7.6,7.1,7.1,−0.2 (−3.29%),50.14 K
Wed 17 Jul '24,7.3,7.3,7.3,7.3,0.0 (0.00%),640
Tue 16 Jul '24,7.3,7.3,7.3,7.3,+0.0 (+0.69%),220
Fri 12 Jul '24,7.3,7.3,7.0,7.3,−0.6 (−7.64%),200 K
Thu 11 Jul '24,7.6,7.9,7.6,7.9,+0.3 (+3.29%),52.65 K
Wed 10 Jul '24,7.6,7.6,7.6,7.6,0.0 (0.00%),20.55 K
Tue 09 Jul '24,7.6,7.6,7.6,7.6,0.0 (0.00%),20
Mon 08 Jul '24,7.6,7.9,7.6,7.6,−0.4 (−4.40%),5.63 K
Fri 05 Jul '24,7.6,8.0,7.6,8.0,−0.0 (−0.13%),1.83 K
Thu 04 Jul '24,7.6,8.0,7.6,8.0,0.0 (0.00%),950
Wed 03 Jul '24,7.8,8.0,7.6,8.0,+0.2 (+2.05%),12.03 K
Tue 02 Jul '24,7.6,8.0,7.6,7.8,−0.1 (−1.14%),7.02 K
Mon 01 Jul '24,7.7,7.9,7.6,7.9,−0.0 (−0.63%),18.2 K
Fri 28 Jun '24,7.9,7.9,7.9,7.9,+0.1 (+1.15%),49.66 K
Thu 27 Jun '24,7.9,7.9,7.7,7.9,−0.1 (−1.13%),4.78 K
Wed 26 Jun '24,7.9,7.9,7.9,7.9,+0.0 (+0.51%),750
Tue 25 Jun '24,8.2,8.2,7.9,7.9,+0.2 (+3.13%),1.05 K
Mon 24 Jun '24,8.2,8.2,7.7,7.7,−0.5 (−6.47%),4.42 K
Thu 20 Jun '24,7.7,8.2,7.7,8.2,+0.4 (+5.13%),267.57 K
Wed 19 Jun '24,7.5,7.8,7.5,7.8,+0.2 (+3.04%),52.77 K
Tue 18 Jun '24,7.6,8.0,7.6,7.6,−0.0 (−0.53%),25.78 K
Fri 14 Jun '24,7.5,7.6,7.5,7.6,+0.5 (+7.04%),745.06 K
Thu 13 Jun '24,7.4,7.4,7.1,7.1,0.0 (0.00%),2.15 K
Wed 12 Jun '24,7.3,7.4,7.1,7.1,−0.2 (−2.74%),23.63 K
Tue 11 Jun '24,7.1,7.3,7.1,7.3,+0.2 (+2.82%),108.7 K
Mon 10 Jun '24,7.1,7.2,7.1,7.1,0.0 (0.00%),7 K
Fri 07 Jun '24,7.2,7.2,7.1,7.1,−0.1 (−1.39%),25.35 K
Thu 06 Jun '24,7.2,7.2,7.2,7.2,0.0 (0.00%),135.24 K
Wed 05 Jun '24,7.3,7.3,7.2,7.2,0.0 (0.00%),270
Tue 04 Jun '24,7.1,7.2,7.1,7.2,+0.1 (+1.55%),50.2 K
Mon 03 Jun '24,7.1,7.1,7.1,7.1,−0.1 (−2.07%),6.97 K
Fri 31 May '24,7.0,7.2,7.0,7.2,+0.2 (+3.13%),710
Thu 30 May '24,7.0,7.4,6.8,7.0,+0.0 (+0.29%),29.5 K
Wed 29 May '24,7.2,7.2,7.0,7.0,−0.5 (−6.04%),500
Tue 28 May '24,7.5,7.5,7.5,7.5,−0.0 (−0.40%),2.38 K
Mon 27 May '24,7.2,7.5,7.2,7.5,+0.4 (+5.35%),8.45 K
Wed 22 May '24,7.2,7.2,7.0,7.1,−0.1 (−1.39%),25.3 K
Tue 21 May '24,7.3,7.3,7.0,7.2,+0.2 (+2.86%),320.15 K
Mon 20 May '24,7.3,7.3,7.0,7.0,−0.3 (−4.37%),36.39 K
Fri 17 May '24,7.1,7.5,7.1,7.3,+0.1 (+1.67%),2.63 K
Thu 16 May '24,7.2,7.5,7.2,7.2,+0.2 (+2.42%),30.11 K
Wed 15 May '24,7.2,7.2,7.0,7.0,−0.1 (−1.13%),151.8 K
Tue 14 May '24,7.1,7.1,7.1,7.1,0.0 (0.00%),43.5 K
Mon 13 May '24,7.2,7.2,7.1,7.1,−0.1 (−1.80%),64.5 K
Fri 10 May '24,7.2,7.3,7.1,7.2,−0.1 (−1.50%),136.39 K
Thu 09 May '24,6.7,7.4,6.6,7.4,+0.6 (+8.89%),217.72 K
Wed 08 May '24,6.7,6.8,6.7,6.8,+0.3 (+4.65%),55.05 K
Tue 07 May '24,6.4,6.5,6.4,6.5,−0.1 (−2.12%),202.94 K
Mon 06 May '24,6.6,6.7,6.4,6.6,−0.0 (−0.15%),140.65 K
Fri 03 May '24,6.6,6.6,6.5,6.6,+0.0 (+0.76%),17.62 K
Thu 02 May '24,6.6,6.7,6.4,6.6,+0.2 (+2.99%),157.76 K
Tue 30 Apr '24,6.6,6.6,6.4,6.4,+0.0 (+0.16%),27.4 K
Mon 29 Apr '24,6.6,6.6,6.4,6.4,−0.1 (−0.78%),130.67 K
Fri 26 Apr '24,6.4,6.6,6.4,6.4,+0.2 (+3.23%),430.29 K
Thu 25 Apr '24,6.4,6.4,6.2,6.2,−0.0 (−0.80%),350.45 K
Wed 24 Apr '24,6.4,6.4,6.2,6.3,−0.1 (−1.88%),74.68 K
Mon 22 Apr '24,6.0,6.4,6.0,6.4,+0.3 (+4.43%),524.16 K
Fri 19 Apr '24,6.0,6.2,6.0,6.1,+0.1 (+1.33%),3.6 K
Thu 18 Apr '24,6.0,6.0,6.0,6.0,+0.0 (+0.17%),10
Wed 17 Apr '24,6.1,6.1,6.0,6.0,−0.4 (−5.80%),51.87 K
Tue 16 Apr '24,6.4,6.4,6.4,6.4,+0.5 (+9.06%),5.55 K
Mon 15 Apr '24,6.0,6.0,5.9,5.9,−0.4 (−5.65%),1.03 K
Wed 10 Apr '24,5.8,6.2,5.8,6.2,+0.2 (+3.85%),28.02 K
Tue 09 Apr '24,5.9,6.0,5.8,6.0,−0.0 (−0.33%),435.7 K
Mon 08 Apr '24,6.0,6.0,5.9,6.0,+0.1 (+2.39%),50.93 K
Fri 05 Apr '24,5.8,5.9,5.8,5.9,+0.0 (+0.86%),66.06 K
Thu 04 Apr '24,5.9,5.9,5.8,5.8,0.0 (0.00%),35.49 K
Wed 03 Apr '24,6.0,6.0,5.8,5.8,−0.2 (−3.33%),55.03 K
Tue 02 Apr '24,6.0,6.0,5.8,6.0,0.0 (0.00%),169.63 K
Mon 01 Apr '24,6.0,6.0,6.0,6.0,+0.1 (+1.69%),4.86 K
Thu 28 Mar '24,6.0,6.0,5.8,5.9,+0.1 (+1.03%),59.34 K
Wed 27 Mar '24,6.0,6.0,5.8,5.8,+0.0 (+0.17%),126.15 K
Tue 26 Mar '24,6.0,6.0,5.8,5.8,−0.4 (−5.97%),8.32 K
Fri 22 Mar '24,6.0,6.2,6.0,6.2,+0.2 (+3.33%),16.55 K
Thu 21 Mar '24,6.0,6.0,6.0,6.0,−0.1 (−1.64%),2.18 K
Wed 20 Mar '24,6.1,6.2,6.0,6.1,−0.3 (−4.69%),26.33 K
Tue 19 Mar '24,6.4,6.4,6.4,6.4,0.0 (0.00%),30
Mon 18 Mar '24,6.2,6.4,6.2,6.4,+0.3 (+4.92%),6 K
Fri 15 Mar '24,6.1,6.1,6.1,6.1,−0.3 (−4.69%),480
Thu 14 Mar '24,6.4,6.4,6.4,6.4,+0.0 (+0.16%),2.03 K
Wed 13 Mar '24,6.2,6.4,6.2,6.4,−0.0 (−0.16%),160
Tue 12 Mar '24,6.4,6.4,6.4,6.4,+0.3 (+4.92%),260
Mon 11 Mar '24,6.5,6.5,6.1,6.1,+0.1 (+1.33%),150.11 K
Thu 07 Mar '24,6.1,6.2,6.0,6.0,+0.0 (+0.84%),55.81 K
Wed 06 Mar '24,6.0,6.0,6.0,6.0,0.0 (0.00%),72.88 K
Tue 05 Mar '24,5.8,6.0,5.8,6.0,+0.3 (+4.37%),15.25 K
Fri 01 Mar '24,6.0,6.0,5.7,5.7,+0.0 (+0.35%),270
Thu 29 Feb '24,5.7,5.7,5.7,5.7,0.0 (0.00%),102.3 K
Wed 28 Feb '24,5.8,5.8,5.7,5.7,−0.1 (−2.06%),30.74 K
Tue 27 Feb '24,5.8,5.8,5.8,5.8,−0.1 (−2.35%),1.96 K
Mon 26 Feb '24,6.0,6.0,6.0,6.0,+0.1 (+1.02%),2.8 K
Thu 22 Feb '24,5.9,6.0,5.9,5.9,−0.1 (−1.01%),11.8 K
Wed 21 Feb '24,6.0,6.0,6.0,6.0,+0.0 (+0.68%),10.7 K
Tue 20 Feb '24,5.9,5.9,5.9,5.9,0.0 (0.00%),620
Mon 19 Feb '24,6.0,6.0,5.9,5.9,−0.3 (−4.52%),2.6 K
Fri 16 Feb '24,6.2,6.2,6.2,6.2,−0.1 (−2.36%),1.7 K
Thu 15 Feb '24,6.4,6.4,6.4,6.4,+0.3 (+5.83%),3.43 K
Wed 14 Feb '24,6.1,6.1,6.0,6.0,−0.1 (−1.32%),14.86 K
Tue 13 Feb '24,6.1,6.1,6.1,6.1,0.0 (0.00%),400
Mon 12 Feb '24,6.5,6.5,6.1,6.1,+0.1 (+2.18%),3.83 K
Fri 09 Feb '24,6.0,6.0,6.0,6.0,−0.0 (−0.50%),99.2 K
Thu 08 Feb '24,5.9,6.0,5.9,6.0,−0.0 (−0.17%),15.2 K
Wed 07 Feb '24,6.0,6.0,6.0,6.0,+0.0 (+0.67%),200
Tue 06 Feb '24,6.0,6.0,6.0,6.0,+0.0 (+0.85%),400
Fri 02 Feb '24,6.0,6.0,5.9,5.9,−0.4 (−7.09%),15.75 K
Thu 01 Feb '24,6.1,6.4,6.1,6.4,+0.0 (+0.79%),520
Wed 31 Jan '24,6.1,6.3,6.1,6.3,−0.2 (−2.78%),260
Tue 30 Jan '24,6.0,6.5,6.0,6.5,+0.5 (+8.00%),35.9 K
Mon 29 Jan '24,6.0,6.0,5.9,6.0,+0.1 (+1.69%),20.35 K
Fri 26 Jan '24,6.0,6.0,5.9,5.9,−0.0 (−0.17%),25.49 K
Wed 24 Jan '24,5.9,6.3,5.9,5.9,0.0 (0.00%),179.36 K
Tue 23 Jan '24,5.9,5.9,5.9,5.9,−0.4 (−6.04%),1.01 K
Fri 19 Jan '24,5.9,6.3,5.9,6.3,+0.3 (+4.83%),37.7 K
Thu 18 Jan '24,6.0,6.0,6.0,6.0,0.0 (0.00%),610
Wed 17 Jan '24,6.1,6.1,5.8,6.0,−0.2 (−3.38%),37.9 K
Tue 16 Jan '24,6.6,6.6,6.2,6.2,−0.4 (−5.91%),3.01 K
Fri 12 Jan '24,6.6,6.6,6.6,6.6,+0.1 (+1.54%),10
Thu 11 Jan '24,6.1,6.5,6.1,6.5,+0.4 (+6.73%),510
Tue 09 Jan '24,6.2,6.2,6.1,6.1,−0.0 (−0.49%),15.69 K
Mon 08 Jan '24,6.1,6.9,6.1,6.1,−0.8 (−12.20%),24.96 K
Fri 05 Jan '24,7.0,7.0,7.0,7.0,+1.0 (+16.17%),200
Thu 04 Jan '24,6.0,6.0,6.0,6.0,+0.1 (+1.69%),50 K
Tue 02 Jan '24,5.9,5.9,5.9,5.9,−0.1 (−2.16%),420
Fri 29 Dec '23,6.0,6.0,6.0,6.0,+0.1 (+2.20%),20
Wed 27 Dec '23,6.0,6.0,5.7,5.9,−0.1 (−1.99%),34.4 K
Fri 22 Dec '23,6.0,6.0,6.0,6.0,−0.0 (−0.50%),170
Thu 21 Dec '23,6.1,6.1,6.1,6.1,−0.0 (−0.33%),1.5 K
Mon 18 Dec '23,6.1,6.1,6.1,6.1,−0.0 (−0.16%),50
Fri 15 Dec '23,6.1,6.1,6.1,6.1,+0.1 (+1.50%),60
Thu 14 Dec '23,6.0,6.1,5.8,6.0,−0.0 (−0.17%),56.59 K
Wed 13 Dec '23,6.1,6.1,5.9,6.0,−0.4 (−6.25%),68.53 K
Tue 12 Dec '23,6.4,6.4,6.4,6.4,+0.2 (+3.23%),150
Mon 11 Dec '23,6.2,6.2,6.2,6.2,−0.1 (−1.59%),1 K
Fri 08 Dec '23,6.4,6.4,6.3,6.3,−0.1 (−2.17%),4.31 K
Thu 07 Dec '23,6.5,6.5,6.4,6.4,−0.0 (−0.16%),101.81 K
Wed 06 Dec '23,6.5,6.5,6.5,6.5,0.0 (0.00%),960
Tue 05 Dec '23,6.5,6.5,6.5,6.5,0.0 (0.00%),600
Mon 04 Dec '23,6.5,6.5,6.5,6.5,−0.3 (−4.44%),700
Fri 01 Dec '23,6.8,6.8,6.8,6.8,+0.3 (+4.01%),50
Thu 30 Nov '23,6.4,6.5,6.4,6.5,+0.1 (+1.41%),19.64 K
Wed 29 Nov '23,6.4,6.4,6.3,6.4,−0.4 (−5.74%),17.6 K
Tue 28 Nov '23,6.8,6.8,6.8,6.8,+0.1 (+1.95%),40
Mon 27 Nov '23,6.7,6.7,6.7,6.7,−0.3 (−4.86%),250
Fri 24 Nov '23,7.0,7.0,7.0,7.0,+0.3 (+4.48%),170
Thu 23 Nov '23,6.7,6.7,6.7,6.7,−0.1 (−1.47%),650
Wed 22 Nov '23,6.8,6.8,6.8,6.8,+0.3 (+4.62%),10
Tue 21 Nov '23,7.1,7.1,6.5,6.5,−0.5 (−7.14%),10.97 K
Mon 20 Nov '23,7.1,7.1,6.9,7.0,+0.1 (+1.16%),10.25 K
Thu 16 Nov '23,6.9,6.9,6.9,6.9,+0.0 (+0.14%),10 K
Tue 14 Nov '23,7.1,7.1,6.9,6.9,−0.3 (−4.03%),10.64 K
Mon 13 Nov '23,7.2,7.2,7.2,7.2,0.0 (0.00%),9.28 K
Fri 10 Nov '23,7.2,7.2,7.2,7.2,−0.2 (−2.31%),9.96 K
Wed 08 Nov '23,7.4,7.4,7.4,7.4,+0.2 (+2.36%),6.41 K
Tue 07 Nov '23,7.2,7.2,7.2,7.2,−0.2 (−2.70%),240
Mon 06 Nov '23,7.4,7.4,7.4,7.4,+0.3 (+4.08%),3.6 K
Fri 03 Nov '23,7.1,7.1,7.1,7.1,0.0 (0.00%),20
Thu 02 Nov '23,7.5,7.5,7.1,7.1,−0.3 (−3.92%),510
Wed 01 Nov '23,7.5,7.5,7.4,7.4,+0.3 (+4.23%),167.68 K
Tue 31 Oct '23,7.3,7.3,7.1,7.1,−0.0 (−0.14%),30.07 K
Mon 30 Oct '23,7.1,7.1,7.1,7.1,−0.3 (−3.53%),20
Thu 26 Oct '23,7.4,7.4,7.4,7.4,+0.1 (+1.66%),90
Wed 25 Oct '23,7.4,7.4,7.1,7.3,+0.2 (+2.11%),78.53 K
Tue 24 Oct '23,7.2,7.2,7.1,7.1,−0.4 (−4.95%),1.11 K
Mon 23 Oct '23,7.1,7.5,7.1,7.5,+0.5 (+6.56%),580
Thu 19 Oct '23,7.3,7.3,7.0,7.0,−0.5 (−6.41%),7.55 K
Wed 18 Oct '23,7.5,7.5,7.5,7.5,+0.2 (+2.60%),2.5 K
Tue 17 Oct '23,7.3,7.3,7.3,7.3,−0.1 (−1.35%),9 K
Mon 16 Oct '23,7.4,7.4,7.4,7.4,0.0 (0.00%),50.15 K
Fri 13 Oct '23,7.4,7.4,7.3,7.4,+0.4 (+5.56%),37.05 K
Thu 12 Oct '23,7.3,7.3,7.0,7.0,−0.6 (−7.76%),8.92 K
Fri 06 Oct '23,7.3,7.6,7.3,7.6,+0.1 (+1.33%),15.08 K
Thu 05 Oct '23,7.4,7.6,7.4,7.5,−0.0 (−0.13%),16.94 K
Mon 02 Oct '23,7.6,7.6,7.5,7.5,−0.1 (−1.18%),4.5 K
Wed 27 Sep '23,7.6,7.6,7.6,7.6,+0.3 (+4.11%),1.29 K
Tue 26 Sep '23,7.3,7.3,7.3,7.3,−0.1 (−0.82%),2 K
Fri 22 Sep '23,7.4,7.4,7.4,7.4,0.0 (0.00%),230
Thu 21 Sep '23,7.4,7.4,7.4,7.4,+0.2 (+2.79%),2.01 K
Wed 20 Sep '23,7.2,7.2,7.2,7.2,−0.2 (−2.72%),300
Mon 18 Sep '23,7.5,7.6,7.4,7.4,−0.2 (−2.52%),21.01 K
Fri 15 Sep '23,7.4,7.6,7.4,7.6,−0.0 (−0.40%),22.03 K
Thu 14 Sep '23,7.6,7.6,7.6,7.6,−0.0 (−0.26%),3 K
Tue 12 Sep '23,7.7,7.7,7.4,7.6,+0.2 (+2.43%),52.78 K
Mon 11 Sep '23,7.4,7.7,7.4,7.4,−0.2 (−2.37%),31.37 K
Fri 08 Sep '23,7.6,7.6,7.6,7.6,+0.2 (+2.70%),100.5 K
Thu 07 Sep '23,7.5,7.5,7.4,7.4,−0.1 (−1.33%),34.81 K
Wed 06 Sep '23,7.4,7.5,7.4,7.5,+0.1 (+1.21%),38.95 K
Tue 05 Sep '23,7.7,7.7,7.4,7.4,+0.0 (+0.68%),13.4 K
Mon 04 Sep '23,7.4,7.7,7.3,7.4,−0.3 (−3.54%),8.99 K
Fri 01 Sep '23,7.6,7.7,7.6,7.6,+0.1 (+1.33%),75.85 K
Thu 31 Aug '23,7.5,7.5,7.4,7.5,−0.0 (−0.66%),28.85 K
Tue 29 Aug '23,7.5,7.6,7.4,7.6,+0.1 (+1.88%),25.15 K
Mon 28 Aug '23,7.4,7.4,7.4,7.4,+0.1 (+1.22%),142.07 K
Fri 25 Aug '23,7.4,7.4,7.4,7.4,−0.1 (−0.68%),10
Thu 24 Aug '23,7.9,8.0,7.4,7.4,−0.2 (−2.25%),83.58 K
Wed 23 Aug '23,7.4,7.9,7.4,7.6,−0.3 (−4.06%),175.48 K
Tue 22 Aug '23,7.9,8.0,7.7,7.9,+0.0 (+0.51%),101.85 K
Mon 21 Aug '23,7.3,7.9,7.1,7.9,+0.5 (+6.80%),345.31 K
Fri 18 Aug '23,7.2,7.4,7.0,7.4,−0.1 (−0.81%),100.18 K
Thu 17 Aug '23,7.4,7.6,7.2,7.4,+0.1 (+0.82%),138.4 K
Wed 16 Aug '23,7.0,7.4,7.0,7.4,+0.3 (+4.55%),47.93 K
Tue 15 Aug '23,7.3,7.4,7.0,7.0,+0.0 (+0.43%),170.7 K
Mon 14 Aug '23,6.4,7.4,6.4,7.0,+0.8 (+12.90%),896.49 K
Fri 11 Aug '23,6.2,6.2,6.2,6.2,+0.2 (+4.03%),8.36 K
Thu 10 Aug '23,6.2,6.2,6.0,6.0,−0.1 (−2.30%),22.66 K
Wed 09 Aug '23,6.0,6.1,6.0,6.1,−0.3 (−4.69%),59.59 K
Tue 08 Aug '23,6.2,6.5,6.0,6.4,+0.4 (+6.67%),124.29 K
Mon 07 Aug '23,6.2,6.2,6.0,6.0,−0.0 (−0.83%),43.06 K
Fri 04 Aug '23,6.0,6.2,5.9,6.1,+0.0 (+0.83%),182.25 K
Thu 03 Aug '23,6.0,6.0,6.0,6.0,0.0 (0.00%),46.46 K
Wed 02 Aug '23,5.9,6.0,5.9,6.0,+0.1 (+1.35%),68.38 K
Mon 31 Jul '23,5.8,6.0,5.8,5.9,+0.1 (+1.54%),274.77 K
Fri 28 Jul '23,5.9,6.0,5.8,5.8,−0.2 (−2.51%),83.66 K
Thu 27 Jul '23,5.7,6.0,5.7,6.0,+0.3 (+5.10%),122.21 K
Wed 26 Jul '23,5.7,5.8,5.7,5.7,−0.0 (−0.18%),24.44 K
Tue 25 Jul '23,5.7,5.7,5.6,5.7,0.0 (0.00%),33.8 K
Mon 24 Jul '23,5.6,5.7,5.5,5.7,−0.1 (−1.72%),62.08 K
Fri 21 Jul '23,5.7,5.9,5.6,5.8,+0.1 (+2.65%),86.77 K
Thu 20 Jul '23,5.7,5.7,5.7,5.7,0.0 (0.00%),10 K
Wed 19 Jul '23,5.7,5.7,5.6,5.7,+0.1 (+0.89%),26.04 K
Tue 18 Jul '23,5.6,5.7,5.5,5.6,−0.0 (−0.36%),40.87 K
Mon 17 Jul '23,5.7,5.7,5.6,5.6,+0.0 (+0.36%),95.63 K
Fri 14 Jul '23,5.8,5.8,5.6,5.6,−0.2 (−3.11%),98.8 K
Thu 13 Jul '23,5.8,5.8,5.6,5.8,+0.2 (+3.21%),12.82 K
Wed 12 Jul '23,5.8,5.8,5.5,5.6,−0.2 (−3.11%),59.27 K
Tue 11 Jul '23,5.5,5.8,5.5,5.8,+0.2 (+4.14%),4.36 K
Mon 10 Jul '23,5.5,5.7,5.5,5.6,−0.1 (−2.46%),26.63 K
Fri 07 Jul '23,5.5,5.7,5.5,5.7,+0.2 (+2.71%),56.09 K
Thu 06 Jul '23,5.5,5.5,5.5,5.5,−0.1 (−1.07%),590
Wed 05 Jul '23,5.7,5.7,5.6,5.6,−0.1 (−0.88%),86.04 K
Tue 04 Jul '23,5.7,5.7,5.7,5.7,+0.2 (+3.67%),3.16 K
Wed 28 Jun '23,5.4,5.5,5.4,5.5,+0.1 (+1.68%),2.1 K
Tue 27 Jun '23,5.5,5.5,5.4,5.4,−0.1 (−1.65%),3.06 K
Mon 26 Jun '23,5.5,5.5,5.5,5.5,0.0 (0.00%),1.7 K
Fri 23 Jun '23,5.7,5.7,5.5,5.5,−0.1 (−2.50%),10.05 K
Thu 22 Jun '23,5.6,5.6,5.6,5.6,+0.1 (+2.57%),540
Wed 21 Jun '23,5.5,5.5,5.5,5.5,−0.1 (−2.33%),2.57 K
Tue 20 Jun '23,5.7,5.7,5.2,5.6,+0.3 (+5.28%),25.14 K
Mon 19 Jun '23,5.6,5.6,5.3,5.3,+0.0 (+0.57%),55.17 K
Fri 16 Jun '23,5.3,5.3,5.3,5.3,−0.0 (−0.94%),32 K
Thu 15 Jun '23,5.5,5.7,5.3,5.3,−0.2 (−2.92%),138.36 K
Wed 14 Jun '23,5.3,5.5,5.3,5.5,+0.2 (+3.40%),53.57 K
Tue 13 Jun '23,5.4,5.4,5.3,5.3,+0.2 (+3.11%),350
Mon 12 Jun '23,5.3,5.6,5.1,5.1,−0.1 (−1.15%),11.29 K
Fri 09 Jun '23,5.4,5.4,5.2,5.2,−0.1 (−1.89%),3.11 K
Thu 08 Jun '23,5.7,5.7,5.2,5.3,−0.3 (−5.19%),31.08 K
Wed 07 Jun '23,5.5,5.7,5.5,5.6,+0.3 (+5.08%),3.34 K
Tue 06 Jun '23,5.1,5.3,5.1,5.3,+0.2 (+4.11%),37.69 K
Mon 05 Jun '23,5.5,5.5,5.1,5.1,−0.1 (−1.73%),10.05 K
Fri 02 Jun '23,5.6,5.6,5.2,5.2,−0.3 (−4.94%),54.71 K
Thu 01 Jun '23,5.5,5.5,5.1,5.5,−0.1 (−2.15%),16.64 K
Wed 31 May '23,5.0,5.6,5.0,5.6,0.0 (0.00%),2.03 K
Tue 30 May '23,5.1,5.6,5.1,5.6,+0.6 (+11.80%),4.25 K
Mon 29 May '23,5.3,5.3,5.0,5.0,−0.5 (−8.26%),198.92 K
Fri 26 May '23,5.5,5.5,5.2,5.5,+0.1 (+2.64%),29.73 K
Thu 25 May '23,5.5,5.5,5.3,5.3,−0.2 (−3.10%),5.03 K
Tue 23 May '23,5.5,5.5,5.3,5.5,+0.2 (+4.58%),4.02 K
Mon 22 May '23,5.5,5.5,5.2,5.2,−0.5 (−7.91%),21.7 K
Fri 19 May '23,5.7,5.7,5.7,5.7,0.0 (0.00%),150
Thu 18 May '23,5.6,5.7,5.5,5.7,+0.0 (+0.35%),920
Wed 17 May '23,5.7,5.7,5.7,5.7,−0.0 (−0.53%),660
Tue 16 May '23,5.7,5.7,5.7,5.7,0.0 (0.00%),240
Mon 15 May '23,5.9,5.9,5.7,5.7,0.0 (0.00%),630
Fri 12 May '23,5.7,5.7,5.7,5.7,−0.2 (−4.04%),1.36 K
Thu 11 May '23,5.7,5.9,5.7,5.9,+0.3 (+4.39%),3.1 K
Wed 10 May '23,5.7,5.7,5.7,5.7,−0.3 (−4.21%),2.55 K
Tue 09 May '23,5.9,5.9,5.9,5.9,0.0 (0.00%),10
Mon 08 May '23,5.9,5.9,5.9,5.9,+0.1 (+2.41%),120
Thu 04 May '23,5.8,5.8,5.8,5.8,−0.2 (−3.01%),5.57 K
Wed 03 May '23,6.0,6.0,6.0,6.0,+0.2 (+2.93%),770
Tue 02 May '23,6.0,6.0,5.8,5.8,−0.2 (−3.17%),6.8 K
Fri 28 Apr '23,6.0,6.0,6.0,6.0,0.0 (0.00%),10
Thu 27 Apr '23,6.0,6.3,5.8,6.0,+0.2 (+3.09%),7.09 K
Wed 26 Apr '23,6.0,6.0,5.8,5.8,−0.2 (−3.00%),260
Mon 24 Apr '23,6.0,6.0,6.0,6.0,0.0 (0.00%),100
Fri 21 Apr '23,5.8,6.0,5.8,6.0,+0.0 (+0.33%),2.92 K
Wed 19 Apr '23,6.0,6.0,6.0,6.0,+0.2 (+2.93%),2.56 K
Tue 18 Apr '23,5.8,5.8,5.8,5.8,+0.0 (+0.17%),2.37 K
Mon 17 Apr '23,5.9,5.9,5.8,5.8,−0.0 (−0.85%),10.87 K
Tue 11 Apr '23,6.2,6.2,5.8,5.9,−0.4 (−5.65%),10.16 K
Mon 10 Apr '23,6.2,6.2,6.2,6.2,+0.2 (+3.68%),9.62 K
Thu 06 Apr '23,5.9,6.0,5.9,6.0,−0.0 (−0.17%),2.4 K
Tue 04 Apr '23,6.0,6.0,6.0,6.0,+0.1 (+1.35%),200
Mon 03 Apr '23,6.0,6.0,5.9,5.9,+0.0 (+0.17%),360
Fri 31 Mar '23,5.9,6.0,5.9,5.9,−0.0 (−0.84%),5.61 K
Thu 30 Mar '23,6.0,6.0,6.0,6.0,0.0 (0.00%),3.3 K
Wed 29 Mar '23,6.0,6.0,5.9,6.0,0.0 (0.00%),60.5 K
Tue 28 Mar '23,6.0,6.0,6.0,6.0,0.0 (0.00%),2.51 K
Mon 27 Mar '23,5.9,6.0,5.9,6.0,+0.0 (+0.17%),54.7 K
Fri 24 Mar '23,5.9,6.0,5.9,5.9,+0.2 (+3.30%),5.33 K
Thu 23 Mar '23,5.9,5.9,5.8,5.8,−0.3 (−4.17%),29.76 K
Wed 22 Mar '23,6.1,6.1,6.0,6.0,+0.0 (+0.84%),370
Tue 21 Mar '23,6.0,6.0,5.9,6.0,−0.1 (−2.46%),71.2 K
Mon 20 Mar '23,6.1,6.1,6.1,6.1,−0.1 (−1.29%),5.8 K
Fri 17 Mar '23,5.9,6.2,5.9,6.2,+0.2 (+3.17%),23.47 K
Wed 15 Mar '23,5.9,6.0,5.9,6.0,+0.1 (+1.35%),31.82 K
Tue 14 Mar '23,6.3,6.3,5.9,5.9,−0.4 (−6.19%),738.91 K
Mon 13 Mar '23,6.2,6.3,6.2,6.3,−0.1 (−1.41%),520
Fri 10 Mar '23,6.4,6.4,6.4,6.4,+0.1 (+1.59%),840
Wed 08 Mar '23,6.4,6.5,6.3,6.3,+0.1 (+0.96%),15.82 K
Tue 07 Mar '23,6.4,6.4,5.9,6.2,−0.2 (−2.66%),254.74 K
Fri 03 Mar '23,6.4,6.4,6.4,6.4,−0.0 (−0.62%),1.99 K
Thu 02 Mar '23,5.9,6.4,5.9,6.4,0.0 (0.00%),720
Tue 28 Feb '23,6.4,6.4,6.4,6.4,+0.3 (+5.57%),3 K
Mon 27 Feb '23,6.1,6.1,6.0,6.1,+0.1 (+0.99%),24.24 K
Wed 22 Feb '23,6.2,6.2,6.0,6.0,−0.4 (−5.48%),15.68 K
Tue 21 Feb '23,6.4,6.4,6.4,6.4,+0.2 (+3.06%),3 K
Mon 20 Feb '23,6.2,6.5,6.2,6.2,0.0 (0.00%),290.74 K
Fri 17 Feb '23,6.3,6.5,6.2,6.2,+0.2 (+3.33%),17.3 K
Thu 16 Feb '23,6.0,6.3,5.9,6.0,+0.2 (+2.56%),11.63 K
Wed 15 Feb '23,6.0,6.0,5.9,5.9,−0.3 (−5.49%),10.03 K
Tue 14 Feb '23,5.9,6.2,5.9,6.2,+0.0 (+0.16%),226.14 K
Mon 13 Feb '23,6.2,6.2,6.2,6.2,−0.0 (−0.16%),3.03 K
Fri 10 Feb '23,6.2,6.3,6.0,6.2,+0.2 (+3.17%),580.43 K
Thu 09 Feb '23,5.9,6.0,5.9,6.0,−0.3 (−4.76%),1.33 K
Tue 07 Feb '23,6.3,6.3,6.3,6.3,−0.1 (−1.25%),10
Mon 06 Feb '23,6.4,6.4,6.4,6.4,+0.0 (+0.31%),20
Fri 03 Feb '23,5.9,6.4,5.9,6.4,0.0 (0.00%),4.52 K
Thu 02 Feb '23,6.2,6.4,5.9,6.4,+0.3 (+5.12%),218.54 K
Wed 01 Feb '23,6.4,6.4,5.9,6.1,+0.1 (+2.54%),1.31 K
Mon 30 Jan '23,6.5,6.5,5.9,5.9,−0.6 (−9.09%),20.2 K
Fri 27 Jan '23,6.5,6.5,5.9,6.5,+0.6 (+10.00%),10.04 K
Thu 26 Jan '23,6.4,6.6,5.8,5.9,−0.6 (−8.95%),16.16 K
Wed 25 Jan '23,6.5,6.5,6.5,6.5,−0.0 (−0.31%),620
Tue 24 Jan '23,6.5,6.5,6.5,6.5,+0.1 (+1.56%),10 K
Mon 23 Jan '23,6.4,6.4,6.4,6.4,+0.1 (+1.59%),100
Fri 20 Jan '23,6.3,6.3,6.3,6.3,0.0 (0.00%),100
Wed 18 Jan '23,6.3,6.3,6.3,6.3,0.0 (0.00%),110 K
Tue 17 Jan '23,6.2,6.3,6.2,6.3,+0.5 (+8.25%),25.4 K
Fri 13 Jan '23,5.8,6.2,5.8,5.8,−0.5 (−7.62%),7.05 K
Thu 12 Jan '23,6.3,6.3,6.3,6.3,0.0 (0.00%),811 K
Wed 11 Jan '23,5.9,6.3,5.9,6.3,+0.7 (+11.90%),50.01 K
Tue 10 Jan '23,5.7,6.3,5.6,5.6,−0.1 (−2.43%),5.7 K
Mon 09 Jan '23,6.0,6.0,5.8,5.8,−0.2 (−3.83%),7.2 K
Thu 05 Jan '23,6.0,6.0,6.0,6.0,0.0 (0.00%),20
Wed 04 Jan '23,5.7,6.0,5.7,6.0,+0.0 (+0.17%),52.01 K
Mon 02 Jan '23,6.0,6.0,6.0,6.0,−0.0 (−0.17%),200
Tue 27 Dec '22,6.1,6.1,6.0,6.0,−0.1 (−1.48%),710
Fri 23 Dec '22,5.6,6.2,5.5,6.1,+0.6 (+9.93%),242.23 K
Wed 21 Dec '22,5.5,5.5,5.5,5.5,−0.5 (−7.82%),20 K
Tue 20 Dec '22,6.2,6.2,6.0,6.0,−0.2 (−3.84%),4.21 K
Mon 19 Dec '22,6.3,6.3,6.3,6.3,−0.1 (−0.95%),6.06 K
Thu 15 Dec '22,6.3,6.3,6.3,6.3,+0.0 (+0.16%),50
Wed 14 Dec '22,6.3,6.6,6.3,6.3,−0.1 (−1.56%),3.06 K
Tue 13 Dec '22,6.5,6.6,6.4,6.4,−0.1 (−1.54%),50.81 K
Mon 12 Dec '22,6.4,6.6,6.4,6.5,0.0 (0.00%),188.86 K
Thu 08 Dec '22,6.5,6.5,6.5,6.5,+0.1 (+1.56%),100
Tue 06 Dec '22,6.4,6.5,6.4,6.4,+0.4 (+6.49%),200.98 K
Thu 01 Dec '22,6.1,6.1,6.0,6.0,−0.5 (−7.40%),51.9 K
Wed 30 Nov '22,6.0,6.5,6.0,6.5,−0.0 (−0.15%),160
Tue 29 Nov '22,6.0,6.5,6.0,6.5,+0.5 (+8.33%),417.97 K
Mon 28 Nov '22,6.0,6.0,6.0,6.0,+0.2 (+3.45%),380
Thu 24 Nov '22,5.8,6.2,5.8,5.8,−0.2 (−3.17%),2.04 M
Wed 23 Nov '22,6.1,6.1,6.0,6.0,+0.7 (+13.02%),1.27 K
Tue 22 Nov '22,5.5,5.5,5.3,5.3,−0.2 (−3.64%),4.53 K
Mon 21 Nov '22,5.5,5.5,5.5,5.5,−0.0 (−0.90%),138.55 K
Thu 17 Nov '22,5.6,5.6,5.6,5.6,+0.0 (+0.18%),360
Wed 16 Nov '22,5.5,5.5,5.5,5.5,+0.1 (+2.59%),20
Tue 15 Nov '22,5.4,5.4,5.4,5.4,0.0 (0.00%),510
Mon 14 Nov '22,5.7,5.7,5.4,5.4,−0.3 (−5.26%),8.59 K
Thu 10 Nov '22,5.7,5.7,5.7,5.7,+0.2 (+3.64%),54.16 K
Wed 09 Nov '22,5.7,5.7,5.5,5.5,−0.2 (−3.51%),5.32 K
Tue 08 Nov '22,5.7,5.7,5.7,5.7,−0.0 (−0.52%),3.4 K
Thu 03 Nov '22,5.7,5.7,5.7,5.7,0.0 (0.00%),1.77 K
Wed 02 Nov '22,5.7,5.7,5.7,5.7,−0.3 (−4.34%),1.5 K
Tue 01 Nov '22,6.5,6.5,6.0,6.0,−0.1 (−1.80%),7.25 K
Thu 27 Oct '22,6.4,6.4,6.0,6.1,0.0 (0.00%),103.15 K
Tue 25 Oct '22,6.0,6.1,6.0,6.1,−0.1 (−1.29%),108.26 K
Thu 20 Oct '22,5.7,6.4,5.7,6.2,+0.5 (+8.99%),66.5 K
Wed 19 Oct '22,5.8,6.2,5.7,5.7,−0.1 (−2.24%),160.37 K
Tue 18 Oct '22,6.0,6.0,5.8,5.8,+0.4 (+7.41%),2.04 K
Thu 13 Oct '22,6.0,6.0,5.4,5.4,−0.7 (−11.48%),92.6 K
Wed 12 Oct '22,6.3,6.5,5.4,6.1,−0.1 (−1.45%),332.36 K
Tue 11 Oct '22,6.3,6.3,6.2,6.2,+0.3 (+4.92%),12.15 K
Thu 06 Oct '22,5.7,6.0,5.7,5.9,−0.1 (−1.67%),260.28 K
Wed 05 Oct '22,6.0,6.0,6.0,6.0,−0.1 (−1.64%),9.04 K
Mon 03 Oct '22,5.9,6.1,5.7,6.1,+0.2 (+3.39%),259.49 K
Thu 29 Sep '22,5.8,6.0,5.7,5.9,+0.4 (+7.27%),2.24 M
Wed 28 Sep '22,5.5,5.5,5.5,5.5,0.0 (0.00%),2.38 K
Tue 27 Sep '22,5.8,5.8,5.5,5.5,−0.3 (−5.17%),135.24 K
Mon 26 Sep '22,5.8,5.8,5.8,5.8,0.0 (0.00%),40 K
Thu 22 Sep '22,5.8,5.8,5.8,5.8,0.0 (0.00%),44.62 K
Wed 21 Sep '22,5.6,5.8,5.6,5.8,−0.0 (−0.85%),174 K
Tue 20 Sep '22,6.0,6.0,5.6,5.9,+0.1 (+1.04%),4.73 K
Mon 19 Sep '22,5.9,5.9,5.5,5.8,+0.1 (+1.40%),40.91 K
Thu 15 Sep '22,5.7,5.8,5.6,5.7,+0.3 (+5.55%),740.84 K
Wed 14 Sep '22,5.7,5.8,5.3,5.4,−0.1 (−1.81%),23.03 K
Tue 13 Sep '22,5.4,5.8,5.4,5.5,+0.1 (+2.04%),107.86 K
Mon 12 Sep '22,5.4,5.4,5.3,5.4,−0.3 (−4.42%),73.91 K
Thu 08 Sep '22,5.7,5.7,5.7,5.7,+0.2 (+3.29%),20
Wed 07 Sep '22,5.5,5.7,5.5,5.5,−0.1 (−2.32%),11.39 K
Tue 06 Sep '22,5.6,5.6,5.5,5.6,0.0 (0.00%),91.47 K
Mon 05 Sep '22,5.8,5.8,5.6,5.6,+0.1 (+1.45%),55.82 K
Thu 01 Sep '22,5.8,5.8,5.5,5.5,+0.0 (+0.36%),24.19 K
Wed 31 Aug '22,5.5,5.9,5.5,5.5,+0.0 (+0.18%),77.01 K
Tue 30 Aug '22,5.4,5.5,5.4,5.5,−0.0 (−0.18%),15.59 K
Mon 29 Aug '22,5.5,5.5,5.4,5.5,+0.5 (+10.00%),39.31 K
Thu 25 Aug '22,5.1,5.5,5.0,5.0,−0.1 (−2.34%),142.04 K
Wed 24 Aug '22,5.1,5.1,5.1,5.1,−0.3 (−6.06%),20.78 K
Tue 23 Aug '22,5.4,5.5,5.4,5.5,+0.2 (+3.02%),100
Mon 22 Aug '22,5.5,5.5,5.0,5.3,−0.2 (−2.94%),605.65 K
Thu 18 Aug '22,5.5,5.5,5.0,5.5,−0.0 (−0.55%),102.24 K
Wed 17 Aug '22,5.4,5.5,5.4,5.5,+0.0 (+0.92%),4.02 K
Tue 16 Aug '22,5.2,5.4,5.2,5.4,−0.1 (−1.27%),4.51 K
Mon 15 Aug '22,5.5,5.5,5.2,5.5,−0.5 (−7.56%),78.58 K
Tue 09 Aug '22,5.3,6.0,5.3,6.0,+0.6 (+10.59%),32.85 K
Mon 08 Aug '22,5.5,5.5,5.4,5.4,−0.1 (−2.18%),30.6 K
Thu 04 Aug '22,5.4,5.5,5.4,5.5,+0.1 (+1.85%),2.81 K
Wed 03 Aug '22,5.5,5.5,5.4,5.4,+0.0 (+0.37%),3.71 K
Tue 02 Aug '22,5.5,5.5,5.4,5.4,−0.1 (−1.28%),26.72 K
Mon 01 Aug '22,5.4,5.5,5.4,5.5,+0.0 (+0.93%),1.11 K
Thu 28 Jul '22,5.5,5.5,5.4,5.4,−0.1 (−1.64%),750
Wed 27 Jul '22,5.5,5.5,5.5,5.5,+0.1 (+2.62%),630
Tue 26 Jul '22,5.4,5.4,5.4,5.4,0.0 (0.00%),300
Mon 25 Jul '22,5.5,5.5,5.2,5.4,+0.1 (+2.29%),18.91 K
Wed 20 Jul '22,5.2,5.5,5.2,5.2,−0.3 (−4.91%),54.14 K
Tue 19 Jul '22,5.5,5.5,5.5,5.5,0.0 (0.00%),1.1 K
Mon 18 Jul '22,5.5,5.5,5.5,5.5,−0.6 (−9.69%),1.15 K
Thu 14 Jul '22,6.1,6.1,6.1,6.1,+1.0 (+20.59%),10
Mon 11 Jul '22,5.2,5.2,5.1,5.1,+0.0 (+0.80%),17.12 K
Thu 07 Jul '22,5.0,5.0,5.0,5.0,−0.2 (−3.65%),50
Wed 06 Jul '22,5.3,5.3,5.2,5.2,−0.1 (−1.89%),15.64 K
Thu 30 Jun '22,5.8,5.8,5.8,5.8,0.0 (0.00%),100
Tue 28 Jun '22,5.8,5.8,5.8,5.8,+0.5 (+8.87%),1 K
Mon 27 Jun '22,5.3,5.3,5.3,5.3,−0.3 (−5.36%),2.5 K
Thu 23 Jun '22,5.6,5.9,5.4,5.6,−0.2 (−3.28%),16.53 K
Tue 21 Jun '22,5.9,5.9,5.6,5.6,−0.2 (−4.11%),260
Thu 16 Jun '22,5.9,5.9,5.3,5.8,+0.4 (+7.04%),35.91 K
Wed 15 Jun '22,5.2,5.4,5.2,5.4,+0.1 (+1.89%),1.01 K
Thu 02 Jun '22,5.7,5.7,5.5,5.5,−0.2 (−3.51%),37.48 K
Tue 05 Jul '22,5.3,5.3,5.3,5.3,−0.5 (−8.15%),15 K
Wed 29 Jun '22,5.7,5.8,5.7,5.8,0.0 (0.00%),20
Wed 22 Jun '22,5.6,5.9,5.6,5.8,+0.2 (+3.39%),9.93 K
Mon 20 Jun '22,5.9,5.9,5.2,5.8,+0.1 (+1.04%),5.74 K
Mon 06 Jun '22,5.3,5.3,5.2,5.3,−0.2 (−3.64%),75.01 K
Wed 01 Jun '22,6.0,6.0,5.7,5.7,−0.2 (−3.39%),46.37 K
Tue 31 May '22,6.0,6.0,5.8,5.9,−0.1 (−1.67%),86.14 K
Mon 30 May '22,6.0,6.0,5.9,6.0,+0.2 (+3.45%),50.11 K
Thu 26 May '22,5.7,5.9,5.7,5.8,+0.4 (+7.41%),7.85 K
Wed 25 May '22,5.8,5.8,5.4,5.4,+0.1 (+1.31%),100.3 K
Tue 24 May '22,5.3,5.3,5.3,5.3,−0.2 (−3.27%),270
Mon 23 May '22,6.0,6.0,5.3,5.5,−0.5 (−8.17%),80.05 K
Thu 19 May '22,5.9,6.5,5.5,6.0,+0.2 (+3.45%),642.55 K
Wed 18 May '22,5.8,5.8,5.6,5.8,+0.1 (+1.75%),321.15 K
Tue 17 May '22,5.9,5.9,5.7,5.7,−0.0 (−0.70%),808.84 K
Thu 12 May '22,5.7,5.7,5.7,5.7,0.0 (0.00%),2.7 K
Wed 11 May '22,5.7,5.9,5.7,5.7,+0.2 (+4.17%),1.65 K
Thu 05 May '22,5.5,5.5,5.5,5.5,−0.5 (−8.01%),500
Wed 04 May '22,6.0,6.0,6.0,6.0,+0.1 (+1.35%),1 K
Thu 28 Apr '22,6.5,6.5,5.9,5.9,+0.1 (+1.72%),13.55 K
Wed 27 Apr '22,6.2,6.2,5.8,5.8,−0.2 (−3.17%),3.04 K
Tue 26 Apr '22,5.6,6.4,5.6,6.0,+0.5 (+9.09%),5.44 K
Mon 25 Apr '22,5.5,5.5,5.5,5.5,−0.2 (−4.18%),900
Wed 06 Apr '22,5.7,5.7,5.7,5.7,−0.7 (−11.42%),9.11 K
Tue 05 Apr '22,5.7,6.5,5.7,6.5,−0.2 (−3.28%),26.71 K
Mon 04 Apr '22,5.7,6.8,5.7,6.7,+0.5 (+7.20%),16.6 K
Wed 30 Mar '22,6.6,6.6,5.9,6.3,−0.4 (−5.59%),56.57 K
Tue 29 Mar '22,6.6,6.9,6.6,6.6,−0.2 (−2.79%),75.91 K
Mon 28 Mar '22,7.0,7.0,6.8,6.8,−0.2 (−2.71%),49.31 K
Fri 25 Mar '22,7.3,7.3,7.0,7.0,−0.3 (−4.63%),39.73 K
Thu 24 Mar '22,7.7,7.7,7.0,7.3,−0.5 (−6.97%),195.72 K
Wed 23 Mar '22,7.9,8.0,7.8,7.9,+0.1 (+1.41%),32.33 K
Tue 22 Mar '22,7.4,8.2,7.2,7.8,+0.3 (+4.01%),853.78 K
Mon 21 Mar '22,7.3,7.5,7.0,7.5,+0.2 (+2.47%),120.3 K
Fri 18 Mar '22,8.0,8.0,7.0,7.3,−0.7 (−8.75%),389.41 K
Wed 16 Mar '22,8.0,8.0,8.0,8.0,+0.2 (+1.91%),20
Tue 15 Mar '22,8.7,8.7,7.9,7.9,−0.9 (−10.69%),19.94 K
Mon 14 Mar '22,8.0,8.8,7.8,8.8,+0.8 (+9.88%),569.42 K
Thu 10 Mar '22,8.5,8.8,8.0,8.0,−0.1 (−1.23%),144.88 K
Wed 09 Mar '22,8.1,8.5,8.1,8.1,+0.1 (+1.25%),1.64 K
Tue 08 Mar '22,8.3,8.3,8.0,8.0,−0.3 (−3.03%),22.13 K
Mon 07 Mar '22,9.0,9.0,8.3,8.3,−0.7 (−8.13%),57.42 K
Fri 04 Mar '22,8.5,9.0,8.5,9.0,+0.2 (+2.05%),101.34 K
Thu 03 Mar '22,9.0,9.0,8.8,8.8,−0.2 (−2.22%),46.07 K
Wed 02 Mar '22,9.0,9.0,8.9,9.0,−0.1 (−0.99%),188.65 K
Mon 28 Feb '22,9.1,9.1,8.9,9.1,+0.2 (+2.13%),11.12 K
Fri 25 Feb '22,8.2,9.0,8.2,8.9,+0.9 (+11.25%),24.03 K
Thu 24 Feb '22,8.6,9.2,8.0,8.0,−0.9 (−10.61%),276.35 K
Wed 23 Feb '22,8.7,9.4,8.0,9.0,+0.3 (+2.87%),93.19 K
Tue 22 Feb '22,9.0,9.4,8.7,8.7,−0.8 (−8.32%),6.61 K
Fri 18 Feb '22,9.2,9.8,8.9,9.5,+0.5 (+5.44%),89.58 K
Thu 17 Feb '22,9.6,9.6,9.0,9.0,−0.6 (−6.25%),313.95 K
Tue 15 Feb '22,9.7,9.7,9.6,9.6,−0.3 (−3.52%),15.52 K
Mon 14 Feb '22,9.8,10.0,9.6,10.0,−0.0 (−0.40%),8.23 K
Fri 11 Feb '22,9.6,10.0,9.6,10.0,+0.6 (+5.83%),83.2 K
Wed 09 Feb '22,9.6,9.9,9.4,9.4,−0.2 (−1.67%),55.7 K
Tue 08 Feb '22,9.9,9.9,9.5,9.6,−0.3 (−3.52%),57.18 K
Mon 07 Feb '22,9.6,10.1,9.6,10.0,+0.5 (+5.63%),877.28 K
Thu 03 Feb '22,9.9,10.0,9.4,9.4,−0.5 (−4.66%),426.92 K
Wed 02 Feb '22,9.8,10.0,9.6,9.9,−0.1 (−1.10%),62.04 K
Tue 01 Feb '22,9.8,10.0,9.7,10.0,−0.2 (−2.06%),1.59 M
Mon 31 Jan '22,9.3,10.4,9.3,10.2,+0.3 (+3.13%),109.6 K
Fri 28 Jan '22,9.1,9.9,9.1,9.9,+0.4 (+4.11%),43.19 K
Thu 27 Jan '22,9.9,9.9,9.0,9.5,−0.5 (−4.71%),105.1 K
Wed 26 Jan '22,10.1,10.1,9.5,10.0,+0.2 (+1.73%),20.22 K
Tue 25 Jan '22,10.4,10.4,9.8,9.8,−0.5 (−4.62%),730.51 K
Mon 24 Jan '22,9.7,10.6,9.6,10.3,+0.5 (+4.85%),4.62 M
Fri 21 Jan '22,9.8,9.9,9.7,9.8,0.0 (0.00%),203.62 K
Thu 20 Jan '22,10.0,10.0,9.8,9.8,−0.2 (−1.90%),66.45 K
Wed 19 Jan '22,9.9,10.0,9.5,10.0,+0.4 (+4.06%),568.93 K
Tue 18 Jan '22,9.7,9.7,9.5,9.6,−0.1 (−0.93%),105.35 K
Thu 13 Jan '22,9.6,10.0,9.3,9.7,+0.1 (+1.36%),180.98 K
Wed 12 Jan '22,9.6,10.0,9.5,9.6,−0.4 (−4.40%),73.45 K
Tue 11 Jan '22,9.9,10.0,9.7,10.0,+0.3 (+3.09%),718.67 K
Mon 10 Jan '22,10.0,10.1,9.7,9.7,−0.4 (−3.96%),182.83 K
Fri 07 Jan '22,9.8,10.1,9.5,10.1,+0.4 (+4.12%),1.14 M
Thu 06 Jan '22,9.8,9.8,9.5,9.7,−0.2 (−1.92%),195.1 K
Wed 05 Jan '22,9.7,10.0,9.5,9.9,+0.1 (+1.12%),871.41 K
Tue 04 Jan '22,9.8,9.8,9.5,9.8,+0.2 (+1.88%),356.06 K
Mon 03 Jan '22,9.2,9.6,8.7,9.6,+0.3 (+3.23%),112.71 K
Fri 31 Dec '21,8.4,9.4,8.4,9.3,+0.3 (+3.45%),608.41 K
Thu 30 Dec '21,9.0,9.0,8.8,9.0,−0.2 (−2.28%),404.08 K
Tue 28 Dec '21,9.2,9.5,9.0,9.2,−0.2 (−2.13%),725.28 K
Thu 23 Dec '21,9.6,9.6,9.4,9.4,−0.4 (−4.08%),44.65 K
Wed 22 Dec '21,9.9,9.9,9.8,9.8,−0.1 (−1.01%),156.65 K
Tue 21 Dec '21,9.7,9.9,9.5,9.9,0.0 (0.00%),412.84 K
Mon 20 Dec '21,10.0,10.4,9.7,9.9,+0.0 (+0.41%),12.34 M
Fri 17 Dec '21,10.0,10.4,9.5,9.9,−0.5 (−4.96%),370.19 K
Thu 16 Dec '21,10.0,11.0,10.0,10.4,−0.1 (−1.19%),1.43 M
Wed 15 Dec '21,8.9,10.8,8.8,10.5,+1.7 (+19.32%),2.9 M
Tue 14 Dec '21,8.7,9.0,8.6,8.8,+0.1 (+1.15%),673.66 K
Mon 13 Dec '21,8.1,8.7,8.1,8.7,+0.4 (+4.82%),1.26 M
Fri 10 Dec '21,8.3,8.3,8.0,8.3,+0.2 (+2.72%),538.73 K
Thu 09 Dec '21,8.0,8.3,8.0,8.1,+0.1 (+1.00%),927.3 K
Wed 08 Dec '21,8.3,8.3,8.0,8.0,−0.3 (−3.03%),939.36 K
Tue 07 Dec '21,8.4,8.4,8.0,8.3,−0.2 (−1.79%),254.03 K
Mon 06 Dec '21,8.0,8.6,8.0,8.4,+0.7 (+8.95%),1.03 M
Fri 03 Dec '21,7.7,7.7,7.7,7.7,−0.3 (−3.50%),25.01 K
Wed 01 Dec '21,8.0,8.0,8.0,8.0,+0.1 (+1.14%),16.15 K
Tue 30 Nov '21,7.6,8.0,7.6,7.9,−0.1 (−1.13%),19.38 K
Mon 29 Nov '21,7.9,8.0,7.5,8.0,−0.0 (−0.12%),37.14 K
Fri 26 Nov '21,8.0,8.0,7.7,8.0,+0.3 (+3.90%),114.16 K
Wed 24 Nov '21,7.7,8.0,7.7,7.7,−0.2 (−2.78%),56.24 K
Mon 22 Nov '21,7.9,7.9,7.8,7.9,−0.3 (−3.65%),60.21 K
Fri 19 Nov '21,8.2,8.2,7.9,8.2,−0.0 (−0.36%),50.67 K
Wed 17 Nov '21,8.0,8.3,8.0,8.3,+0.3 (+3.13%),2.15 K
Tue 16 Nov '21,8.0,8.0,7.9,8.0,−0.2 (−2.91%),124.76 K
Mon 15 Nov '21,7.5,8.3,7.5,8.2,+0.2 (+2.11%),359.55 K
Fri 12 Nov '21,8.2,8.4,8.1,8.1,−0.1 (−1.59%),201.01 K
Thu 11 Nov '21,8.0,8.2,7.8,8.2,−0.1 (−1.20%),164.01 K
Wed 10 Nov '21,8.1,8.4,8.1,8.3,+0.2 (+2.47%),378.21 K
Tue 09 Nov '21,8.2,8.2,8.1,8.1,−0.2 (−2.41%),99.51 K
Mon 08 Nov '21,8.2,8.4,8.2,8.3,0.0 (0.00%),1.05 M
Fri 05 Nov '21,8.2,8.5,8.1,8.3,+0.1 (+1.47%),1.19 M
Wed 03 Nov '21,7.5,8.2,7.5,8.2,+0.3 (+4.20%),4.2 M
Tue 02 Nov '21,7.2,8.1,7.1,7.9,+0.6 (+9.03%),236.26 K
Mon 01 Nov '21,7.2,7.2,7.2,7.2,−0.2 (−2.44%),1.77 K
Fri 29 Oct '21,7.3,7.4,7.3,7.4,+0.2 (+2.64%),41.98 K
Thu 28 Oct '21,7.3,7.3,7.2,7.2,−0.1 (−1.51%),22.1 K
Wed 27 Oct '21,7.4,7.4,7.3,7.3,−0.1 (−1.62%),7.2 K
Mon 25 Oct '21,7.4,7.4,7.4,7.4,+0.2 (+3.06%),1 K
Fri 22 Oct '21,7.5,7.5,7.2,7.2,−0.3 (−3.74%),113.25 K
Thu 21 Oct '21,7.6,7.6,7.0,7.5,−0.0 (−0.27%),221.49 K
Thu 14 Oct '21,7.2,7.5,7.2,7.5,+0.3 (+3.88%),8.15 K
Wed 13 Oct '21,7.7,7.7,7.1,7.2,−0.5 (−6.60%),14.83 K
Tue 12 Oct '21,7.5,7.7,7.1,7.7,+0.2 (+3.07%),6.11 K
Thu 07 Oct '21,7.5,7.5,7.5,7.5,0.0 (0.00%),15.25 K
Wed 06 Oct '21,7.5,7.5,7.5,7.5,+0.2 (+3.02%),39.49 K
Mon 04 Oct '21,7.7,7.7,7.3,7.3,−0.4 (−5.45%),38.33 K
Fri 01 Oct '21,7.7,7.8,7.6,7.7,0.0 (0.00%),13.25 K
Thu 30 Sep '21,7.6,7.7,7.6,7.7,+0.1 (+1.32%),23.51 K
Wed 29 Sep '21,7.7,7.7,7.6,7.6,−0.1 (−1.30%),107.94 K
Tue 28 Sep '21,7.6,7.7,7.6,7.7,+0.1 (+1.85%),40.85 K
Mon 27 Sep '21,7.6,7.6,7.6,7.6,+0.0 (+0.53%),79.05 K
Fri 24 Sep '21,7.5,7.5,7.5,7.5,+0.0 (+0.67%),261.91 K
Thu 23 Sep '21,7.5,7.5,7.5,7.5,−0.0 (−0.27%),32.05 K
Wed 22 Sep '21,7.5,7.5,7.5,7.5,+0.3 (+4.46%),11.43 K
Tue 21 Sep '21,7.2,7.2,7.2,7.2,+0.0 (+0.14%),100
Fri 17 Sep '21,7.5,7.5,7.2,7.2,−0.3 (−4.53%),114.35 K
Wed 15 Sep '21,7.2,7.5,7.2,7.5,+0.1 (+1.35%),34.03 K
Tue 14 Sep '21,7.2,7.5,7.2,7.4,−0.1 (−1.33%),2.39 K
Mon 13 Sep '21,7.2,7.5,7.2,7.5,0.0 (0.00%),50.5 K
Thu 09 Sep '21,7.5,7.5,7.5,7.5,+0.4 (+5.78%),32.12 K
Wed 08 Sep '21,7.1,7.1,7.1,7.1,−0.4 (−5.47%),1.41 K
Mon 06 Sep '21,7.5,7.5,7.5,7.5,+0.0 (+0.13%),50 K
Fri 03 Sep '21,7.1,7.5,7.1,7.5,+0.2 (+2.88%),53.33 K
Thu 02 Sep '21,7.1,7.4,7.0,7.3,−0.2 (−2.54%),58.93 K
Wed 01 Sep '21,7.0,7.5,7.0,7.5,+0.5 (+6.41%),604.64 K
Tue 31 Aug '21,7.1,7.2,7.0,7.0,−0.1 (−1.13%),335.44 K
Mon 30 Aug '21,7.2,7.2,7.0,7.1,−0.1 (−1.93%),39.6 K
Fri 27 Aug '21,7.3,7.3,7.2,7.2,+0.0 (+0.14%),1.96 K
Thu 26 Aug '21,7.3,7.6,7.2,7.2,−0.4 (−5.74%),33.49 K
Wed 25 Aug '21,7.3,7.7,7.2,7.7,−0.0 (−0.39%),29.01 K
Tue 24 Aug '21,7.2,7.7,7.2,7.7,+0.5 (+6.94%),105.94 K
Fri 20 Aug '21,7.3,7.6,7.2,7.2,0.0 (0.00%),254.55 K
Wed 18 Aug '21,7.2,7.3,7.2,7.2,−0.5 (−5.88%),298.6 K
Tue 17 Aug '21,7.2,7.7,7.2,7.7,0.0 (0.00%),7.83 K
Fri 13 Aug '21,7.4,7.7,7.2,7.7,+0.3 (+4.22%),100.54 K
Thu 12 Aug '21,7.8,7.9,7.3,7.3,−0.7 (−8.25%),69.54 K
Wed 11 Aug '21,7.4,8.1,7.4,8.0,+0.4 (+5.26%),1.36 M
Tue 10 Aug '21,7.1,7.6,7.1,7.6,+0.4 (+5.56%),155.06 K
Mon 09 Aug '21,7.4,7.4,7.0,7.2,−0.2 (−2.70%),28.15 K
Fri 06 Aug '21,7.5,7.5,7.4,7.4,0.0 (0.00%),509.66 K
Thu 05 Aug '21,7.5,7.5,7.3,7.4,−0.1 (−1.46%),121.04 K
Wed 04 Aug '21,7.6,7.6,7.5,7.5,+0.0 (+0.13%),80.62 K
Tue 03 Aug '21,7.5,7.8,7.5,7.5,+0.0 (+0.67%),161.06 K
Mon 02 Aug '21,7.7,7.8,7.5,7.5,−0.3 (−3.25%),45.8 K
Thu 29 Jul '21,7.7,7.8,7.6,7.7,0.0 (0.00%),73.04 K
Tue 27 Jul '21,7.7,7.9,7.6,7.7,0.0 (0.00%),64.25 K
Mon 26 Jul '21,7.4,7.7,7.4,7.7,0.0 (0.00%),20.71 K
Thu 22 Jul '21,7.8,7.9,7.5,7.7,−0.1 (−1.28%),187.84 K
Tue 20 Jul '21,7.7,7.8,7.4,7.8,+0.1 (+1.30%),698.55 K
Mon 19 Jul '21,7.7,7.8,7.7,7.7,+0.0 (+0.26%),64.35 K
Fri 16 Jul '21,7.4,7.7,7.4,7.7,+0.1 (+1.32%),194.52 K
Thu 15 Jul '21,7.4,7.6,7.4,7.6,+0.2 (+2.16%),32.19 K
Wed 14 Jul '21,7.3,7.7,7.3,7.4,+0.2 (+2.34%),269.16 K
Tue 13 Jul '21,7.3,7.3,7.2,7.3,0.0 (0.00%),90.5 K
Mon 12 Jul '21,7.4,7.4,7.2,7.3,−0.3 (−3.33%),54.72 K
Fri 09 Jul '21,7.5,7.7,7.5,7.5,0.0 (0.00%),76.04 K
Thu 08 Jul '21,7.4,7.5,7.4,7.5,+0.1 (+1.21%),102.64 K
Wed 07 Jul '21,7.2,7.4,7.2,7.4,+0.0 (+0.14%),55.57 K
Tue 06 Jul '21,7.4,7.5,7.2,7.4,+0.2 (+2.07%),3.72 K
Mon 05 Jul '21,7.3,7.4,7.3,7.3,−0.1 (−0.96%),81.16 K
Fri 02 Jul '21,7.0,7.3,7.0,7.3,+0.3 (+4.57%),16.93 K
Thu 01 Jul '21,7.4,7.4,7.0,7.0,−0.1 (−1.55%),18.93 K
Wed 30 Jun '21,7.3,7.7,7.1,7.1,−0.2 (−2.60%),37.36 K
Tue 29 Jun '21,7.0,8.0,7.0,7.3,+0.3 (+4.29%),1.39 M
Mon 28 Jun '21,7.1,7.2,7.0,7.0,−0.1 (−1.41%),117.18 K
Fri 25 Jun '21,7.5,7.5,7.0,7.1,−0.4 (−4.95%),106.01 K
Wed 23 Jun '21,7.3,7.5,7.0,7.5,+0.3 (+4.48%),76.34 K
Tue 22 Jun '21,7.3,7.8,7.2,7.2,−0.1 (−1.24%),1.13 M
Mon 21 Jun '21,6.2,7.6,6.2,7.2,+1.0 (+16.77%),1.46 M
Fri 18 Jun '21,6.2,6.2,6.1,6.2,0.0 (0.00%),11.81 K
Thu 17 Jun '21,6.1,6.2,6.1,6.2,+0.2 (+2.82%),41.55 K
Wed 16 Jun '21,6.2,6.2,6.0,6.0,−0.0 (−0.33%),55.28 K
Tue 15 Jun '21,6.1,6.1,6.0,6.1,−0.1 (−0.98%),110.74 K
Mon 14 Jun '21,6.2,6.2,6.1,6.1,−0.1 (−1.45%),12.56 K
Fri 11 Jun '21,6.3,6.3,6.2,6.2,0.0 (0.00%),11.91 K
Thu 10 Jun '21,6.3,6.3,6.2,6.2,0.0 (0.00%),2.4 K
Wed 09 Jun '21,6.2,6.2,6.2,6.2,+0.0 (+0.16%),40.73 K
Tue 08 Jun '21,6.1,6.2,6.1,6.2,+0.2 (+3.17%),61.58 K
Mon 07 Jun '21,6.1,6.1,6.0,6.0,−0.1 (−1.15%),9.85 K
Fri 04 Jun '21,6.0,6.1,6.0,6.1,−0.0 (−0.49%),19.57 K
Thu 03 Jun '21,6.1,6.1,6.1,6.1,−0.0 (−0.65%),69.56 K
Wed 02 Jun '21,6.1,6.2,6.1,6.1,+0.0 (+0.33%),113.77 K
Tue 01 Jun '21,6.2,6.2,6.1,6.1,+0.0 (+0.33%),134.42 K
Mon 31 May '21,6.2,6.2,6.1,6.1,0.0 (0.00%),3.24 K
Fri 28 May '21,6.1,6.1,6.1,6.1,−0.0 (−0.33%),34.2 K
Tue 25 May '21,6.0,6.5,5.8,6.1,+0.3 (+4.79%),206.16 K
Fri 21 May '21,5.9,5.9,5.8,5.8,−0.2 (−2.67%),9.35 K
Wed 19 May '21,6.0,6.0,5.9,6.0,0.0 (0.00%),9.29 K
Tue 18 May '21,6.0,6.0,6.0,6.0,+0.2 (+2.92%),104.93 K
Mon 17 May '21,5.9,5.9,5.8,5.8,−0.1 (−1.02%),1.93 K
Thu 13 May '21,6.0,6.0,5.9,5.9,−0.1 (−1.67%),1.07 K
Tue 11 May '21,5.9,6.0,5.9,6.0,−0.0 (−0.17%),5.09 K
Mon 10 May '21,6.0,6.0,5.8,6.0,−0.3 (−4.91%),55.37 K
Fri 07 May '21,5.9,6.3,5.8,6.3,+0.5 (+8.61%),1.56 M
Thu 06 May '21,5.9,5.9,5.8,5.8,+0.0 (+0.52%),3.29 K
Mon 03 May '21,5.8,5.8,5.8,5.8,−0.2 (−3.34%),13.89 K
Thu 29 Apr '21,6.0,6.0,6.0,6.0,0.0 (0.00%),100
Wed 28 Apr '21,6.0,6.0,5.8,6.0,+0.1 (+1.36%),14.77 K
Tue 27 Apr '21,5.9,5.9,5.9,5.9,+0.0 (+0.51%),5.49 K
Fri 23 Apr '21,5.9,5.9,5.9,5.9,+0.0 (+0.34%),6.63 K
Thu 22 Apr '21,6.1,6.1,5.9,5.9,−0.3 (−4.88%),510
Wed 21 Apr '21,5.8,6.2,5.8,6.2,+0.4 (+6.03%),4.81 K
Tue 20 Apr '21,6.2,6.2,5.5,5.8,−0.2 (−3.33%),61.54 K
Mon 19 Apr '21,6.1,6.2,6.0,6.0,−0.1 (−1.64%),24.34 K
Fri 16 Apr '21,6.1,6.1,6.0,6.1,−0.1 (−1.61%),163.5 K
Thu 15 Apr '21,6.1,6.2,6.1,6.2,+0.0 (+0.81%),22.89 K
Mon 12 Apr '21,6.2,6.2,6.1,6.2,+0.1 (+0.82%),1.63 K
Fri 09 Apr '21,6.2,6.2,6.1,6.1,−0.2 (−3.17%),113.76 K
Thu 08 Apr '21,6.1,6.4,6.1,6.3,+0.3 (+4.13%),71.86 K
Wed 07 Apr '21,6.1,6.1,6.1,6.1,−0.0 (−0.82%),67.55 K
Tue 06 Apr '21,5.9,6.1,5.9,6.1,+0.1 (+2.52%),141.78 K
Mon 05 Apr '21,5.9,6.0,5.9,6.0,+0.2 (+4.02%),750
Wed 31 Mar '21,5.8,5.8,5.7,5.7,+0.0 (+0.35%),13.96 K
Tue 30 Mar '21,5.8,5.8,5.7,5.7,−0.0 (−0.87%),60.5 K
Mon 29 Mar '21,5.7,5.8,5.7,5.8,+0.3 (+4.55%),75.32 K
Fri 26 Mar '21,5.9,5.9,5.5,5.5,0.0 (0.00%),170.54 K
Thu 25 Mar '21,6.0,6.0,5.5,5.5,−0.5 (−7.56%),149.85 K
Wed 24 Mar '21,5.9,6.0,5.5,6.0,+0.0 (+0.85%),67.78 K
Tue 23 Mar '21,6.0,6.0,5.9,5.9,−0.1 (−1.50%),33.23 K
Mon 22 Mar '21,6.0,6.0,6.0,6.0,+0.1 (+1.35%),1.37 K
Fri 19 Mar '21,6.0,6.0,5.9,5.9,−0.1 (−1.17%),16.19 K
Thu 18 Mar '21,6.0,6.0,6.0,6.0,−0.0 (−0.33%),17.1 K
Wed 17 Mar '21,6.0,6.0,6.0,6.0,+0.0 (+0.17%),51.18 K
Tue 16 Mar '21,6.0,6.0,6.0,6.0,−0.0 (−0.17%),22.21 K
Mon 15 Mar '21,6.0,6.0,6.0,6.0,0.0 (0.00%),27.14 K
Fri 12 Mar '21,6.1,6.1,6.0,6.0,−0.1 (−1.64%),25.77 K
Wed 10 Mar '21,6.1,6.1,6.0,6.1,0.0 (0.00%),52.16 K
Tue 09 Mar '21,6.3,6.4,6.1,6.1,−0.2 (−2.56%),234.16 K
Mon 08 Mar '21,6.2,6.3,6.0,6.3,−0.2 (−2.49%),38.04 K
Fri 05 Mar '21,6.1,6.4,6.1,6.4,−0.0 (−0.47%),53.61 K
Thu 04 Mar '21,6.5,6.5,6.5,6.5,−0.0 (−0.31%),10.02 K
Wed 03 Mar '21,6.6,6.6,6.5,6.5,−0.2 (−2.41%),3.06 K
Mon 01 Mar '21,6.6,6.6,6.6,6.6,−0.1 (−1.04%),1.56 K
Thu 25 Feb '21,6.7,6.7,6.6,6.7,0.0 (0.00%),15.11 K
Tue 23 Feb '21,7.0,7.0,6.6,6.7,−0.2 (−2.90%),31.94 K
Mon 22 Feb '21,6.9,6.9,6.6,6.9,0.0 (0.00%),11.1 K
Thu 18 Feb '21,6.9,7.0,6.5,6.9,+0.0 (+0.29%),46.81 K
Wed 17 Feb '21,6.9,7.0,6.9,6.9,−0.1 (−1.71%),22 K
Tue 16 Feb '21,7.1,7.1,6.9,7.0,−0.1 (−1.55%),42.71 K
Mon 15 Feb '21,7.1,7.3,7.1,7.1,+0.1 (+1.57%),85.64 K
Fri 12 Feb '21,7.3,7.4,7.0,7.0,0.0 (0.00%),81.77 K
Thu 11 Feb '21,7.5,7.5,6.8,7.0,−0.6 (−7.89%),82.46 K
Wed 10 Feb '21,7.5,7.7,7.5,7.6,+0.1 (+1.33%),504.71 K
Tue 09 Feb '21,7.5,7.6,7.5,7.5,−0.1 (−1.32%),138.13 K
Fri 05 Feb '21,7.7,7.8,7.6,7.6,+0.5 (+7.65%),22.1 K
Wed 03 Feb '21,6.9,7.8,6.9,7.1,+0.5 (+6.81%),42.96 K
Tue 02 Feb '21,7.6,7.6,6.6,6.6,−1.0 (−13.03%),35.7 K
Mon 01 Feb '21,7.6,7.8,7.5,7.6,−0.1 (−0.78%),69.54 K
Fri 29 Jan '21,7.7,7.7,7.6,7.7,−0.0 (−0.52%),21.22 K
Wed 27 Jan '21,7.8,7.8,7.7,7.7,+0.0 (+0.65%),66.96 K
Tue 26 Jan '21,7.8,7.8,7.7,7.7,−0.2 (−3.04%),229.12 K
Mon 25 Jan '21,7.7,8.0,7.7,7.9,+0.2 (+2.47%),284.27 K
Fri 22 Jan '21,7.7,7.8,7.7,7.7,0.0 (0.00%),36.62 K
Thu 21 Jan '21,7.7,7.8,7.7,7.7,−0.1 (−0.77%),200.9 K
Wed 20 Jan '21,7.8,7.8,7.7,7.8,−0.0 (−0.51%),68.17 K
Tue 19 Jan '21,7.9,7.9,7.8,7.8,−0.0 (−0.64%),271.85 K
Mon 18 Jan '21,7.9,7.9,7.8,7.9,−0.1 (−1.13%),136.31 K
Fri 15 Jan '21,7.8,8.1,7.8,7.9,+0.1 (+1.66%),385.28 K
Wed 13 Jan '21,8.0,8.0,7.8,7.8,−0.2 (−2.38%),30.75 K
Tue 12 Jan '21,7.9,8.0,7.8,8.0,+0.1 (+1.27%),76.37 K
Mon 11 Jan '21,8.0,8.1,7.9,7.9,−0.1 (−1.13%),625.76 K
Fri 08 Jan '21,8.0,8.3,8.0,8.0,0.0 (0.00%),223.87 K
Thu 07 Jan '21,7.9,8.0,7.7,8.0,0.0 (0.00%),54.08 K
Wed 06 Jan '21,7.9,8.0,7.9,8.0,+0.1 (+1.78%),96.04 K
Tue 05 Jan '21,8.0,8.1,7.9,7.9,−0.2 (−2.61%),288.68 K
Mon 04 Jan '21,7.9,8.2,7.9,8.1,+0.2 (+2.03%),651.1 K
Thu 31 Dec '20,8.0,8.0,7.9,7.9,−0.0 (−0.63%),140.08 K
Wed 30 Dec '20,7.9,8.0,7.9,8.0,+0.1 (+0.76%),206.05 K
Mon 28 Dec '20,8.0,8.0,7.9,7.9,−0.1 (−1.00%),204.18 K
Thu 24 Dec '20,7.9,8.0,7.9,8.0,+0.1 (+0.89%),19.16 K
Wed 23 Dec '20,8.0,8.0,7.9,7.9,−0.1 (−1.00%),423.43 K
Tue 22 Dec '20,8.1,8.1,7.7,8.0,+0.0 (+0.50%),723.34 K
Mon 21 Dec '20,8.1,8.1,7.9,7.9,+0.0 (+0.51%),63.97 K
Fri 18 Dec '20,8.1,8.3,7.9,7.9,−0.1 (−0.75%),139.13 K
Thu 17 Dec '20,8.1,8.1,7.9,8.0,−0.1 (−1.12%),84.12 K
Wed 16 Dec '20,8.0,8.1,7.9,8.1,+0.1 (+0.75%),152.26 K
Mon 14 Dec '20,8.0,8.1,7.9,8.0,+0.2 (+2.44%),236.57 K
Fri 11 Dec '20,7.8,7.9,7.8,7.8,−0.1 (−0.89%),62.6 K
Thu 10 Dec '20,7.9,8.0,7.8,7.9,0.0 (0.00%),358.04 K
Wed 09 Dec '20,8.0,8.0,7.8,7.9,−0.1 (−1.50%),132 K
Tue 08 Dec '20,7.8,8.0,7.8,8.0,+0.1 (+1.78%),260.2 K
Mon 07 Dec '20,8.0,8.0,7.8,7.9,−0.1 (−1.26%),325.8 K
Fri 04 Dec '20,8.0,8.1,7.9,8.0,−0.0 (−0.38%),414.71 K
Thu 03 Dec '20,7.7,8.0,7.7,8.0,+0.2 (+2.97%),540.75 K
Wed 02 Dec '20,7.8,8.0,7.8,7.8,−0.0 (−0.64%),341.94 K
Tue 01 Dec '20,7.9,7.9,7.8,7.8,−0.0 (−0.64%),70.79 K
Mon 30 Nov '20,8.0,8.0,7.8,7.9,−0.1 (−1.51%),160.43 K
Fri 27 Nov '20,7.9,8.0,7.6,8.0,+0.2 (+2.18%),290.73 K
Thu 26 Nov '20,7.9,7.9,7.8,7.8,−0.1 (−1.27%),31.25 K
Wed 25 Nov '20,7.9,8.0,7.9,7.9,+0.1 (+1.80%),330.59 K
Tue 24 Nov '20,7.6,7.8,7.4,7.8,+0.2 (+2.37%),363.78 K
Mon 23 Nov '20,7.6,7.6,7.6,7.6,−0.1 (−0.92%),136.96 K
Fri 20 Nov '20,7.9,7.9,7.6,7.7,+0.0 (+0.53%),445.21 K
Thu 19 Nov '20,8.0,8.0,7.6,7.6,−0.1 (−1.81%),740.62 K
Wed 18 Nov '20,7.0,8.3,7.0,7.8,+0.8 (+12.32%),2.43 M
Tue 17 Nov '20,6.7,6.9,6.7,6.9,+0.1 (+2.07%),370.33 K
Mon 16 Nov '20,6.8,6.9,6.7,6.8,+0.1 (+1.65%),708.39 K
Fri 13 Nov '20,6.5,6.7,6.5,6.7,+0.1 (+1.06%),1.47 M
Thu 12 Nov '20,6.6,6.6,6.5,6.6,−0.0 (−0.30%),130.7 K
Wed 11 Nov '20,6.5,6.7,6.4,6.6,+0.2 (+3.12%),677.44 K
Tue 10 Nov '20,6.4,6.6,6.4,6.4,+0.1 (+1.59%),3.07 M
Mon 09 Nov '20,6.1,6.4,6.1,6.3,+0.2 (+2.94%),9.13 M
Fri 06 Nov '20,6.1,6.1,6.0,6.1,+0.1 (+1.16%),92.39 K
Thu 05 Nov '20,6.1,6.2,6.0,6.1,−0.0 (−0.66%),73.7 K
Wed 04 Nov '20,5.6,6.3,5.6,6.1,+0.6 (+10.93%),949.99 K
Tue 03 Nov '20,5.1,5.6,5.1,5.5,+0.2 (+4.57%),8.77 K
Thu 29 Oct '20,5.3,5.3,5.2,5.3,+0.1 (+2.74%),6.56 K
Wed 28 Oct '20,5.2,5.2,5.1,5.1,−0.2 (−4.49%),5.09 K
Mon 26 Oct '20,5.5,5.5,5.1,5.4,+0.0 (+0.94%),22.7 K
Fri 23 Oct '20,5.6,5.6,5.2,5.3,−0.4 (−6.85%),16.19 K
Thu 22 Oct '20,5.5,5.7,5.3,5.7,+0.2 (+3.45%),29.03 K
Wed 21 Oct '20,5.7,5.7,5.5,5.5,−0.2 (−3.34%),30.6 K
Mon 19 Oct '20,5.7,6.0,5.7,5.7,+0.0 (+0.53%),43.7 K
Fri 16 Oct '20,5.6,6.0,5.6,5.7,+0.0 (+0.71%),10.69 K
Thu 15 Oct '20,5.6,6.1,5.6,5.6,−0.2 (−3.10%),49.97 K
Wed 14 Oct '20,5.8,5.9,5.5,5.8,−0.0 (−0.85%),66.54 K
Tue 13 Oct '20,6.1,6.2,5.9,5.9,−0.2 (−2.66%),298.08 K
Mon 12 Oct '20,5.6,6.3,5.6,6.0,+0.4 (+7.90%),1.49 M
Fri 09 Oct '20,5.6,5.6,5.6,5.6,−0.1 (−2.28%),20
Thu 08 Oct '20,5.2,5.7,5.1,5.7,+0.3 (+6.15%),294.38 K
Wed 07 Oct '20,5.2,5.4,5.2,5.4,+0.2 (+3.27%),47.78 K
Tue 06 Oct '20,5.4,5.4,5.2,5.2,+0.2 (+4.00%),50.05 K
Mon 05 Oct '20,5.4,5.4,5.0,5.0,−0.5 (−9.26%),30.54 K
Fri 02 Oct '20,5.7,5.7,5.5,5.5,+0.0 (+0.18%),23.61 K
Wed 30 Sep '20,5.4,5.5,5.4,5.5,+0.1 (+1.10%),1.36 K
Tue 29 Sep '20,5.5,5.5,5.4,5.4,−0.1 (−1.09%),56.12 K
Mon 28 Sep '20,5.8,5.8,5.5,5.5,−0.1 (−1.79%),3.61 K
Fri 25 Sep '20,5.7,5.9,5.6,5.6,+0.1 (+1.82%),34.03 K
Thu 24 Sep '20,5.3,5.7,5.3,5.5,+0.3 (+5.36%),120.04 K
Wed 23 Sep '20,5.3,5.4,5.2,5.2,−0.1 (−1.32%),46.4 K
Tue 22 Sep '20,5.4,5.4,5.3,5.3,−0.1 (−1.12%),31.09 K
Mon 21 Sep '20,5.3,5.4,5.3,5.4,+0.1 (+1.90%),475.4 K
Fri 18 Sep '20,5.1,5.4,5.1,5.3,+0.1 (+1.94%),39.99 K
Thu 17 Sep '20,5.1,5.2,5.0,5.2,+0.0 (+0.59%),59.01 K
Wed 16 Sep '20,5.1,5.1,5.1,5.1,+0.0 (+0.39%),23.57 K
Tue 15 Sep '20,5.1,5.1,5.1,5.1,−0.1 (−2.67%),24.46 K
Mon 14 Sep '20,5.2,5.2,5.1,5.2,+0.1 (+1.75%),3.93 K
Fri 11 Sep '20,5.2,5.2,5.1,5.2,−0.0 (−0.96%),48.02 K
Thu 10 Sep '20,5.2,5.2,5.1,5.2,0.0 (0.00%),404.53 K
Wed 09 Sep '20,5.3,5.3,5.0,5.2,+0.2 (+4.00%),2.48 K
Tue 08 Sep '20,5.2,5.3,5.0,5.0,−0.3 (−5.48%),39.63 K
Mon 07 Sep '20,5.0,5.5,5.0,5.3,+0.4 (+9.07%),204.24 K
Fri 04 Sep '20,5.0,5.0,4.8,4.9,−0.1 (−2.81%),36.55 K
Wed 02 Sep '20,5.0,5.0,5.0,5.0,+0.1 (+2.89%),30
Mon 31 Aug '20,4.9,4.9,4.8,4.9,+0.0 (+0.83%),39.15 K
Wed 26 Aug '20,4.8,4.8,4.8,4.8,−0.0 (−0.41%),25.5 K
Tue 25 Aug '20,4.8,4.9,4.8,4.8,−0.1 (−1.23%),47.92 K
Fri 21 Aug '20,4.9,4.9,4.8,4.9,−0.0 (−0.20%),21.2 K
Thu 20 Aug '20,4.9,4.9,4.9,4.9,0.0 (0.00%),29.06 K
Wed 19 Aug '20,5.0,5.0,4.9,4.9,−0.1 (−1.80%),44.22 K
Tue 18 Aug '20,5.0,5.0,4.9,5.0,+0.1 (+2.89%),21.73 K
Mon 17 Aug '20,4.9,4.9,4.9,4.9,0.0 (0.00%),1.5 K
Fri 14 Aug '20,4.9,5.0,4.9,4.9,−0.1 (−2.22%),5.04 K
Thu 13 Aug '20,5.0,5.0,5.0,5.0,−0.0 (−0.40%),770
Wed 12 Aug '20,5.0,5.0,4.9,5.0,0.0 (0.00%),12.24 K
Tue 11 Aug '20,5.0,5.0,5.0,5.0,+0.0 (+1.01%),11.46 K
Fri 07 Aug '20,5.0,5.0,4.9,4.9,+0.0 (+0.61%),4.75 K
Thu 06 Aug '20,4.9,5.0,4.9,4.9,−0.0 (−0.61%),7.64 K
Tue 04 Aug '20,5.0,5.0,4.9,4.9,−0.0 (−0.40%),14.5 K
Fri 31 Jul '20,5.0,5.0,4.9,5.0,+0.0 (+0.41%),5.11 K
Thu 30 Jul '20,5.0,5.0,4.9,4.9,+0.0 (+0.61%),4.11 K
Wed 29 Jul '20,5.0,5.0,4.9,4.9,−0.0 (−1.01%),1.06 K
Tue 28 Jul '20,5.0,5.0,5.0,5.0,−0.0 (−0.60%),8.71 K
Mon 27 Jul '20,5.0,5.0,5.0,5.0,+0.0 (+0.61%),3.71 K
Fri 24 Jul '20,5.0,5.0,4.9,5.0,+0.1 (+1.23%),29.26 K
Thu 23 Jul '20,4.9,4.9,4.9,4.9,0.0 (0.00%),3.47 K
Wed 22 Jul '20,4.9,4.9,4.9,4.9,+0.2 (+4.04%),10
Tue 21 Jul '20,5.0,5.0,4.7,4.7,−0.2 (−3.89%),19.6 K
Mon 20 Jul '20,4.9,4.9,4.9,4.9,+0.0 (+0.82%),4.23 K
Fri 17 Jul '20,4.8,4.9,4.8,4.9,+0.2 (+4.08%),14.77 K
Tue 14 Jul '20,4.7,4.7,4.7,4.7,+0.0 (+0.22%),16.41 K
Mon 13 Jul '20,4.7,4.7,4.7,4.7,−0.0 (−0.21%),7.5 K
Fri 10 Jul '20,4.7,4.7,4.7,4.7,−0.2 (−3.92%),23.12 K
Thu 09 Jul '20,4.9,4.9,4.9,4.9,+0.1 (+1.25%),230
Wed 08 Jul '20,4.7,4.8,4.7,4.8,+0.1 (+1.91%),8.58 K
Tue 07 Jul '20,4.7,4.8,4.7,4.7,+0.2 (+4.21%),26.02 K
Mon 06 Jul '20,4.6,4.6,4.5,4.5,−0.0 (−0.66%),3.95 K
Fri 03 Jul '20,4.5,4.5,4.5,4.5,+0.0 (+0.67%),6.03 K
Thu 02 Jul '20,4.6,4.6,4.5,4.5,−0.2 (−5.05%),16.26 K
Wed 01 Jul '20,4.8,4.8,4.5,4.8,+0.0 (+1.06%),11.78 K
Mon 29 Jun '20,4.8,4.8,4.7,4.7,−0.1 (−2.08%),59.55 K
Fri 26 Jun '20,4.8,4.8,4.7,4.8,0.0 (0.00%),25.96 K
Thu 25 Jun '20,5.0,5.0,4.8,4.8,−0.1 (−2.04%),13.72 K
Wed 24 Jun '20,5.0,5.0,4.9,4.9,−0.0 (−1.01%),16.36 K
Tue 23 Jun '20,5.0,5.0,5.0,5.0,+0.0 (+1.02%),60
Mon 22 Jun '20,4.9,4.9,4.9,4.9,0.0 (0.00%),2.51 K
Fri 19 Jun '20,4.9,4.9,4.9,4.9,0.0 (0.00%),12.12 K
Thu 18 Jun '20,4.9,4.9,4.9,4.9,+0.2 (+4.70%),1.04 K
Wed 17 Jun '20,4.7,4.7,4.7,4.7,+0.1 (+1.08%),4.15 K
Tue 16 Jun '20,4.8,4.8,4.6,4.6,−0.1 (−2.53%),48.19 K
Mon 15 Jun '20,4.8,4.8,4.8,4.8,−0.1 (−1.66%),21.48 K
Fri 12 Jun '20,4.8,4.8,4.8,4.8,−0.0 (−0.41%),3.54 K
Thu 11 Jun '20,4.9,4.9,4.9,4.9,−0.1 (−1.22%),1 K
Tue 09 Jun '20,5.0,5.0,4.9,4.9,−0.1 (−1.60%),9.01 K
Wed 03 Jun '20,5.0,5.0,5.0,5.0,0.0 (0.00%),20
Tue 02 Jun '20,5.0,5.0,5.0,5.0,+0.2 (+3.96%),20
Mon 01 Jun '20,5.0,5.0,4.5,4.8,−0.2 (−3.23%),22.85 K
Fri 29 May '20,5.0,5.0,5.0,5.0,−0.0 (−0.80%),4.52 K
Thu 28 May '20,5.0,5.0,5.0,5.0,+0.0 (+1.01%),1.79 K
Tue 26 May '20,5.0,5.0,5.0,5.0,−0.3 (−4.81%),22.78 K
Thu 21 May '20,5.2,5.4,5.0,5.2,+0.2 (+4.00%),18.2 K
Tue 19 May '20,5.1,5.1,5.0,5.0,−0.1 (−2.15%),16.86 K
Mon 18 May '20,5.2,5.2,5.1,5.1,0.0 (0.00%),3.55 K
Thu 14 May '20,5.1,5.1,5.1,5.1,+0.2 (+4.29%),950
Wed 13 May '20,5.1,5.1,4.9,4.9,−0.1 (−1.80%),2.05 K
Tue 12 May '20,4.9,5.0,4.5,5.0,0.0 (0.00%),14.91 K
Thu 19 Mar '20,4.5,5.0,4.5,5.0,+0.2 (+3.96%),5.58 K
Thu 12 Mar '20,4.8,5.0,4.5,4.8,−0.3 (−5.88%),24.15 K
Wed 11 Mar '20,5.0,5.1,4.9,5.1,+0.1 (+2.00%),5.94 K
Tue 10 Mar '20,4.9,5.0,4.5,5.0,+0.0 (+0.20%),160.77 K
Fri 06 Mar '20,5.0,5.1,4.9,5.0,−0.0 (−0.60%),17 K
Thu 05 Mar '20,5.4,5.4,5.0,5.0,−0.4 (−7.04%),15.47 K
Wed 04 Mar '20,5.4,5.4,5.4,5.4,+0.2 (+3.85%),1.01 K
Mon 02 Mar '20,5.5,5.5,5.2,5.2,−0.1 (−1.89%),6.52 K
Fri 28 Feb '20,5.2,5.4,5.2,5.3,−0.1 (−1.85%),4.16 K
Wed 26 Feb '20,5.9,5.9,5.4,5.4,+0.0 (+0.19%),2.26 K
Tue 25 Feb '20,5.5,5.5,5.4,5.4,−0.1 (−2.00%),10.3 K
Thu 20 Feb '20,5.5,5.5,5.4,5.5,0.0 (0.00%),27.67 K
Tue 18 Feb '20,5.5,5.5,5.4,5.5,0.0 (0.00%),21.45 K
Mon 17 Feb '20,5.6,5.6,5.5,5.5,−0.2 (−3.34%),8.92 K
Thu 13 Feb '20,5.7,5.7,5.7,5.7,−0.2 (−3.56%),5.42 K
Wed 12 Feb '20,6.0,6.0,5.9,5.9,−0.1 (−1.50%),13.37 K
Tue 11 Feb '20,6.0,6.0,6.0,6.0,−0.0 (−0.17%),500
Mon 10 Feb '20,5.9,6.0,5.9,6.0,+0.1 (+1.69%),13 K
Fri 07 Feb '20,6.0,6.0,5.9,5.9,−0.0 (−0.51%),1.5 K
Thu 06 Feb '20,5.9,5.9,5.9,5.9,+0.2 (+2.95%),6.7 K
Wed 05 Feb '20,5.7,5.8,5.7,5.8,+0.1 (+1.05%),30.48 K
Mon 03 Feb '20,5.7,5.7,5.7,5.7,0.0 (0.00%),580
Fri 31 Jan '20,5.8,6.0,5.7,5.7,−0.1 (−1.72%),41.83 K
Thu 30 Jan '20,5.9,5.9,5.8,5.8,−0.2 (−2.52%),6.08 K
Tue 28 Jan '20,6.0,6.0,6.0,6.0,−0.0 (−0.83%),860
Thu 23 Jan '20,6.0,6.0,6.0,6.0,+0.0 (+0.50%),700
Wed 22 Jan '20,6.0,6.0,6.0,6.0,−0.0 (−0.33%),24.83 K
Tue 21 Jan '20,6.0,6.0,6.0,6.0,+0.0 (+0.67%),7.19 K
Fri 17 Jan '20,6.0,6.0,6.0,6.0,−0.0 (−0.83%),13.9 K
Thu 16 Jan '20,6.1,6.1,6.0,6.0,−0.1 (−1.64%),31.71 K
Tue 14 Jan '20,6.1,6.1,6.1,6.1,0.0 (0.00%),1.75 K
Mon 13 Jan '20,6.1,6.1,6.1,6.1,+0.1 (+1.50%),7.5 K
Wed 08 Jan '20,6.3,6.3,6.0,6.0,−0.3 (−5.21%),1.05 K
Tue 07 Jan '20,6.3,6.3,6.3,6.3,+0.3 (+5.67%),30
Mon 06 Jan '20,6.4,6.4,6.0,6.0,−0.4 (−5.96%),202.9 K
Thu 02 Jan '20,6.1,6.4,6.1,6.4,+0.1 (+1.27%),1.35 K
Tue 31 Dec '19,6.2,6.3,6.2,6.3,+0.3 (+4.30%),63.88 K
Mon 30 Dec '19,6.5,6.5,6.0,6.0,−0.4 (−6.36%),315.07 K
Fri 27 Dec '19,6.5,6.5,6.5,6.5,+0.3 (+5.56%),6.53 K
Mon 23 Dec '19,6.4,6.4,6.0,6.1,−0.3 (−3.93%),250.3 K
Thu 19 Dec '19,6.4,6.4,6.4,6.4,−0.0 (−0.63%),26.04 K
Tue 17 Dec '19,6.4,6.5,6.4,6.4,−0.0 (−0.78%),7.4 K
Mon 16 Dec '19,6.5,6.5,6.5,6.5,+0.0 (+0.78%),500
Fri 13 Dec '19,6.5,6.5,6.4,6.4,−0.1 (−1.54%),9.25 K
Wed 11 Dec '19,6.5,6.7,6.5,6.5,+0.1 (+1.56%),78.75 K
Tue 10 Dec '19,6.4,6.4,6.4,6.4,−0.2 (−2.88%),3.5 K
Fri 06 Dec '19,6.6,6.6,6.6,6.6,−0.1 (−0.90%),44.16 K
Thu 05 Dec '19,7.0,7.0,6.7,6.7,−0.2 (−3.34%),80.9 K
Wed 04 Dec '19,6.6,7.0,6.6,6.9,+0.1 (+1.18%),736.73 K
Tue 03 Dec '19,6.5,6.9,6.5,6.8,+0.3 (+5.10%),213.66 K
Thu 28 Nov '19,6.6,6.6,6.5,6.5,−0.0 (−0.15%),51.82 K
Wed 27 Nov '19,6.5,6.5,6.5,6.5,−0.0 (−0.15%),20.01 K
Tue 26 Nov '19,6.7,6.7,6.5,6.5,−0.2 (−2.99%),130.59 K
Thu 21 Nov '19,6.7,6.7,6.7,6.7,+0.1 (+1.36%),52.75 K
Tue 19 Nov '19,6.6,6.6,6.6,6.6,+0.1 (+1.38%),13.62 K
Mon 18 Nov '19,6.7,6.7,6.5,6.5,−0.1 (−1.36%),5.22 K
Thu 14 Nov '19,6.7,6.7,6.6,6.6,+0.1 (+2.01%),4.05 K
Tue 12 Nov '19,6.5,6.5,6.5,6.5,0.0 (0.00%),12 K
Fri 08 Nov '19,6.5,6.5,6.5,6.5,−0.0 (−0.46%),1.43 K
Thu 07 Nov '19,6.5,6.5,6.5,6.5,−0.2 (−2.26%),2.18 K
Tue 05 Nov '19,6.7,6.7,6.7,6.7,0.0 (0.00%),11.62 K
Fri 01 Nov '19,6.6,6.7,6.6,6.7,+0.2 (+3.74%),6.95 K
Tue 29 Oct '19,6.4,6.4,6.4,6.4,−0.2 (−2.88%),400
Fri 25 Oct '19,6.7,6.7,6.6,6.6,−0.1 (−1.49%),11.42 K
Wed 23 Oct '19,6.7,6.7,6.7,6.7,+0.2 (+3.08%),120 K
Tue 22 Oct '19,6.5,6.5,6.3,6.5,+0.0 (+0.78%),1.1 M
Mon 21 Oct '19,6.5,6.5,6.5,6.5,−0.0 (−0.77%),7.53 K
Fri 18 Oct '19,6.5,6.5,6.5,6.5,0.0 (0.00%),54.46 K
Thu 17 Oct '19,6.5,6.5,6.5,6.5,+0.0 (+0.78%),53.15 K
Wed 16 Oct '19,6.5,6.5,6.5,6.5,−0.0 (−0.77%),38.4 K
Mon 14 Oct '19,6.6,6.6,6.5,6.5,0.0 (0.00%),174.41 K
Fri 11 Oct '19,6.5,7.4,6.4,6.5,0.0 (0.00%),93.61 K
Thu 10 Oct '19,6.5,6.5,6.5,6.5,0.0 (0.00%),23.1 K
Tue 08 Oct '19,6.5,6.5,6.5,6.5,0.0 (0.00%),110.4 K
Mon 07 Oct '19,6.5,6.5,6.5,6.5,0.0 (0.00%),111.19 K
Thu 03 Oct '19,6.5,6.5,6.5,6.5,0.0 (0.00%),6.5 K
Wed 02 Oct '19,6.5,6.5,6.5,6.5,−0.0 (−0.46%),64.85 K
Tue 01 Oct '19,6.5,6.5,6.5,6.5,−0.0 (−0.31%),2.1 K
Mon 30 Sep '19,6.5,6.6,6.5,6.6,−0.1 (−1.50%),2.01 K
Tue 24 Sep '19,6.7,6.7,6.7,6.7,+0.2 (+2.31%),2 K
Mon 23 Sep '19,6.5,6.9,6.5,6.5,−0.0 (−0.76%),8.05 K
Fri 20 Sep '19,6.6,6.6,6.6,6.6,+0.0 (+0.46%),20 K
Thu 19 Sep '19,6.7,6.7,6.5,6.5,0.0 (0.00%),13.1 K
Wed 18 Sep '19,6.5,6.5,6.5,6.5,+0.0 (+0.31%),25.61 K
Mon 16 Sep '19,6.6,6.6,6.5,6.5,−0.2 (−2.69%),5.92 K
Thu 12 Sep '19,6.7,6.7,6.7,6.7,0.0 (0.00%),2.05 K
Wed 11 Sep '19,6.7,6.7,6.7,6.7,−0.2 (−3.05%),1 K
Tue 10 Sep '19,6.9,6.9,6.9,6.9,+0.1 (+1.32%),140
Thu 05 Sep '19,6.8,6.8,6.7,6.8,0.0 (0.00%),12.2 K
Wed 04 Sep '19,6.8,6.8,6.8,6.8,0.0 (0.00%),30
Tue 03 Sep '19,6.8,6.8,6.8,6.8,+0.0 (+0.74%),6.06 K
Fri 30 Aug '19,6.8,6.8,6.8,6.8,−0.2 (−2.17%),100
Thu 29 Aug '19,6.8,6.9,6.8,6.9,+0.1 (+1.47%),100.05 K
Wed 28 Aug '19,7.0,7.0,6.8,6.8,−0.2 (−2.86%),2.49 K
Tue 27 Aug '19,7.0,7.0,7.0,7.0,+0.0 (+0.72%),30 K
Mon 26 Aug '19,6.9,7.0,6.9,7.0,0.0 (0.00%),33.1 K
Thu 22 Aug '19,7.0,7.0,7.0,7.0,+0.1 (+1.46%),100
Wed 21 Aug '19,6.9,6.9,6.9,6.9,−0.1 (−1.44%),1.78 K
Mon 19 Aug '19,6.8,7.0,6.8,7.0,−0.0 (−0.71%),11.5 K
Fri 16 Aug '19,7.0,7.0,7.0,7.0,+0.2 (+2.94%),10.85 K
Wed 14 Aug '19,7.0,7.0,6.8,6.8,−0.2 (−2.86%),2 K
Tue 13 Aug '19,6.9,7.0,6.9,7.0,−0.0 (−0.57%),2.82 K
Fri 09 Aug '19,7.0,7.0,7.0,7.0,+0.3 (+4.30%),1 K
Thu 08 Aug '19,6.8,7.0,6.8,6.8,0.0 (0.00%),67.32 K
Wed 07 Aug '19,6.9,6.9,6.8,6.8,−0.3 (−3.57%),30.25 K
Tue 06 Aug '19,6.9,7.0,6.9,7.0,0.0 (0.00%),28.21 K
Mon 05 Aug '19,7.0,7.0,7.0,7.0,0.0 (0.00%),102 K
Wed 31 Jul '19,7.0,7.0,6.9,7.0,−0.2 (−2.64%),35.1 K
Tue 30 Jul '19,7.0,7.2,6.9,7.2,−0.8 (−10.12%),2.07 M
Mon 29 Jul '19,7.0,8.0,7.0,8.0,+0.7 (+9.14%),52.01 K
Fri 26 Jul '19,7.2,7.3,7.1,7.3,−0.2 (−2.53%),9.75 K
Thu 25 Jul '19,7.8,7.8,7.5,7.5,−0.2 (−2.34%),780
Tue 23 Jul '19,7.8,7.8,7.7,7.7,−0.0 (−0.65%),20
Mon 22 Jul '19,7.8,7.8,7.8,7.8,+0.3 (+3.33%),100
Fri 19 Jul '19,7.5,7.9,7.5,7.5,0.0 (0.00%),94.33 K
Thu 18 Jul '19,7.5,7.5,7.5,7.5,0.0 (0.00%),7.3 K
Tue 16 Jul '19,7.3,7.5,7.3,7.5,+0.0 (+0.13%),21.72 K
Mon 15 Jul '19,7.5,7.5,7.5,7.5,+0.3 (+3.60%),50
Wed 10 Jul '19,7.2,7.2,7.2,7.2,0.0 (0.00%),25.1 K
Tue 09 Jul '19,7.2,7.2,7.2,7.2,−0.1 (−0.82%),4.52 K
Mon 08 Jul '19,7.3,7.3,7.3,7.3,−0.0 (−0.14%),50
Fri 05 Jul '19,7.3,7.3,7.3,7.3,+0.3 (+3.99%),2.95 K
Thu 04 Jul '19,7.1,7.3,7.0,7.0,+0.0 (+0.29%),740
Wed 03 Jul '19,7.0,7.0,7.0,7.0,−0.0 (−0.14%),82.82 K
Mon 01 Jul '19,7.0,7.0,7.0,7.0,+0.0 (+0.14%),89.84 K
Fri 28 Jun '19,7.5,7.5,7.0,7.0,+0.0 (+0.43%),17.69 K
Wed 26 Jun '19,6.8,7.0,6.8,7.0,+0.2 (+2.50%),7.43 K
Tue 25 Jun '19,6.8,6.8,6.8,6.8,−0.2 (−2.44%),12.5 K
Mon 24 Jun '19,7.0,7.0,7.0,7.0,0.0 (0.00%),100
Fri 21 Jun '19,7.0,7.0,7.0,7.0,+0.2 (+2.35%),30
Tue 18 Jun '19,6.8,6.8,6.8,6.8,+0.0 (+0.15%),1 K
Mon 17 Jun '19,6.8,6.8,6.8,6.8,0.0 (0.00%),1 K
Fri 14 Jun '19,6.8,6.8,6.8,6.8,0.0 (0.00%),400
Tue 11 Jun '19,6.8,6.8,6.8,6.8,0.0 (0.00%),200 K
Mon 10 Jun '19,6.9,6.9,6.8,6.8,−0.1 (−1.45%),150 K
Tue 04 Jun '19,7.0,7.0,6.9,6.9,+0.1 (+1.32%),110
Thu 30 May '19,6.8,6.9,6.7,6.8,+0.0 (+0.15%),133.01 K
Tue 28 May '19,6.5,6.8,6.5,6.8,+0.2 (+3.03%),54.66 K
Mon 27 May '19,6.6,6.6,6.5,6.6,0.0 (0.00%),95.65 K
Thu 23 May '19,6.6,6.6,6.6,6.6,−0.1 (−1.49%),50.13 K
Wed 22 May '19,6.6,6.7,6.6,6.7,+0.2 (+3.08%),50.09 K
Fri 17 May '19,6.8,6.8,6.5,6.5,0.0 (0.00%),9.41 K
Thu 16 May '19,6.5,6.5,6.5,6.5,0.0 (0.00%),20.01 K
Wed 15 May '19,6.7,6.7,6.5,6.5,−0.2 (−2.99%),61.14 K
Mon 13 May '19,6.7,6.7,6.7,6.7,0.0 (0.00%),22 K
Thu 09 May '19,6.7,6.7,6.7,6.7,0.0 (0.00%),1 K
Tue 07 May '19,6.7,6.7,6.7,6.7,0.0 (0.00%),33.25 K
Mon 06 May '19,6.7,6.7,6.7,6.7,0.0 (0.00%),85 K
Thu 02 May '19,6.7,6.7,6.7,6.7,−0.1 (−1.47%),16.98 K
Wed 24 Apr '19,6.8,6.8,6.8,6.8,0.0 (0.00%),5 K
Mon 22 Apr '19,6.8,6.8,6.8,6.8,0.0 (0.00%),20 K
Tue 16 Apr '19,7.0,7.0,6.8,6.8,0.0 (0.00%),1.75 K
Thu 11 Apr '19,6.9,6.9,6.8,6.8,0.0 (0.00%),2.03 K
Tue 09 Apr '19,6.8,6.8,6.8,6.8,0.0 (0.00%),10.3 K
Thu 04 Apr '19,6.8,6.8,6.8,6.8,−0.0 (−0.15%),7.5 K
Wed 03 Apr '19,6.8,6.8,6.8,6.8,+0.0 (+0.15%),20
Mon 01 Apr '19,6.8,6.8,6.8,6.8,0.0 (0.00%),5.37 K
Fri 29 Mar '19,6.8,6.8,6.6,6.8,−0.2 (−2.86%),125.3 K
Wed 27 Mar '19,7.0,7.0,7.0,7.0,−0.2 (−2.78%),30
Mon 25 Mar '19,7.2,7.2,7.2,7.2,+0.2 (+2.86%),10 K
Fri 22 Mar '19,7.0,7.2,7.0,7.0,0.0 (0.00%),74.01 K
Thu 14 Mar '19,7.0,7.0,7.0,7.0,0.0 (0.00%),2.4 K
Wed 13 Mar '19,7.0,7.0,7.0,7.0,0.0 (0.00%),5 K
Wed 06 Mar '19,7.1,7.1,7.0,7.0,−0.1 (−1.69%),30.11 K
Thu 28 Feb '19,7.1,7.1,7.1,7.1,+0.0 (+0.28%),1 K
Mon 25 Feb '19,7.1,7.1,7.1,7.1,−0.3 (−4.05%),30
Thu 21 Feb '19,7.4,7.4,7.4,7.4,−0.1 (−1.33%),27.41 K
Wed 20 Feb '19,7.5,7.5,7.5,7.5,+0.1 (+1.35%),38.69 K
Fri 15 Feb '19,7.4,7.4,7.4,7.4,0.0 (0.00%),11 K
Tue 12 Feb '19,7.4,7.4,7.3,7.4,0.0 (0.00%),37.25 K
Mon 11 Feb '19,7.4,7.4,7.4,7.4,−0.1 (−1.33%),40.23 K
Thu 07 Feb '19,7.5,7.5,7.5,7.5,+0.1 (+1.21%),63 K
Tue 05 Feb '19,7.4,7.4,7.4,7.4,−0.1 (−1.20%),410
Mon 04 Feb '19,7.5,7.5,7.5,7.5,+0.1 (+0.94%),20 K
Thu 31 Jan '19,7.4,7.5,7.4,7.4,−0.1 (−0.80%),99.63 K
Tue 29 Jan '19,7.5,7.5,7.5,7.5,−0.0 (−0.13%),400
Wed 23 Jan '19,7.5,7.5,7.5,7.5,+0.1 (+1.35%),30 K
Fri 18 Jan '19,7.4,7.5,7.4,7.4,0.0 (0.00%),22.06 K
Wed 16 Jan '19,7.4,7.4,7.4,7.4,0.0 (0.00%),150
Tue 15 Jan '19,7.4,7.4,7.4,7.4,−0.0 (−0.13%),20 K
Mon 14 Jan '19,7.4,7.4,7.4,7.4,−0.4 (−4.88%),10.92 K
Fri 11 Jan '19,7.5,7.8,7.5,7.8,+0.3 (+3.87%),9.41 K
Wed 09 Jan '19,7.5,7.5,7.5,7.5,0.0 (0.00%),10.6 K
Wed 02 Jan '19,7.5,7.5,7.5,7.5,−0.1 (−1.32%),11.93 K
Tue 01 Jan '19,7.5,7.6,7.5,7.6,−0.2 (−2.56%),1.1 K
Wed 26 Dec '18,7.8,7.8,7.8,7.8,+0.3 (+4.00%),100
Thu 20 Dec '18,7.6,7.6,7.5,7.5,−0.0 (−0.13%),51.08 K
Fri 14 Dec '18,7.9,7.9,7.5,7.5,+0.0 (+0.13%),20
Wed 12 Dec '18,7.5,7.5,7.5,7.5,0.0 (0.00%),47.65 K
Tue 11 Dec '18,7.5,7.5,7.5,7.5,0.0 (0.00%),12.56 K
Mon 10 Dec '18,7.5,7.5,7.5,7.5,0.0 (0.00%),21.85 K
Thu 06 Dec '18,7.6,7.6,7.5,7.5,0.0 (0.00%),31.13 K
Wed 05 Dec '18,7.5,7.5,7.5,7.5,0.0 (0.00%),11.03 K
Mon 03 Dec '18,7.5,7.5,7.5,7.5,−0.3 (−3.85%),4.34 K
Fri 30 Nov '18,7.8,7.8,7.8,7.8,+0.3 (+4.00%),10
Mon 26 Nov '18,7.0,7.5,7.0,7.5,0.0 (0.00%),19.76 K
Thu 22 Nov '18,7.5,7.5,7.5,7.5,0.0 (0.00%),15 K
Wed 21 Nov '18,7.5,7.5,7.5,7.5,−0.1 (−1.32%),750
Thu 15 Nov '18,7.5,7.6,7.5,7.6,0.0 (0.00%),21.01 K
Wed 14 Nov '18,7.6,7.6,7.6,7.6,+0.1 (+1.33%),100
Tue 13 Nov '18,7.5,7.6,7.5,7.5,−0.1 (−1.32%),11.87 K
Mon 12 Nov '18,7.6,7.6,7.6,7.6,−0.2 (−2.56%),6.79 K
Fri 09 Nov '18,7.5,7.8,7.5,7.8,−0.2 (−2.50%),1.95 K
Wed 07 Nov '18,8.0,8.0,8.0,8.0,+0.0 (+0.38%),100
Thu 01 Nov '18,7.9,8.0,7.9,8.0,+0.3 (+4.18%),8.5 K
Mon 29 Oct '18,8.0,8.0,7.7,7.7,−0.3 (−4.14%),6.01 K
Fri 26 Oct '18,8.0,8.0,8.0,8.0,+0.3 (+3.64%),3.5 K
Thu 25 Oct '18,7.7,7.7,7.7,7.7,−0.3 (−3.75%),509.87 K
Tue 23 Oct '18,7.7,8.0,7.6,8.0,+0.5 (+6.67%),10.03 K
Fri 19 Oct '18,7.8,7.8,7.5,7.5,−0.1 (−1.32%),190
Thu 18 Oct '18,7.8,7.8,7.6,7.6,−0.3 (−3.80%),20 K
Mon 15 Oct '18,7.9,8.0,7.8,7.9,−0.1 (−1.25%),10.66 K
Tue 09 Oct '18,8.4,8.4,8.0,8.0,0.0 (0.00%),2.79 K
Mon 08 Oct '18,8.0,8.0,8.0,8.0,−0.5 (−5.88%),70 K
Thu 04 Oct '18,8.5,8.5,8.5,8.5,+0.4 (+5.07%),61.6 K
Tue 02 Oct '18,8.6,8.6,8.1,8.1,−0.4 (−5.27%),1.55 M
Mon 01 Oct '18,8.5,8.5,8.4,8.5,−0.0 (−0.12%),1.45 M
Fri 28 Sep '18,8.1,8.6,8.0,8.6,+0.1 (+0.59%),351.98 K
Wed 26 Sep '18,8.5,8.5,8.5,8.5,0.0 (0.00%),5.82 K
Tue 25 Sep '18,8.1,8.6,8.1,8.5,−0.1 (−0.58%),86.75 K
Fri 21 Sep '18,8.5,8.6,8.5,8.6,+0.1 (+0.59%),3.12 M
Thu 20 Sep '18,8.5,8.6,8.5,8.5,0.0 (0.00%),147.22 K
Wed 19 Sep '18,8.3,8.5,8.3,8.5,0.0 (0.00%),2 K
Tue 18 Sep '18,8.6,8.6,8.5,8.5,−0.1 (−0.82%),9.98 K
Mon 17 Sep '18,8.5,8.6,8.5,8.6,+0.1 (+1.42%),7.6 K
Thu 13 Sep '18,8.5,8.5,8.5,8.5,−0.2 (−1.74%),18.52 K
Tue 11 Sep '18,8.5,8.6,8.5,8.6,+0.2 (+1.78%),218.67 K
Mon 10 Sep '18,8.5,8.5,8.5,8.5,0.0 (0.00%),200
Fri 07 Sep '18,8.5,8.5,8.5,8.5,0.0 (0.00%),15.21 K
Wed 05 Sep '18,8.5,8.5,8.5,8.5,−0.1 (−0.59%),1 K
Tue 04 Sep '18,8.5,8.5,8.5,8.5,0.0 (0.00%),501.67 K
Mon 03 Sep '18,8.5,8.5,8.5,8.5,+0.1 (+1.19%),36.26 K
Wed 29 Aug '18,8.4,8.4,8.4,8.4,0.0 (0.00%),5 K
Tue 28 Aug '18,8.4,8.4,8.4,8.4,0.0 (0.00%),24.68 K
Mon 27 Aug '18,8.4,8.4,8.4,8.4,0.0 (0.00%),80 K
Fri 24 Aug '18,8.4,8.6,8.4,8.4,0.0 (0.00%),32.23 K
Wed 22 Aug '18,8.4,8.4,8.4,8.4,0.0 (0.00%),600
Tue 21 Aug '18,8.4,8.4,8.4,8.4,0.0 (0.00%),57.02 K
Thu 16 Aug '18,8.4,8.4,8.4,8.4,0.0 (0.00%),67.04 K
Tue 14 Aug '18,8.4,8.4,8.4,8.4,0.0 (0.00%),3 K
Fri 10 Aug '18,8.4,8.5,8.4,8.4,−0.0 (−0.59%),35.1 K
Wed 08 Aug '18,8.5,8.5,8.4,8.5,+0.0 (+0.60%),54.3 K
Mon 06 Aug '18,8.4,8.4,8.4,8.4,−0.0 (−0.12%),5.13 K
Fri 03 Aug '18,8.5,8.5,8.4,8.4,−0.1 (−1.06%),8.04 K
Wed 01 Aug '18,8.5,8.5,8.5,8.5,0.0 (0.00%),500
Mon 30 Jul '18,8.5,8.5,8.5,8.5,−0.0 (−0.23%),197.72 K
Thu 26 Jul '18,8.5,8.5,8.5,8.5,+0.0 (+0.24%),130
Wed 25 Jul '18,8.5,8.5,8.5,8.5,0.0 (0.00%),10 K
Mon 23 Jul '18,8.5,8.5,8.5,8.5,−0.0 (−0.12%),13.01 K
Thu 19 Jul '18,8.5,8.5,8.5,8.5,+0.0 (+0.12%),127 K
Wed 18 Jul '18,8.5,8.5,8.5,8.5,−0.0 (−0.12%),19.58 K
Mon 16 Jul '18,8.5,8.5,8.5,8.5,+0.0 (+0.12%),6.01 K
Thu 12 Jul '18,8.5,8.5,8.5,8.5,0.0 (0.00%),4.95 K
Wed 11 Jul '18,8.5,8.6,8.5,8.5,0.0 (0.00%),851.19 K
Tue 10 Jul '18,8.5,8.5,8.5,8.5,0.0 (0.00%),32.43 K
Mon 09 Jul '18,8.7,8.7,8.5,8.5,−0.0 (−0.12%),70.35 K
Fri 06 Jul '18,8.5,8.5,8.5,8.5,0.0 (0.00%),132.7 K
Thu 05 Jul '18,8.5,8.6,8.5,8.5,+0.0 (+0.12%),3.74 K
Wed 04 Jul '18,8.5,8.5,8.5,8.5,−0.0 (−0.12%),21.42 K
Tue 03 Jul '18,8.5,8.5,8.5,8.5,0.0 (0.00%),87.1 K
Mon 02 Jul '18,8.5,8.5,8.5,8.5,+0.0 (+0.12%),86.2 K
Fri 29 Jun '18,8.5,8.5,8.5,8.5,−0.1 (−1.05%),292.61 K
Wed 27 Jun '18,8.5,8.6,8.5,8.6,+0.1 (+1.06%),3.41 K
Tue 26 Jun '18,8.5,8.5,8.5,8.5,0.0 (0.00%),21.17 K
Mon 25 Jun '18,8.5,8.5,8.5,8.5,0.0 (0.00%),46.66 K
Fri 22 Jun '18,8.5,8.5,8.5,8.5,0.0 (0.00%),85.44 K
Thu 21 Jun '18,8.5,8.5,8.5,8.5,−0.1 (−0.58%),38.19 K
Tue 19 Jun '18,8.5,8.6,8.5,8.6,+0.1 (+0.71%),9.5 K
Mon 18 Jun '18,8.5,8.7,8.5,8.5,−0.0 (−0.12%),6.22 K
Thu 14 Jun '18,8.5,8.5,8.5,8.5,−0.0 (−0.47%),25.01 K
Mon 11 Jun '18,8.4,8.5,8.4,8.5,−0.0 (−0.12%),350
Fri 08 Jun '18,8.5,8.6,8.5,8.6,+0.1 (+1.66%),12.01 K
Thu 07 Jun '18,8.4,8.5,8.4,8.4,−0.1 (−1.06%),41.53 K
Tue 05 Jun '18,8.5,8.6,8.5,8.5,0.0 (0.00%),73.12 K
Mon 04 Jun '18,8.4,8.5,8.4,8.5,+0.2 (+2.41%),187.35 K
Fri 01 Jun '18,8.2,8.4,8.2,8.3,−0.1 (−1.19%),11.2 K
Thu 31 May '18,8.3,8.4,8.3,8.4,+0.2 (+2.19%),407.21 K
Wed 30 May '18,8.2,8.2,8.2,8.2,−0.1 (−0.72%),2.15 K
Mon 28 May '18,8.2,8.3,8.2,8.3,+0.1 (+0.85%),28.21 K
Fri 25 May '18,8.2,8.2,8.2,8.2,0.0 (0.00%),20.01 K
Wed 23 May '18,8.2,8.2,8.2,8.2,0.0 (0.00%),16.04 K
Tue 22 May '18,8.2,8.2,8.2,8.2,+0.0 (+0.12%),533.62 K
Mon 21 May '18,8.2,8.3,8.2,8.2,0.0 (0.00%),16.94 K
Thu 17 May '18,8.2,8.2,8.2,8.2,−0.1 (−1.09%),22.2 K
Wed 16 May '18,8.2,8.3,8.2,8.3,+0.1 (+1.10%),11.32 K
Thu 10 May '18,8.2,8.2,8.2,8.2,0.0 (0.00%),20.19 K
Wed 09 May '18,8.2,8.2,8.2,8.2,0.0 (0.00%),16 K
Tue 08 May '18,8.2,8.2,8.2,8.2,+0.0 (+0.49%),9.8 K
Fri 04 May '18,8.1,8.3,8.1,8.2,−0.1 (−1.09%),28.03 K
Thu 03 May '18,8.3,8.3,8.1,8.3,0.0 (0.00%),46.76 K
Wed 02 May '18,8.2,8.5,8.2,8.3,+0.1 (+1.23%),2.17 M
Tue 01 May '18,8.2,8.2,8.2,8.2,0.0 (0.00%),24.66 K
Fri 27 Apr '18,8.1,8.2,8.1,8.2,+0.1 (+0.99%),109.27 K
Thu 26 Apr '18,8.0,8.1,8.0,8.1,−0.1 (−1.59%),2.8 K
Wed 25 Apr '18,8.0,8.2,8.0,8.2,+0.2 (+2.24%),16.14 K
Tue 24 Apr '18,8.0,8.0,8.0,8.0,+0.0 (+0.25%),1 K
Thu 19 Apr '18,8.1,8.3,8.0,8.0,−0.1 (−1.23%),32.52 K
Tue 17 Apr '18,8.1,8.1,8.1,8.1,−0.1 (−1.10%),6.5 K
Thu 12 Apr '18,8.1,8.3,8.1,8.2,+0.1 (+0.99%),1.59 K
Wed 11 Apr '18,8.1,8.2,8.1,8.1,+0.0 (+0.12%),6.27 K
Tue 10 Apr '18,8.1,8.2,8.0,8.1,0.0 (0.00%),41.34 K
Mon 09 Apr '18,8.1,8.3,8.1,8.1,0.0 (0.00%),6.5 K
Fri 06 Apr '18,8.0,8.1,7.8,8.1,+0.3 (+3.85%),1.44 M
Wed 04 Apr '18,8.0,8.3,7.8,7.8,+0.2 (+2.63%),852.05 K
Tue 03 Apr '18,7.6,7.6,7.6,7.6,0.0 (0.00%),30 K
Mon 02 Apr '18,7.6,7.6,7.6,7.6,0.0 (0.00%),14.1 K
Thu 29 Mar '18,7.6,7.6,7.6,7.6,−0.1 (−0.65%),36.23 K
Wed 28 Mar '18,7.6,7.7,7.6,7.7,+0.1 (+1.19%),8.43 K
Tue 27 Mar '18,7.8,8.0,7.5,7.6,+0.2 (+2.16%),13.69 K
Mon 26 Mar '18,7.6,7.6,7.4,7.4,−0.3 (−3.90%),5 K
Thu 22 Mar '18,7.8,7.8,7.7,7.7,−0.0 (−0.13%),300
Tue 20 Mar '18,7.7,7.7,7.7,7.7,−0.1 (−1.15%),2 K
Mon 19 Mar '18,7.9,7.9,7.8,7.8,−0.0 (−0.13%),113.65 K
Fri 16 Mar '18,7.7,7.9,7.7,7.8,−0.1 (−1.01%),36.34 K
Wed 14 Mar '18,7.9,7.9,7.9,7.9,0.0 (0.00%),1.57 K
Mon 12 Mar '18,7.8,7.9,7.8,7.9,+0.3 (+3.82%),25.39 K
Thu 08 Mar '18,7.6,7.6,7.6,7.6,−0.1 (−1.30%),10
Tue 06 Mar '18,7.6,7.7,7.6,7.7,−0.1 (−1.91%),210
Mon 05 Mar '18,7.9,7.9,7.9,7.9,+0.1 (+1.95%),1.98 K
Fri 02 Mar '18,7.7,7.7,7.7,7.7,−0.1 (−1.28%),20
Tue 27 Feb '18,7.8,7.8,7.8,7.8,−0.2 (−2.50%),10
Fri 23 Feb '18,7.8,8.0,7.8,8.0,+0.3 (+4.58%),1.93 M
Wed 21 Feb '18,7.7,7.7,7.7,7.7,+0.0 (+0.53%),1.39 K
Mon 19 Feb '18,7.6,7.6,7.6,7.6,0.0 (0.00%),740
Thu 15 Feb '18,7.6,7.6,7.6,7.6,0.0 (0.00%),10
Wed 14 Feb '18,7.6,7.6,7.6,7.6,+0.0 (+0.13%),500
Tue 13 Feb '18,7.6,7.6,7.6,7.6,0.0 (0.00%),3 K
Thu 08 Feb '18,7.6,7.6,7.6,7.6,−0.2 (−2.56%),500
Wed 07 Feb '18,7.8,7.8,7.8,7.8,0.0 (0.00%),10
Tue 06 Feb '18,7.6,7.8,7.6,7.8,+0.2 (+2.63%),68.05 K
Thu 01 Feb '18,7.6,7.6,7.6,7.6,−0.2 (−2.56%),8.38 K
Tue 30 Jan '18,7.8,7.8,7.8,7.8,+0.2 (+3.04%),500
Fri 26 Jan '18,7.6,7.6,7.6,7.6,−0.4 (−5.38%),3 K
Thu 25 Jan '18,7.5,8.0,7.5,8.0,0.0 (0.00%),2.26 M
Wed 24 Jan '18,7.5,8.0,7.5,8.0,+0.5 (+6.67%),1.47 M
Tue 23 Jan '18,7.5,7.6,7.5,7.5,−0.1 (−1.32%),122.7 K
Wed 17 Jan '18,7.8,7.8,7.6,7.6,0.0 (0.00%),22.01 K
Tue 16 Jan '18,7.6,7.6,7.6,7.6,−0.0 (−0.26%),32.35 K
Fri 12 Jan '18,7.7,7.7,7.6,7.6,−0.1 (−1.04%),470 K
Wed 10 Jan '18,7.8,7.9,7.7,7.7,−0.1 (−1.91%),5.81 K
Mon 08 Jan '18,8.0,8.0,7.8,7.9,−0.1 (−0.63%),10.03 K
Fri 05 Jan '18,7.8,7.9,7.8,7.9,+0.1 (+1.41%),38.73 K
Wed 03 Jan '18,7.8,7.8,7.8,7.8,−0.0 (−0.13%),56.32 K
Fri 29 Dec '17,7.8,7.8,7.8,7.8,+0.2 (+2.09%),2.23 K
Wed 27 Dec '17,7.6,7.6,7.6,7.6,−0.3 (−3.17%),200
Tue 26 Dec '17,7.7,7.9,7.6,7.9,+0.1 (+1.15%),110
Mon 25 Dec '17,7.8,7.8,7.8,7.8,0.0 (0.00%),18.86 K
Thu 21 Dec '17,7.8,7.8,7.8,7.8,−0.0 (−0.64%),79.26 K
Wed 20 Dec '17,7.9,7.9,7.9,7.9,+0.2 (+2.35%),15 K
Tue 19 Dec '17,7.8,7.8,7.7,7.7,−0.1 (−1.29%),49.88 K
Mon 18 Dec '17,7.8,8.0,7.8,7.8,+0.1 (+0.78%),65.42 K
Thu 14 Dec '17,7.7,7.7,7.7,7.7,0.0 (0.00%),14 K
Wed 13 Dec '17,7.7,8.0,7.7,7.7,−0.3 (−3.63%),6.52 K
Tue 12 Dec '17,7.8,8.0,7.8,8.0,+0.3 (+4.58%),2.03 M
Mon 11 Dec '17,7.6,7.7,7.6,7.7,0.0 (0.00%),15.4 K
Thu 07 Dec '17,7.6,7.7,7.5,7.7,+0.0 (+0.39%),222.81 K
Wed 06 Dec '17,7.6,7.6,7.6,7.6,−0.2 (−2.93%),500
Tue 05 Dec '17,7.7,7.9,7.7,7.9,0.0 (0.00%),473.58 K
Thu 30 Nov '17,7.7,7.9,7.7,7.9,−0.1 (−0.63%),38.01 K
Wed 29 Nov '17,7.7,8.0,7.7,7.9,+0.2 (+2.60%),3.04 M
Tue 28 Nov '17,7.7,7.7,7.7,7.7,0.0 (0.00%),5 K
Wed 22 Nov '17,7.7,7.7,7.7,7.7,−0.0 (−0.65%),90
Mon 20 Nov '17,7.8,7.8,7.8,7.8,−0.3 (−3.13%),100
Fri 17 Nov '17,7.7,8.0,7.7,8.0,0.0 (0.00%),210
Thu 16 Nov '17,7.8,8.0,7.8,8.0,+0.1 (+1.39%),9.24 M
Tue 14 Nov '17,7.9,7.9,7.4,7.9,+0.3 (+3.82%),2.25 K
Mon 13 Nov '17,7.8,7.8,7.6,7.6,−0.4 (−5.00%),5.79 K
Fri 10 Nov '17,7.8,8.0,7.8,8.0,0.0 (0.00%),1.89 M
Thu 09 Nov '17,8.0,8.0,7.9,8.0,−0.1 (−0.62%),1.57 M
Wed 08 Nov '17,7.9,8.1,7.7,8.1,+0.4 (+5.09%),4.15 M
Tue 07 Nov '17,7.7,7.9,7.7,7.7,−0.1 (−0.91%),6.87 K
Thu 02 Nov '17,7.8,7.8,7.7,7.7,+0.0 (+0.26%),478.24 K
Wed 01 Nov '17,7.7,7.9,7.7,7.7,+0.1 (+1.45%),128.83 K
Tue 31 Oct '17,7.6,7.6,7.6,7.6,−0.0 (−0.26%),4.41 K
Fri 27 Oct '17,7.4,7.6,7.4,7.6,+0.1 (+1.60%),2.39 M
Thu 26 Oct '17,7.5,7.5,7.5,7.5,+0.1 (+1.35%),401.2 K
Wed 25 Oct '17,7.5,7.6,7.4,7.4,−0.1 (−1.33%),157.47 K
Tue 24 Oct '17,7.5,7.5,7.5,7.5,+0.3 (+3.59%),5 K
Fri 20 Oct '17,7.3,7.3,7.2,7.2,−0.1 (−0.82%),63.27 K
Thu 19 Oct '17,7.2,7.3,7.2,7.3,+0.1 (+1.39%),16.4 K
Tue 17 Oct '17,7.2,7.2,7.2,7.2,0.0 (0.00%),14.2 K
Fri 13 Oct '17,7.3,7.3,7.2,7.2,−0.0 (−0.28%),176.45 K
Wed 11 Oct '17,7.4,7.4,7.2,7.2,−0.2 (−2.43%),142.27 K
Tue 10 Oct '17,7.4,7.4,7.3,7.4,+0.0 (+0.41%),20.07 K
Fri 06 Oct '17,7.3,7.5,7.3,7.4,+0.1 (+1.52%),8.87 K
Wed 04 Oct '17,7.3,7.3,7.1,7.3,+0.0 (+0.14%),9.37 K
Tue 03 Oct '17,7.3,7.4,7.3,7.3,−0.2 (−3.07%),44.09 K
Mon 02 Oct '17,7.5,7.5,7.5,7.5,+0.2 (+2.89%),33.9 K
Thu 28 Sep '17,7.3,7.4,7.3,7.3,−0.1 (−1.76%),12.71 K
Wed 27 Sep '17,7.3,7.4,7.3,7.4,+0.1 (+1.37%),42.4 K
Tue 26 Sep '17,7.3,7.4,7.3,7.3,−0.0 (−0.68%),130.3 K
Mon 25 Sep '17,7.3,7.4,7.3,7.4,+0.0 (+0.68%),129.29 K
Thu 21 Sep '17,7.4,7.4,7.3,7.3,−0.1 (−1.35%),200.51 K
Wed 20 Sep '17,7.4,7.5,7.3,7.4,0.0 (0.00%),35.24 K
Mon 18 Sep '17,7.4,7.5,7.4,7.4,+0.0 (+0.14%),14.45 K
Thu 14 Sep '17,7.4,7.5,7.4,7.4,−0.1 (−0.81%),12.7 K
Wed 13 Sep '17,7.4,7.5,7.4,7.5,0.0 (0.00%),57.14 K
Tue 12 Sep '17,7.4,7.5,7.4,7.5,+0.0 (+0.54%),2.29 K
Mon 11 Sep '17,7.4,7.4,7.4,7.4,+0.0 (+0.14%),4.01 K
Fri 08 Sep '17,7.7,7.7,7.4,7.4,−0.1 (−1.99%),36.51 K
Thu 07 Sep '17,7.4,7.6,7.3,7.6,+0.2 (+2.72%),30.74 K
Wed 06 Sep '17,7.5,7.6,7.3,7.4,−0.1 (−0.68%),28.69 K
Wed 30 Aug '17,7.5,7.5,7.4,7.4,−0.1 (−1.46%),152.64 K
Tue 29 Aug '17,7.5,7.5,7.5,7.5,−0.0 (−0.27%),16.73 K
Mon 28 Aug '17,7.6,7.6,7.5,7.5,−0.1 (−0.92%),39.65 K
Fri 25 Aug '17,7.5,7.7,7.5,7.6,+0.1 (+1.33%),258.63 K
Wed 23 Aug '17,7.6,7.6,7.5,7.5,−0.2 (−2.09%),5.17 K
Tue 22 Aug '17,7.8,7.8,7.7,7.7,−0.1 (−1.16%),13.5 K
Mon 21 Aug '17,8.0,8.0,7.8,7.8,−0.2 (−2.88%),5.3 K
Fri 18 Aug '17,7.8,8.0,7.8,8.0,+0.5 (+6.40%),9.13 K
Thu 17 Aug '17,7.5,7.5,7.5,7.5,+0.1 (+0.94%),24.1 K
Tue 15 Aug '17,7.5,7.5,7.4,7.4,−0.1 (−1.20%),9.87 K
Mon 14 Aug '17,7.5,7.5,7.5,7.5,−0.1 (−1.05%),500
Fri 11 Aug '17,7.6,7.6,7.5,7.6,+0.0 (+0.40%),145.84 K
Thu 10 Aug '17,7.6,7.6,7.6,7.6,−0.1 (−1.69%),1.01 K
Wed 09 Aug '17,7.7,7.7,7.5,7.7,−0.1 (−1.28%),164.92 K
Mon 07 Aug '17,7.8,7.8,7.8,7.8,+0.0 (+0.13%),30 K
Fri 04 Aug '17,7.6,7.8,7.6,7.8,+0.1 (+1.83%),39.25 K
Thu 03 Aug '17,7.8,7.8,7.7,7.7,−0.1 (−1.92%),147.3 K
Wed 02 Aug '17,8.1,8.1,7.8,7.8,−0.0 (−0.13%),12.06 K
Mon 31 Jul '17,7.9,7.9,7.8,7.8,−0.3 (−3.46%),46.42 K
Fri 28 Jul '17,8.1,8.1,8.1,8.1,−0.0 (−0.12%),40
Thu 27 Jul '17,7.9,8.1,7.9,8.1,+0.2 (+2.53%),48.5 K
Wed 26 Jul '17,8.0,8.0,7.9,7.9,−0.1 (−1.00%),71.82 K
Tue 25 Jul '17,8.0,8.0,8.0,8.0,−0.1 (−1.48%),26 K
Mon 24 Jul '17,8.0,8.1,8.0,8.1,+0.1 (+1.50%),223.21 K
Thu 20 Jul '17,8.0,8.1,8.0,8.0,−0.0 (−0.37%),118.16 K
Tue 18 Jul '17,8.0,8.1,8.0,8.0,−0.0 (−0.50%),17.4 K
Mon 17 Jul '17,8.2,8.2,8.1,8.1,−0.0 (−0.37%),12.87 K
Fri 14 Jul '17,8.2,8.3,8.1,8.1,+0.1 (+0.75%),24.01 K
Thu 13 Jul '17,8.1,9.0,8.0,8.0,+0.0 (+0.12%),173.82 K
Wed 12 Jul '17,8.0,8.0,7.9,8.0,+0.0 (+0.63%),110.28 K
Tue 11 Jul '17,7.9,8.0,7.9,8.0,+0.1 (+0.76%),26.26 K
Mon 10 Jul '17,8.0,8.0,7.9,7.9,+0.1 (+0.89%),27.76 K
Fri 07 Jul '17,8.0,8.0,7.8,7.8,−0.2 (−2.12%),55.47 K
Thu 06 Jul '17,8.0,8.0,7.9,8.0,0.0 (0.00%),42.17 K
Wed 05 Jul '17,8.0,8.0,8.0,8.0,−0.1 (−1.23%),24.5 K
Tue 04 Jul '17,8.2,8.2,8.1,8.1,−0.1 (−1.10%),2.76 K
Mon 03 Jul '17,8.0,8.2,8.0,8.2,+0.2 (+2.38%),11.31 K
Fri 30 Jun '17,8.2,8.2,8.0,8.0,−0.2 (−1.96%),10.23 K
Thu 29 Jun '17,8.0,8.2,8.0,8.2,−0.0 (−0.37%),3.9 K
Mon 26 Jun '17,8.1,8.2,8.1,8.2,−0.0 (−0.12%),20.02 K
Thu 22 Jun '17,8.2,8.2,8.2,8.2,−0.0 (−0.24%),38.01 K
Wed 21 Jun '17,8.1,8.4,8.1,8.2,+0.2 (+2.75%),679.63 K
Tue 20 Jun '17,8.0,8.0,7.9,8.0,+0.1 (+1.27%),740.53 K
Fri 16 Jun '17,8.0,8.0,7.9,7.9,−0.1 (−1.25%),23.1 K
Thu 15 Jun '17,8.0,8.0,8.0,8.0,0.0 (0.00%),2.57 M
Wed 14 Jun '17,7.8,8.0,7.8,8.0,+0.2 (+2.56%),313.92 K
Tue 13 Jun '17,7.9,7.9,7.8,7.8,−0.1 (−1.14%),263.25 K
Mon 12 Jun '17,7.9,7.9,7.9,7.9,−0.0 (−0.13%),910
Fri 09 Jun '17,8.0,8.0,7.9,7.9,−0.0 (−0.13%),18.06 K
Wed 07 Jun '17,7.9,7.9,7.8,7.9,−0.1 (−0.75%),14.1 K
Tue 06 Jun '17,8.0,8.0,7.9,8.0,−0.0 (−0.13%),104.14 K
Mon 05 Jun '17,7.8,8.0,7.8,8.0,−0.0 (−0.25%),26.77 K
Thu 01 Jun '17,8.0,8.0,7.8,8.0,+0.2 (+2.17%),734.94 K
Wed 31 May '17,8.0,8.0,7.8,7.8,−0.2 (−2.12%),22.6 K
Tue 30 May '17,8.0,8.0,7.9,8.0,0.0 (0.00%),220.53 K
Mon 29 May '17,8.0,8.0,8.0,8.0,0.0 (0.00%),34.26 K
Fri 26 May '17,8.0,8.0,8.0,8.0,0.0 (0.00%),369.15 K
Thu 25 May '17,8.0,8.0,8.0,8.0,0.0 (0.00%),40 K
Wed 24 May '17,8.0,8.1,8.0,8.0,0.0 (0.00%),2.61 M
Tue 23 May '17,8.0,8.1,8.0,8.0,−0.1 (−1.11%),301 K
Mon 22 May '17,8.0,8.1,7.9,8.1,+0.1 (+1.13%),16.87 K
Fri 19 May '17,8.2,8.2,8.0,8.0,−0.1 (−1.23%),104.94 K
Thu 18 May '17,8.0,8.1,8.0,8.1,+0.1 (+1.25%),392.72 K
Wed 17 May '17,8.0,8.1,7.9,8.0,−0.0 (−0.12%),968 K
Tue 16 May '17,7.9,8.0,7.9,8.0,+0.0 (+0.12%),25.82 K
Mon 15 May '17,7.9,8.0,7.9,8.0,0.0 (0.00%),124.35 K
Fri 12 May '17,8.0,8.0,7.9,8.0,+0.1 (+1.27%),30.29 K
Tue 09 May '17,7.9,7.9,7.9,7.9,0.0 (0.00%),66.48 K
Mon 08 May '17,8.0,8.0,7.8,7.9,−0.0 (−0.50%),150.32 K
Fri 05 May '17,7.7,8.0,7.7,7.9,+0.2 (+2.45%),117.8 K
Thu 04 May '17,7.8,7.8,7.7,7.8,−0.0 (−0.13%),244.4 K
Wed 03 May '17,8.0,8.0,7.4,7.8,−0.2 (−3.00%),4.85 M
Thu 27 Apr '17,8.2,8.2,8.0,8.0,0.0 (0.00%),20.04 K
Wed 26 Apr '17,8.0,8.2,8.0,8.0,−0.2 (−2.32%),18.01 K
Mon 24 Apr '17,8.2,8.3,8.0,8.2,−0.0 (−0.36%),74.27 K
Thu 20 Apr '17,8.2,8.2,8.0,8.2,+0.0 (+0.24%),24.95 K
Wed 19 Apr '17,8.1,8.2,8.1,8.2,+0.2 (+2.50%),8.77 K
Tue 18 Apr '17,8.2,8.2,8.0,8.0,−0.2 (−2.79%),17.38 K
Mon 17 Apr '17,8.3,8.3,8.0,8.2,+0.1 (+1.60%),13.06 K
Wed 12 Apr '17,7.9,8.1,7.9,8.1,+0.1 (+1.38%),153 K
Tue 11 Apr '17,8.0,8.0,7.9,8.0,+0.1 (+1.14%),12.06 K
Fri 07 Apr '17,7.9,7.9,7.9,7.9,0.0 (0.00%),27.54 K
Thu 06 Apr '17,7.9,7.9,7.9,7.9,+0.1 (+1.15%),32.11 K
Wed 05 Apr '17,7.9,8.0,7.8,7.8,+0.0 (+0.13%),29.3 K
Tue 04 Apr '17,7.7,7.8,7.7,7.8,0.0 (0.00%),6.42 K
Mon 03 Apr '17,7.7,7.8,7.7,7.8,0.0 (0.00%),3.65 K
Fri 31 Mar '17,7.7,7.8,7.7,7.8,0.0 (0.00%),466.58 K
Tue 28 Mar '17,7.9,7.9,7.8,7.8,−0.1 (−1.27%),100.01 K
Mon 27 Mar '17,7.9,7.9,7.9,7.9,0.0 (0.00%),360.42 K
Fri 24 Mar '17,7.9,7.9,7.9,7.9,0.0 (0.00%),143.3 K
Thu 23 Mar '17,8.0,8.0,7.9,7.9,−0.0 (−0.63%),32.57 K
Wed 22 Mar '17,8.0,8.0,7.9,8.0,−0.0 (−0.62%),26.73 K
Tue 21 Mar '17,8.0,8.0,7.9,8.0,0.0 (0.00%),12.96 K
Mon 20 Mar '17,7.9,8.0,7.9,8.0,+0.1 (+1.27%),124 K
Wed 15 Mar '17,8.0,8.0,7.9,7.9,−0.1 (−0.88%),310
Tue 14 Mar '17,8.0,8.0,8.0,8.0,0.0 (0.00%),1.25 K
Fri 10 Mar '17,8.3,8.3,8.0,8.0,−0.3 (−3.74%),4.88 K
Wed 08 Mar '17,8.4,8.4,8.3,8.3,+0.2 (+2.22%),20
Tue 07 Mar '17,8.2,8.2,8.1,8.1,0.0 (0.00%),110
Mon 06 Mar '17,8.2,8.2,8.1,8.1,+0.1 (+1.25%),3.02 K
Thu 02 Mar '17,8.0,8.0,8.0,8.0,0.0 (0.00%),1.97 K
Wed 01 Mar '17,8.2,8.2,8.0,8.0,−0.4 (−4.76%),96.91 K
Mon 27 Feb '17,8.3,8.4,8.2,8.4,−0.1 (−0.94%),71.47 K
Thu 23 Feb '17,8.3,8.5,8.2,8.5,+0.2 (+2.17%),93.84 K
Wed 22 Feb '17,8.5,8.5,8.2,8.3,0.0 (0.00%),21.7 K
Tue 21 Feb '17,8.2,8.3,8.1,8.3,0.0 (0.00%),239.64 K
Mon 20 Feb '17,8.3,8.3,8.3,8.3,+0.1 (+0.61%),35.01 K
Thu 16 Feb '17,8.2,8.3,8.2,8.3,−0.1 (−1.67%),85.15 K
Wed 15 Feb '17,8.1,8.4,8.0,8.4,+0.4 (+4.88%),64.75 K
Mon 13 Feb '17,8.5,8.5,8.0,8.0,−0.0 (−0.37%),50.01 K
Wed 08 Feb '17,8.1,8.1,8.0,8.0,+0.0 (+0.38%),11.77 K
Fri 03 Feb '17,8.2,8.2,7.9,8.0,0.0 (0.00%),36.76 K
Wed 01 Feb '17,8.2,8.4,8.0,8.0,−0.5 (−5.77%),121.01 K
Tue 31 Jan '17,8.5,8.5,8.2,8.5,+0.3 (+3.16%),1.97 K
Thu 26 Jan '17,8.8,8.8,8.2,8.2,−0.3 (−3.18%),1.5 K
Mon 23 Jan '17,8.6,8.9,8.5,8.5,−0.2 (−1.73%),47.1 K
Wed 18 Jan '17,8.8,8.8,8.7,8.7,−0.2 (−1.70%),3.58 K
Mon 16 Jan '17,8.5,8.8,8.5,8.8,+0.3 (+3.41%),44.2 K
Fri 13 Jan '17,8.6,8.8,8.5,8.5,+0.0 (+0.12%),38.71 K
Tue 10 Jan '17,8.5,8.6,8.5,8.5,0.0 (0.00%),100.71 K
Fri 06 Jan '17,8.5,8.5,8.5,8.5,0.0 (0.00%),6.35 K
Thu 05 Jan '17,8.7,8.7,8.5,8.5,−0.2 (−2.30%),17.02 K
Wed 04 Jan '17,8.5,8.7,8.5,8.7,+0.2 (+2.35%),19.01 K
Tue 03 Jan '17,8.6,8.6,8.5,8.5,−0.2 (−1.73%),34.28 K
Mon 02 Jan '17,8.8,8.8,8.7,8.7,−0.2 (−1.70%),6.37 K
Thu 29 Dec '16,8.8,8.8,8.8,8.8,0.0 (0.00%),120
Wed 28 Dec '16,8.8,8.8,8.8,8.8,+0.2 (+2.33%),110
Tue 27 Dec '16,8.6,8.6,8.6,8.6,0.0 (0.00%),28.19 K
Mon 26 Dec '16,8.6,8.6,8.6,8.6,0.0 (0.00%),17.6 K
Fri 23 Dec '16,8.6,8.6,8.6,8.6,0.0 (0.00%),5.67 K
Thu 22 Dec '16,8.9,8.9,8.5,8.6,−0.3 (−2.82%),84.61 K
Tue 20 Dec '16,8.9,8.9,8.8,8.9,−0.1 (−1.45%),12.5 K
Thu 15 Dec '16,9.0,9.0,9.0,9.0,+0.1 (+0.90%),500
Wed 14 Dec '16,9.0,9.0,8.9,8.9,−0.1 (−1.00%),52.3 K
Tue 13 Dec '16,9.0,9.0,9.0,9.0,−0.1 (−0.77%),160
Thu 08 Dec '16,9.1,9.1,9.0,9.1,−0.0 (−0.44%),98.05 K
Wed 07 Dec '16,9.1,9.1,9.1,9.1,−0.1 (−0.55%),10.31 K
Mon 05 Dec '16,9.2,9.2,9.1,9.2,−0.0 (−0.22%),3.56 K
Fri 02 Dec '16,9.3,9.3,9.2,9.2,+0.2 (+1.89%),1.55 K
Wed 30 Nov '16,9.1,9.1,9.0,9.0,−0.1 (−1.10%),31.75 K
Mon 28 Nov '16,9.0,9.1,9.0,9.1,+0.1 (+0.89%),6 K
Fri 25 Nov '16,9.0,9.0,9.0,9.0,−0.1 (−0.66%),6.97 K
Thu 24 Nov '16,9.1,9.1,9.0,9.1,−0.0 (−0.22%),15.34 K
Wed 23 Nov '16,9.1,9.1,9.1,9.1,0.0 (0.00%),23.02 K
Mon 21 Nov '16,9.2,9.2,9.1,9.1,−0.1 (−0.98%),56.47 K
Thu 17 Nov '16,9.3,9.3,9.2,9.2,−0.1 (−0.65%),211.4 K
Wed 16 Nov '16,9.2,9.3,9.2,9.3,+0.1 (+0.76%),247.42 K
Mon 14 Nov '16,9.2,9.2,9.2,9.2,+0.0 (+0.11%),5 K
Fri 11 Nov '16,9.4,9.4,9.2,9.2,−0.0 (−0.33%),14.97 K
Wed 09 Nov '16,9.3,9.3,9.2,9.2,+0.0 (+0.55%),4.4 K
Mon 07 Nov '16,9.3,9.3,9.1,9.2,−0.0 (−0.54%),49.66 K
Thu 03 Nov '16,9.2,9.2,9.2,9.2,−0.2 (−2.13%),200.9 K
Tue 01 Nov '16,9.2,9.4,9.2,9.4,+0.1 (+1.08%),21 K
Mon 31 Oct '16,9.3,9.3,9.2,9.3,+0.1 (+1.09%),30.66 K
Fri 28 Oct '16,9.2,9.2,9.2,9.2,−0.2 (−2.13%),1.25 M
Thu 27 Oct '16,9.2,9.4,9.2,9.4,−0.0 (−0.21%),898.19 K
Wed 26 Oct '16,9.2,9.4,9.2,9.4,+0.3 (+3.74%),2 K
Mon 24 Oct '16,9.3,9.5,9.0,9.1,−0.2 (−2.37%),59.84 K
Fri 21 Oct '16,9.3,9.3,9.3,9.3,0.0 (0.00%),4.94 K
Thu 20 Oct '16,9.4,9.5,9.3,9.3,−0.1 (−1.06%),225.88 K
Wed 19 Oct '16,9.4,9.5,9.3,9.4,+0.0 (+0.11%),501.35 K
Tue 18 Oct '16,9.4,9.4,9.4,9.4,−0.0 (−0.11%),69.33 K
Fri 14 Oct '16,9.4,9.4,9.4,9.4,0.0 (0.00%),22.65 K
Wed 12 Oct '16,9.4,9.4,9.3,9.4,0.0 (0.00%),270.02 K
Tue 11 Oct '16,9.6,9.6,9.4,9.4,−0.3 (−2.59%),253.67 K
Fri 07 Oct '16,9.7,9.7,9.7,9.7,+0.1 (+0.52%),3.13 K
Thu 06 Oct '16,9.5,9.6,9.5,9.6,−0.1 (−1.03%),389.57 K
Tue 04 Oct '16,9.6,9.7,9.6,9.7,+0.1 (+1.04%),372.13 K
Mon 03 Oct '16,9.4,9.7,9.4,9.6,+0.2 (+2.24%),111.12 K
Fri 30 Sep '16,9.5,9.5,9.4,9.4,−0.0 (−0.11%),7.27 K
Wed 28 Sep '16,9.4,9.4,9.2,9.4,+0.1 (+1.08%),24.02 K
Fri 23 Sep '16,9.1,9.3,9.1,9.3,+0.2 (+2.65%),10.04 K
Thu 22 Sep '16,9.1,9.1,9.1,9.1,−0.1 (−1.52%),13.24 K
Wed 21 Sep '16,9.1,9.3,9.1,9.2,+0.1 (+1.66%),196.33 K
Tue 20 Sep '16,9.2,9.2,9.1,9.1,−0.3 (−2.79%),530.23 K
Mon 19 Sep '16,9.3,9.3,9.3,9.3,−0.0 (−0.32%),116.53 K
Thu 15 Sep '16,9.3,9.3,9.3,9.3,−0.2 (−1.58%),4.5 K
Tue 13 Sep '16,9.3,9.5,9.3,9.5,+0.2 (+2.04%),41.85 K
Mon 12 Sep '16,9.3,9.3,9.3,9.3,−0.3 (−3.12%),6.53 K
Thu 08 Sep '16,9.4,9.6,9.4,9.6,−0.0 (−0.41%),200
Wed 07 Sep '16,9.7,9.7,9.6,9.6,+0.1 (+1.05%),30
Tue 06 Sep '16,9.3,9.5,9.3,9.5,+0.1 (+1.49%),16.55 K
Fri 02 Sep '16,9.5,9.5,9.4,9.4,0.0 (0.00%),23.95 K
Thu 01 Sep '16,9.3,9.4,9.3,9.4,+0.2 (+2.06%),100.26 K
Wed 31 Aug '16,9.3,9.4,9.2,9.2,−0.3 (−3.05%),243.73 K
Tue 30 Aug '16,9.5,9.6,9.4,9.5,+0.1 (+1.06%),300.68 K
Thu 25 Aug '16,9.4,9.4,9.4,9.4,0.0 (0.00%),195.7 K
Wed 24 Aug '16,9.4,9.4,9.4,9.4,−0.3 (−3.09%),7.91 K
Tue 23 Aug '16,9.7,9.7,9.7,9.7,−0.1 (−1.02%),235.55 K
Mon 22 Aug '16,9.4,9.8,9.4,9.8,+0.4 (+4.26%),299.49 K
Fri 19 Aug '16,9.4,9.5,9.4,9.4,+0.0 (+0.21%),153.78 K
Thu 18 Aug '16,9.3,9.4,9.3,9.4,+0.1 (+0.86%),7.19 K
Tue 16 Aug '16,9.3,9.3,9.3,9.3,−0.1 (−1.17%),38.47 K
Thu 11 Aug '16,9.5,9.5,9.4,9.4,−0.1 (−1.05%),30.95 K
Wed 10 Aug '16,9.4,9.5,9.4,9.5,+0.0 (+0.11%),254.05 K
Tue 09 Aug '16,9.6,9.6,9.4,9.5,−0.1 (−0.52%),130.2 K
Mon 08 Aug '16,9.5,9.7,9.4,9.6,−0.0 (−0.52%),836.75 K
Fri 05 Aug '16,9.4,9.6,9.4,9.6,+0.2 (+1.80%),87.48 K
Thu 04 Aug '16,9.5,9.5,9.2,9.4,−0.1 (−0.63%),19.54 K
Wed 03 Aug '16,9.4,9.7,9.4,9.5,−0.0 (−0.11%),36.95 K
Tue 02 Aug '16,9.0,10.0,9.0,9.5,+0.4 (+4.40%),295.24 K
Mon 01 Aug '16,9.0,9.1,8.9,9.1,+0.1 (+0.78%),1.55 M
Fri 29 Jul '16,9.0,9.1,8.9,9.0,+0.1 (+0.89%),1.17 M
Thu 28 Jul '16,8.9,9.0,8.9,9.0,+0.1 (+1.59%),55.6 K
Wed 27 Jul '16,8.8,8.9,8.8,8.8,+0.0 (+0.11%),548 K
Mon 25 Jul '16,8.8,8.8,8.8,8.8,+0.0 (+0.46%),101.55 K
Thu 21 Jul '16,8.9,8.9,8.8,8.8,−0.2 (−2.45%),11.35 K
Wed 20 Jul '16,8.9,9.0,8.8,9.0,+0.1 (+1.47%),4.03 K
Mon 18 Jul '16,8.9,8.9,8.9,8.9,−0.2 (−1.67%),10 K
Thu 14 Jul '16,8.9,9.0,8.8,9.0,0.0 (0.00%),26.65 K
Wed 13 Jul '16,8.8,9.0,8.8,9.0,+0.0 (+0.11%),155.96 K
Tue 12 Jul '16,9.0,9.0,9.0,9.0,+0.3 (+3.33%),50
Mon 11 Jul '16,8.9,8.9,8.7,8.7,−0.3 (−3.33%),98.33 K
Fri 08 Jul '16,9.0,9.0,9.0,9.0,0.0 (0.00%),55.22 K
Wed 06 Jul '16,9.0,9.0,9.0,9.0,0.0 (0.00%),3.34 K
Tue 05 Jul '16,9.0,9.0,9.0,9.0,0.0 (0.00%),2.11 K
Fri 01 Jul '16,8.8,9.0,8.8,9.0,+0.1 (+1.12%),9.05 K
Thu 30 Jun '16,8.9,8.9,8.9,8.9,+0.1 (+1.14%),14.55 K
Wed 29 Jun '16,8.9,8.9,8.8,8.8,0.0 (0.00%),5.3 K
Tue 28 Jun '16,8.9,8.9,8.8,8.8,0.0 (0.00%),3.67 K
Mon 27 Jun '16,8.9,9.0,8.8,8.8,−0.1 (−1.01%),111.34 K
Fri 24 Jun '16,8.8,8.9,8.8,8.9,+0.1 (+1.02%),11.43 K
Wed 22 Jun '16,8.9,8.9,8.8,8.8,−0.1 (−0.68%),21.5 K
Tue 21 Jun '16,9.0,9.0,8.9,8.9,+0.0 (+0.11%),56.5 K
Mon 20 Jun '16,9.0,9.0,8.9,8.9,−0.1 (−1.12%),55.05 K
Fri 17 Jun '16,8.9,9.0,8.9,9.0,+0.0 (+0.45%),67.2 K
Thu 16 Jun '16,8.9,8.9,8.9,8.9,−0.1 (−1.22%),5 K
Mon 13 Jun '16,9.0,9.0,9.0,9.0,−0.3 (−2.91%),14.01 K
Fri 10 Jun '16,8.9,9.4,8.9,9.3,+0.4 (+4.38%),59.07 K
Thu 09 Jun '16,9.1,9.3,8.9,8.9,−0.1 (−1.11%),7.5 K
Wed 08 Jun '16,9.0,9.0,8.9,9.0,+0.1 (+0.56%),76.4 K
Tue 07 Jun '16,9.0,9.0,8.9,9.0,+0.0 (+0.22%),19.03 K
Fri 03 Jun '16,9.0,9.0,8.9,8.9,+0.1 (+1.48%),1.1 K
Thu 02 Jun '16,8.9,8.9,8.8,8.8,−0.2 (−2.00%),45.99 K
Wed 01 Jun '16,8.9,9.0,8.8,9.0,+0.0 (+0.45%),196.21 K
Tue 31 May '16,9.0,9.0,8.7,8.9,−0.3 (−2.83%),214.19 K
Mon 30 May '16,9.2,9.3,9.2,9.2,−0.1 (−1.08%),41.17 K
Fri 27 May '16,9.2,9.3,9.2,9.3,0.0 (0.00%),8.5 K
Thu 26 May '16,9.4,9.4,9.3,9.3,0.0 (0.00%),20.63 K
Wed 25 May '16,9.2,9.3,9.2,9.3,+0.1 (+1.31%),44.44 K
Tue 24 May '16,9.3,9.3,9.2,9.2,−0.2 (−2.34%),26.51 K
Fri 20 May '16,9.2,9.6,9.2,9.4,+0.2 (+2.17%),86.65 K
Thu 19 May '16,9.3,9.3,9.2,9.2,0.0 (0.00%),247.61 K
Wed 18 May '16,9.3,9.3,9.2,9.2,0.0 (0.00%),64.01 K
Tue 17 May '16,9.3,9.3,9.2,9.2,−0.1 (−0.76%),30.15 K
Mon 16 May '16,9.3,9.4,9.3,9.3,+0.0 (+0.22%),2 K
Fri 13 May '16,9.2,9.3,9.2,9.3,+0.1 (+0.76%),58.12 K
Thu 12 May '16,9.4,9.4,9.2,9.2,−0.0 (−0.22%),20.6 K
Tue 10 May '16,9.2,9.2,9.2,9.2,0.0 (0.00%),34.07 K
Mon 09 May '16,9.2,9.3,9.1,9.2,+0.2 (+2.22%),50.08 K
Thu 05 May '16,9.0,9.2,9.0,9.0,−0.1 (−1.21%),120.61 K
Wed 04 May '16,9.1,9.5,9.1,9.1,+0.0 (+0.11%),80.92 K
Tue 03 May '16,9.2,9.2,9.0,9.1,+0.1 (+1.11%),72.34 K
Fri 29 Apr '16,8.8,9.0,8.8,9.0,0.0 (0.00%),50.85 K
Thu 28 Apr '16,9.0,9.0,9.0,9.0,0.0 (0.00%),1.83 K
Wed 27 Apr '16,9.0,9.0,9.0,9.0,−0.1 (−0.55%),65.01 K
Mon 25 Apr '16,9.1,9.1,9.0,9.1,+0.1 (+0.56%),130.42 K
Fri 22 Apr '16,9.1,9.1,9.0,9.0,−0.1 (−1.10%),59.54 K
Wed 20 Apr '16,9.0,9.1,9.0,9.1,+0.1 (+1.11%),88.93 K
Tue 19 Apr '16,9.0,9.0,9.0,9.0,0.0 (0.00%),352.5 K
Fri 15 Apr '16,9.2,9.2,9.0,9.0,−0.2 (−2.17%),28.02 K
Tue 12 Apr '16,9.1,9.2,9.1,9.2,+0.3 (+3.37%),26.8 K
Mon 11 Apr '16,9.0,9.1,8.9,8.9,−0.1 (−1.11%),20.52 K
Fri 08 Apr '16,8.9,9.1,8.8,9.0,−0.0 (−0.44%),101 K
Thu 07 Apr '16,9.0,9.1,8.9,9.0,+0.0 (+0.56%),282.81 K
Wed 06 Apr '16,8.8,9.1,8.8,9.0,+0.2 (+2.16%),2.3 M
Tue 05 Apr '16,8.7,8.8,8.7,8.8,+0.1 (+1.15%),37.88 K
Fri 01 Apr '16,8.6,8.7,8.6,8.7,+0.4 (+4.82%),27.01 K
Thu 31 Mar '16,8.3,8.6,8.3,8.3,−0.2 (−2.47%),10.3 K
Tue 29 Mar '16,8.5,8.5,8.5,8.5,+0.0 (+0.12%),22.52 K
Mon 28 Mar '16,8.6,8.6,8.4,8.5,0.0 (0.00%),87.64 K
Wed 23 Mar '16,8.7,8.7,8.5,8.5,+0.4 (+4.94%),2.1 K
Mon 21 Mar '16,8.4,8.6,8.1,8.1,−0.2 (−2.41%),5.97 K
Fri 18 Mar '16,8.6,8.6,8.1,8.3,−0.2 (−2.35%),9.3 K
Thu 17 Mar '16,8.4,8.5,8.4,8.5,+0.1 (+1.55%),5.26 K
Wed 16 Mar '16,8.0,8.4,8.0,8.4,+0.4 (+4.62%),39.05 K
Tue 15 Mar '16,7.9,8.0,7.9,8.0,0.0 (0.00%),2.66 K
Mon 14 Mar '16,8.1,8.1,7.8,8.0,0.0 (0.00%),24.2 K
Fri 11 Mar '16,7.9,8.4,7.9,8.0,−0.3 (−3.50%),888.28 K
Thu 10 Mar '16,7.6,8.3,7.5,8.3,+0.4 (+4.94%),99.4 K
Wed 09 Mar '16,8.0,8.0,7.6,7.9,−0.5 (−6.29%),93.34 K
Tue 08 Mar '16,8.6,8.6,8.0,8.4,−0.4 (−4.20%),20.55 K
Fri 04 Mar '16,8.7,8.8,8.6,8.8,+0.1 (+1.15%),18.23 K
Thu 03 Mar '16,8.8,8.8,8.7,8.7,−0.0 (−0.23%),33.7 K
Wed 02 Mar '16,8.8,8.8,8.6,8.7,+0.0 (+0.11%),169.72 K
Tue 01 Mar '16,8.8,8.8,8.7,8.7,−0.1 (−1.58%),17.45 K
Mon 29 Feb '16,8.9,8.9,8.8,8.9,+0.0 (+0.57%),61.13 K
Fri 26 Feb '16,8.7,8.9,8.7,8.8,+0.4 (+4.14%),256.83 K
Thu 25 Feb '16,8.4,8.5,8.4,8.5,+0.0 (+0.60%),21.45 K
Wed 24 Feb '16,8.4,8.5,8.4,8.4,0.0 (0.00%),10.55 K
Mon 22 Feb '16,8.6,8.6,8.4,8.4,0.0 (0.00%),69.99 K
Wed 17 Feb '16,8.5,8.6,8.4,8.4,−0.0 (−0.59%),52.84 K
Tue 16 Feb '16,8.5,8.5,8.5,8.5,+0.0 (+0.60%),21.95 K
Mon 15 Feb '16,8.5,8.6,8.4,8.4,−0.1 (−1.06%),57.93 K
Thu 11 Feb '16,8.5,8.5,8.4,8.5,+0.1 (+1.43%),6.12 K
Wed 10 Feb '16,8.5,8.5,8.4,8.4,−0.1 (−1.53%),680
Tue 09 Feb '16,8.5,8.5,8.4,8.5,0.0 (0.00%),51.87 K
Mon 08 Feb '16,8.5,8.6,8.5,8.5,0.0 (0.00%),35.43 K
Fri 05 Feb '16,8.5,8.6,8.5,8.5,0.0 (0.00%),259.58 K
Wed 03 Feb '16,8.5,8.6,8.5,8.5,0.0 (0.00%),144.8 K
Tue 02 Feb '16,8.7,8.7,8.5,8.5,−0.0 (−0.12%),69.07 K
Fri 29 Jan '16,8.7,8.8,8.5,8.5,−0.2 (−2.18%),135.47 K
Thu 28 Jan '16,8.6,8.7,8.6,8.7,0.0 (0.00%),37.18 K
Wed 27 Jan '16,8.6,8.7,8.5,8.7,0.0 (0.00%),53.64 K
Mon 25 Jan '16,8.8,8.8,8.7,8.7,−0.1 (−1.14%),23.06 K
Fri 22 Jan '16,8.8,8.8,8.8,8.8,+0.3 (+2.92%),41.73 K
Wed 20 Jan '16,8.8,8.8,8.6,8.6,−0.3 (−2.84%),14.33 K
Tue 19 Jan '16,8.5,8.8,8.5,8.8,+0.3 (+3.17%),10.47 K
Mon 18 Jan '16,8.8,8.8,8.5,8.5,−0.3 (−3.72%),21.02 K
Thu 14 Jan '16,8.9,8.9,8.8,8.9,+0.2 (+1.84%),233.75 K
Tue 12 Jan '16,9.0,9.0,8.7,8.7,−0.5 (−5.43%),56.42 K
Thu 07 Jan '16,9.2,9.2,9.2,9.2,0.0 (0.00%),24.94 K
Wed 06 Jan '16,9.5,9.5,9.2,9.2,0.0 (0.00%),1.65 K
Tue 05 Jan '16,9.2,9.3,9.2,9.2,0.0 (0.00%),50.81 K
Thu 31 Dec '15,9.1,9.2,9.1,9.2,+0.1 (+1.10%),48.24 K
Wed 30 Dec '15,9.2,9.2,9.1,9.1,−0.1 (−0.66%),37.56 K
Tue 29 Dec '15,9.2,9.2,9.2,9.2,−0.0 (−0.43%),3.05 K
Mon 28 Dec '15,9.3,9.3,9.2,9.2,0.0 (0.00%),7.5 K
Tue 22 Dec '15,9.2,9.2,9.2,9.2,−0.0 (−0.11%),10
Mon 21 Dec '15,9.2,9.2,9.2,9.2,−0.0 (−0.32%),300
Thu 17 Dec '15,9.1,9.2,9.1,9.2,+0.2 (+2.67%),52.5 K
Tue 15 Dec '15,9.0,9.0,9.0,9.0,+0.1 (+1.12%),92.9 K
Mon 14 Dec '15,8.9,8.9,8.9,8.9,0.0 (0.00%),49.77 K
Fri 11 Dec '15,8.9,8.9,8.9,8.9,0.0 (0.00%),26.78 K
Thu 10 Dec '15,8.9,8.9,8.9,8.9,−0.0 (−0.34%),15.51 K
Wed 09 Dec '15,8.9,9.0,8.9,8.9,−0.2 (−1.76%),34.86 K
Tue 08 Dec '15,9.0,9.1,8.9,9.1,+0.0 (+0.44%),43.8 K
Fri 04 Dec '15,9.1,9.1,9.0,9.1,+0.0 (+0.44%),15.24 K
Thu 03 Dec '15,9.2,9.2,9.0,9.0,−0.1 (−1.53%),35.16 K
Wed 02 Dec '15,9.2,9.3,9.1,9.2,−0.2 (−1.61%),6.07 K
Tue 01 Dec '15,9.4,9.4,9.3,9.3,−0.0 (−0.11%),345.92 K
Mon 30 Nov '15,9.4,9.4,9.3,9.3,−0.1 (−0.96%),144.25 K
Fri 27 Nov '15,9.4,9.4,9.3,9.4,+0.1 (+0.53%),13.74 K
Thu 26 Nov '15,9.4,9.4,9.4,9.4,−0.1 (−0.53%),71.61 K
Tue 24 Nov '15,9.4,9.5,9.3,9.4,−0.2 (−1.57%),180.65 K
Mon 23 Nov '15,9.4,9.6,9.4,9.6,+0.1 (+1.38%),259.28 K
Fri 20 Nov '15,9.4,9.4,9.4,9.4,0.0 (0.00%),137.51 K
Thu 19 Nov '15,9.4,9.4,9.4,9.4,0.0 (0.00%),343.97 K
Wed 18 Nov '15,9.4,9.4,9.4,9.4,0.0 (0.00%),46.4 K
Tue 17 Nov '15,9.4,9.4,9.3,9.4,+0.0 (+0.21%),188.9 K
Mon 16 Nov '15,9.4,9.8,9.2,9.4,−0.2 (−1.98%),158.87 K
Fri 13 Nov '15,9.6,10.0,9.4,9.6,+0.3 (+3.01%),191.72 K
Thu 12 Nov '15,9.5,9.5,9.3,9.3,+0.1 (+1.20%),1.14 K
Wed 11 Nov '15,9.5,9.5,9.2,9.2,−0.3 (−2.65%),19.59 K
Thu 05 Nov '15,9.4,9.5,9.4,9.5,+0.1 (+1.61%),1 K
Tue 03 Nov '15,9.3,9.3,9.1,9.3,+0.1 (+0.76%),70.31 K
Mon 02 Nov '15,9.2,9.2,9.2,9.2,+0.0 (+0.33%),7.8 K
Fri 30 Oct '15,9.4,9.4,9.2,9.2,0.0 (0.00%),25.12 K
Thu 29 Oct '15,9.5,9.5,9.2,9.2,−0.3 (−3.16%),133.92 K
Wed 28 Oct '15,9.4,9.5,9.4,9.5,+0.1 (+0.53%),17.6 K
Mon 26 Oct '15,9.5,9.5,9.5,9.5,−0.1 (−0.53%),18.86 K
Fri 23 Oct '15,9.5,9.5,9.5,9.5,−0.1 (−0.52%),110.6 K
Thu 22 Oct '15,9.5,9.6,9.5,9.6,+0.1 (+0.53%),80.08 K
Wed 21 Oct '15,9.5,9.5,9.5,9.5,0.0 (0.00%),19.37 K
Tue 20 Oct '15,9.4,9.5,9.4,9.5,+0.1 (+1.06%),13.88 K
Mon 19 Oct '15,9.4,9.5,9.4,9.4,+0.1 (+0.53%),16.45 K
Fri 16 Oct '15,9.4,9.5,9.3,9.4,−0.2 (−1.68%),35.82 K
Thu 15 Oct '15,9.7,9.7,9.5,9.5,−0.1 (−0.94%),764.2 K
Wed 14 Oct '15,9.9,9.9,9.6,9.6,0.0 (0.00%),111.07 K
Tue 13 Oct '15,10.0,10.0,9.6,9.6,−0.2 (−2.04%),41.64 K
Mon 12 Oct '15,9.9,10.0,9.8,9.8,−0.1 (−0.81%),143.5 K
Fri 09 Oct '15,9.9,9.9,9.9,9.9,−0.1 (−1.20%),60.98 K
Thu 08 Oct '15,9.9,10.0,9.9,10.0,0.0 (0.00%),30.16 K
Wed 07 Oct '15,9.9,10.0,9.9,10.0,+0.1 (+1.01%),98.02 K
Tue 06 Oct '15,9.9,9.9,9.9,9.9,+0.0 (+0.30%),137.54 K
Mon 05 Oct '15,9.9,10.0,9.9,9.9,+0.1 (+1.23%),110 K
Thu 01 Oct '15,9.8,9.8,9.6,9.8,+0.2 (+1.56%),268.1 K
Wed 30 Sep '15,9.8,9.8,9.6,9.6,−0.2 (−2.04%),155 K
Tue 29 Sep '15,9.7,9.8,9.5,9.8,+0.1 (+0.62%),346.82 K
Mon 28 Sep '15,10.0,10.0,9.6,9.7,−0.3 (−2.60%),447.98 K
Wed 23 Sep '15,10.0,10.0,10.0,10.0,−0.1 (−0.99%),118.92 K
Tue 22 Sep '15,10.0,10.1,10.0,10.1,−0.1 (−0.98%),30.01 K
Mon 21 Sep '15,10.2,10.2,10.1,10.2,0.0 (0.00%),71.6 K
Fri 18 Sep '15,10.2,10.2,10.2,10.2,0.0 (0.00%),32.23 K
Thu 17 Sep '15,10.3,10.3,10.2,10.2,−0.1 (−0.49%),51.48 K
Wed 16 Sep '15,10.5,10.5,10.3,10.3,−0.2 (−1.91%),113.25 K
Tue 15 Sep '15,10.6,10.6,10.4,10.5,−0.4 (−3.24%),59.44 K
Mon 14 Sep '15,10.4,10.8,10.4,10.8,+0.4 (+3.65%),22.54 K
Fri 11 Sep '15,10.4,10.4,10.4,10.4,−0.4 (−3.43%),38.59 K
Thu 10 Sep '15,10.7,10.8,10.6,10.8,+0.1 (+0.84%),24.35 K
Wed 09 Sep '15,10.5,10.7,10.5,10.7,+0.4 (+3.88%),53.27 K
Tue 08 Sep '15,10.3,10.4,10.3,10.3,0.0 (0.00%),50.01 K
Mon 07 Sep '15,10.8,10.8,10.3,10.3,−0.7 (−6.28%),78.65 K
Fri 04 Sep '15,10.8,11.0,10.8,11.0,+0.2 (+1.76%),6.78 K
Thu 03 Sep '15,10.8,10.8,10.8,10.8,−0.2 (−1.82%),7.5 K
Tue 01 Sep '15,11.0,11.0,11.0,11.0,0.0 (0.00%),24.08 K
Mon 31 Aug '15,11.0,11.1,11.0,11.0,−0.0 (−0.09%),303.94 K
Fri 28 Aug '15,11.0,11.1,10.7,11.0,+0.0 (+0.18%),347.37 K
Thu 27 Aug '15,10.7,11.1,10.7,11.0,+0.2 (+1.76%),162.52 K
Wed 26 Aug '15,11.0,11.0,10.8,10.8,−0.1 (−0.74%),13.61 K
Tue 25 Aug '15,11.0,11.0,10.8,10.9,−0.1 (−1.09%),295.34 K
Mon 24 Aug '15,11.0,11.1,10.9,11.0,−0.3 (−2.22%),433.02 K
Thu 20 Aug '15,11.3,11.4,11.2,11.3,−0.2 (−1.32%),271.97 K
Wed 19 Aug '15,11.6,11.6,11.3,11.4,0.0 (0.00%),77.06 K
Tue 18 Aug '15,11.5,11.5,11.4,11.4,−0.1 (−0.87%),118.93 K
Fri 14 Aug '15,11.4,11.6,11.4,11.5,+0.3 (+2.40%),806.98 K
Thu 13 Aug '15,11.5,11.5,11.2,11.2,−0.6 (−4.83%),373.99 K
Tue 11 Aug '15,11.2,11.8,11.1,11.8,+0.7 (+6.31%),1.07 M
Mon 10 Aug '15,11.3,11.3,11.1,11.1,0.0 (0.00%),107.97 K
Fri 07 Aug '15,11.2,11.3,11.0,11.1,−0.1 (−0.89%),139.03 K
Thu 06 Aug '15,11.5,11.5,11.2,11.2,−0.2 (−1.75%),61.5 K
Wed 05 Aug '15,11.3,11.5,11.3,11.4,+0.2 (+1.69%),233.71 K
Tue 04 Aug '15,11.3,11.3,11.2,11.2,−0.0 (−0.36%),949.57 K
Mon 03 Aug '15,11.2,11.3,11.1,11.3,−0.1 (−0.88%),238.88 K
Wed 29 Jul '15,11.0,11.4,11.0,11.4,+0.3 (+2.71%),599.46 K
Tue 28 Jul '15,11.0,11.1,10.9,11.1,+0.1 (+0.45%),353.81 K
Mon 27 Jul '15,10.6,11.0,10.6,11.0,+0.3 (+2.71%),536.48 K
Fri 24 Jul '15,10.6,10.9,10.6,10.7,+0.2 (+1.90%),929.96 K
Thu 23 Jul '15,10.5,10.6,10.5,10.5,0.0 (0.00%),323.01 K
Wed 22 Jul '15,10.5,10.6,10.5,10.5,+0.1 (+1.06%),853.67 K
Tue 21 Jul '15,10.4,10.4,10.4,10.4,+0.0 (+0.39%),155.16 K
Mon 20 Jul '15,10.3,10.4,10.3,10.4,+0.2 (+1.57%),134.52 K
Fri 17 Jul '15,10.3,10.4,10.2,10.2,−0.1 (−0.97%),645.04 K
Thu 16 Jul '15,10.2,10.3,10.2,10.3,+0.1 (+0.98%),3.5 K
Tue 14 Jul '15,10.0,10.2,10.0,10.2,+0.2 (+2.00%),34.01 K
Fri 10 Jul '15,10.0,10.0,10.0,10.0,−0.0 (−0.10%),87.5 K
Thu 09 Jul '15,10.0,10.0,10.0,10.0,+0.0 (+0.10%),126.29 K
Wed 08 Jul '15,10.1,10.1,9.9,10.0,−0.2 (−1.96%),9 K
Tue 07 Jul '15,10.1,10.2,10.1,10.2,+0.2 (+1.59%),340.91 K
Mon 06 Jul '15,10.0,10.1,10.0,10.0,+0.0 (+0.40%),34.55 K
Fri 03 Jul '15,10.0,10.0,10.0,10.0,+0.1 (+1.01%),9.97 K
Thu 02 Jul '15,10.0,10.0,9.8,9.9,−0.1 (−1.00%),43.5 K
Tue 30 Jun '15,10.2,10.2,10.0,10.0,−0.3 (−2.44%),215.36 K
Mon 29 Jun '15,10.4,10.4,10.3,10.3,−0.2 (−1.44%),125.98 K
Fri 26 Jun '15,10.5,10.5,10.3,10.4,0.0 (0.00%),94.34 K
Thu 25 Jun '15,10.5,10.5,10.3,10.4,0.0 (0.00%),424.87 K
Wed 24 Jun '15,10.4,10.4,10.4,10.4,+0.1 (+0.97%),57.92 K
Tue 23 Jun '15,10.3,10.4,10.3,10.3,0.0 (0.00%),136.82 K
Mon 22 Jun '15,10.3,10.4,10.3,10.3,0.0 (0.00%),12.35 K
Fri 19 Jun '15,10.3,10.5,10.3,10.3,+0.1 (+0.49%),127.1 K
Thu 18 Jun '15,10.2,10.3,10.2,10.3,+0.0 (+0.39%),4.71 K
Wed 17 Jun '15,10.4,10.4,10.2,10.2,−0.1 (−0.87%),28.78 K
Tue 16 Jun '15,10.4,10.4,10.2,10.3,0.0 (0.00%),187.88 K
Mon 15 Jun '15,10.3,10.3,10.3,10.3,0.0 (0.00%),47.51 K
Fri 12 Jun '15,10.3,10.3,10.3,10.3,0.0 (0.00%),59.96 K
Thu 11 Jun '15,10.2,10.3,10.2,10.3,0.0 (0.00%),32.81 K
Wed 10 Jun '15,10.2,10.3,10.2,10.3,0.0 (0.00%),25.32 K
Tue 09 Jun '15,10.3,10.3,10.3,10.3,−0.1 (−0.87%),19.24 K
Mon 08 Jun '15,10.4,10.4,10.3,10.4,+0.1 (+0.87%),19.91 K
Fri 05 Jun '15,10.4,10.5,10.3,10.3,0.0 (0.00%),6 K
Thu 04 Jun '15,10.3,10.4,10.3,10.3,−0.1 (−0.96%),54.6 K
Wed 03 Jun '15,10.4,10.5,10.4,10.4,−0.2 (−1.79%),66.65 K
Mon 01 Jun '15,10.7,10.7,10.5,10.6,−0.2 (−1.85%),120.05 K
Fri 29 May '15,10.6,10.8,10.6,10.8,+0.3 (+2.76%),2.95 M
Thu 28 May '15,10.6,10.6,10.4,10.5,0.0 (0.00%),37 K
Wed 27 May '15,10.6,10.6,10.5,10.5,0.0 (0.00%),403.07 K
Tue 26 May '15,10.2,10.7,10.2,10.5,+0.3 (+3.14%),2.26 M
Mon 25 May '15,10.2,10.2,10.2,10.2,−0.0 (−0.20%),41.25 K
Fri 22 May '15,10.2,10.2,10.1,10.2,0.0 (0.00%),47.46 K
Thu 21 May '15,10.2,10.2,10.1,10.2,0.0 (0.00%),179.1 K
Wed 20 May '15,10.2,10.2,10.2,10.2,+0.0 (+0.49%),99.71 K
Tue 19 May '15,10.2,10.3,10.2,10.2,+0.2 (+1.50%),128 K
Mon 18 May '15,10.0,10.2,9.8,10.0,+0.1 (+1.01%),2.61 M
Fri 15 May '15,9.8,9.9,9.7,9.9,+0.1 (+1.02%),78.9 K
Thu 14 May '15,9.7,9.8,9.5,9.8,+0.1 (+1.03%),185.68 K
Wed 13 May '15,9.7,9.7,9.7,9.7,−0.1 (−1.02%),19.18 K
Tue 12 May '15,9.6,9.8,9.5,9.8,+0.3 (+3.16%),299.09 K
Mon 11 May '15,9.5,9.9,9.5,9.5,+0.0 (+0.21%),187.97 K
Fri 08 May '15,9.5,9.5,9.5,9.5,−0.0 (−0.21%),11.99 K
Thu 07 May '15,9.5,9.6,9.5,9.5,−0.1 (−0.52%),14.14 K
Wed 06 May '15,9.5,9.6,9.5,9.6,+0.1 (+0.53%),82.16 K
Tue 05 May '15,9.6,9.6,9.5,9.5,−0.0 (−0.42%),40.32 K
Thu 30 Apr '15,9.6,9.7,9.5,9.5,−0.2 (−1.65%),38.3 K
Wed 29 Apr '15,9.7,9.7,9.6,9.7,+0.2 (+2.11%),25.49 K
Tue 28 Apr '15,9.5,9.5,9.5,9.5,−0.1 (−1.04%),20.51 K
Fri 24 Apr '15,9.5,9.6,9.5,9.6,+0.1 (+1.05%),25.2 K
Thu 23 Apr '15,9.6,9.6,9.5,9.5,−0.1 (−1.04%),38.7 K
Wed 22 Apr '15,9.6,9.6,9.6,9.6,0.0 (0.00%),1 K
Mon 20 Apr '15,9.6,9.6,9.6,9.6,−0.3 (−2.54%),5.71 K
Thu 16 Apr '15,9.6,9.9,9.6,9.9,+0.3 (+2.60%),38.21 K
Wed 15 Apr '15,9.6,9.6,9.6,9.6,+0.3 (+3.23%),11 K
Thu 09 Apr '15,9.3,9.4,9.3,9.3,−0.0 (−0.53%),8.89 K
Wed 08 Apr '15,9.3,9.4,9.3,9.4,0.0 (0.00%),9.3 K
Mon 06 Apr '15,9.3,9.4,9.3,9.4,−0.3 (−2.60%),2.55 K
Thu 02 Apr '15,9.9,9.9,9.6,9.6,+0.6 (+6.67%),12.45 K
Wed 01 Apr '15,9.0,9.0,9.0,9.0,+0.2 (+2.27%),114.07 K
Tue 31 Mar '15,8.9,8.9,8.8,8.8,−0.1 (−1.12%),83.9 K
Mon 30 Mar '15,8.9,8.9,8.9,8.9,0.0 (0.00%),13.48 K
Fri 27 Mar '15,9.2,9.2,8.9,8.9,−0.2 (−2.20%),63.47 K
Thu 26 Mar '15,9.1,9.1,9.1,9.1,−0.1 (−1.09%),2.28 K
Wed 25 Mar '15,9.2,9.2,9.1,9.2,0.0 (0.00%),25.04 K
Tue 24 Mar '15,9.2,9.2,9.1,9.2,−0.1 (−1.08%),24.04 K
Fri 20 Mar '15,9.3,9.3,9.3,9.3,0.0 (0.00%),2.51 K
Thu 19 Mar '15,9.3,9.4,9.3,9.3,−0.1 (−0.96%),66.9 K
Tue 17 Mar '15,9.4,9.4,9.4,9.4,−0.0 (−0.11%),4.1 K
Mon 16 Mar '15,9.5,9.5,9.4,9.4,−0.0 (−0.21%),23.53 K
Fri 13 Mar '15,9.6,9.6,9.4,9.4,−0.1 (−1.15%),48.91 K
Thu 12 Mar '15,9.6,9.6,9.5,9.5,−0.1 (−1.24%),5.65 K
Wed 11 Mar '15,9.7,9.7,9.7,9.7,+0.0 (+0.42%),3.49 K
Tue 10 Mar '15,9.7,9.7,9.6,9.6,−0.2 (−1.94%),28.65 K
Fri 06 Mar '15,9.8,9.9,9.8,9.8,0.0 (0.00%),79.46 K
Wed 04 Mar '15,9.8,9.8,9.8,9.8,−0.0 (−0.31%),92.89 K
Mon 02 Mar '15,9.9,9.9,9.8,9.8,−0.0 (−0.20%),28.1 K
Fri 27 Feb '15,9.8,9.9,9.8,9.9,−0.1 (−0.51%),51.26 K
Thu 26 Feb '15,9.9,9.9,9.9,9.9,+0.1 (+1.02%),253.99 K
Wed 25 Feb '15,9.8,9.8,9.8,9.8,−0.0 (−0.51%),49.1 K
Tue 24 Feb '15,10.0,10.0,9.8,9.9,+0.0 (+0.10%),457.36 K
Mon 23 Feb '15,9.9,9.9,9.8,9.8,−0.0 (−0.10%),516.36 K
Fri 20 Feb '15,9.8,10.0,9.8,9.9,−0.1 (−0.51%),121.15 K
Thu 19 Feb '15,10.0,10.0,9.8,9.9,−0.0 (−0.40%),62.55 K
Wed 18 Feb '15,10.0,10.0,9.9,9.9,−0.1 (−0.60%),14.71 K
Mon 16 Feb '15,10.0,10.0,10.0,10.0,+0.1 (+0.50%),56.43 K
Fri 13 Feb '15,9.9,10.0,9.9,10.0,−0.1 (−0.50%),26.85 K
Wed 11 Feb '15,10.0,10.0,9.9,10.0,0.0 (0.00%),8.27 K
Tue 10 Feb '15,10.1,10.1,10.0,10.0,0.0 (0.00%),77.24 K
Mon 09 Feb '15,10.0,10.1,9.9,10.0,−0.1 (−0.99%),3.29 K
Fri 06 Feb '15,10.0,10.1,10.0,10.1,+0.3 (+2.54%),63.04 K
Wed 04 Feb '15,10.0,10.0,9.9,9.9,−0.1 (−1.01%),74.39 K
Mon 02 Feb '15,10.2,10.2,9.9,10.0,−0.1 (−0.50%),22.28 K
Fri 30 Jan '15,10.0,10.0,9.9,10.0,0.0 (0.00%),226.35 K
Thu 29 Jan '15,10.1,10.1,9.9,10.0,0.0 (0.00%),35.04 K
Tue 27 Jan '15,10.0,10.0,10.0,10.0,0.0 (0.00%),34.8 K
Mon 26 Jan '15,10.0,10.0,9.9,10.0,+0.1 (+1.01%),73.41 K
Fri 23 Jan '15,10.3,10.3,9.9,9.9,−0.2 (−1.59%),1.04 M
Thu 22 Jan '15,10.1,10.1,10.0,10.1,−0.0 (−0.49%),93.64 K
Wed 21 Jan '15,10.1,10.3,10.1,10.1,−0.0 (−0.30%),52.19 K
Tue 20 Jan '15,10.1,10.3,10.1,10.1,−0.0 (−0.20%),25.11 K
Mon 19 Jan '15,10.2,10.5,10.2,10.2,−0.1 (−0.78%),35.25 K
Fri 16 Jan '15,10.2,10.5,10.2,10.2,−0.0 (−0.10%),76.89 K
Tue 13 Jan '15,10.3,10.4,10.3,10.3,+0.0 (+0.10%),5.56 K
Mon 12 Jan '15,10.2,10.6,10.2,10.2,−0.3 (−3.21%),101.17 K
Fri 09 Jan '15,10.6,10.7,10.4,10.6,+0.1 (+0.76%),31.83 K
Thu 08 Jan '15,10.5,10.5,10.5,10.5,+0.0 (+0.19%),103.41 K
Wed 07 Jan '15,10.5,10.5,10.3,10.5,+0.1 (+1.16%),17.5 K
Tue 06 Jan '15,10.4,10.4,10.1,10.4,−0.0 (−0.29%),39.92 K
Fri 02 Jan '15,10.4,10.4,10.1,10.4,+0.0 (+0.29%),62.15 K
Wed 31 Dec '14,10.4,10.4,10.3,10.4,+0.2 (+2.07%),150
Tue 30 Dec '14,10.2,10.4,10.1,10.2,−0.0 (−0.49%),95.51 K
Mon 29 Dec '14,10.2,10.4,10.2,10.2,−0.2 (−1.92%),27.37 K
Fri 26 Dec '14,10.4,10.4,10.4,10.4,0.0 (0.00%),36.51 K
Wed 24 Dec '14,10.4,10.4,10.4,10.4,+0.4 (+3.69%),4.79 K
Tue 23 Dec '14,10.0,10.1,10.0,10.0,−0.1 (−0.69%),81.48 K
Mon 22 Dec '14,10.1,10.1,10.1,10.1,+0.1 (+1.00%),310
Fri 19 Dec '14,10.0,10.2,10.0,10.0,0.0 (0.00%),50.03 K
Thu 18 Dec '14,10.0,10.2,10.0,10.0,0.0 (0.00%),314.84 K
Wed 17 Dec '14,10.0,10.1,10.0,10.0,−0.2 (−1.96%),2.28 M
Tue 16 Dec '14,10.2,10.4,10.0,10.2,+0.2 (+2.00%),5.56 M
Mon 15 Dec '14,10.0,10.0,10.0,10.0,+0.0 (+0.20%),114.68 K
Fri 12 Dec '14,10.0,10.0,10.0,10.0,−0.0 (−0.20%),8.76 K
Thu 11 Dec '14,10.0,10.0,10.0,10.0,+0.0 (+0.30%),50.22 K
Wed 10 Dec '14,10.0,10.1,10.0,10.0,−0.0 (−0.30%),603.08 K
Tue 09 Dec '14,10.0,10.1,10.0,10.0,+0.1 (+0.70%),4.14 M
Mon 08 Dec '14,9.9,10.0,9.9,9.9,−0.1 (−0.70%),16.28 K
Fri 05 Dec '14,10.0,10.0,10.0,10.0,0.0 (0.00%),75.13 K
Thu 04 Dec '14,10.0,10.0,10.0,10.0,0.0 (0.00%),62.61 K
Wed 03 Dec '14,10.0,10.1,10.0,10.0,0.0 (0.00%),128.51 K
Tue 02 Dec '14,10.0,10.1,10.0,10.0,0.0 (0.00%),1.03 M
Mon 01 Dec '14,10.0,10.1,10.0,10.0,0.0 (0.00%),916.3 K
Fri 28 Nov '14,10.0,10.2,10.0,10.0,−0.1 (−0.60%),1.54 M
Thu 27 Nov '14,10.1,10.1,10.0,10.1,+0.1 (+0.70%),254.39 K
Wed 26 Nov '14,10.0,10.3,10.0,10.0,−0.2 (−1.58%),44.18 K
Tue 25 Nov '14,10.2,10.3,10.1,10.2,+0.2 (+1.50%),56.33 K
Mon 24 Nov '14,10.0,10.4,9.9,10.0,−0.4 (−3.94%),239.28 K
Fri 21 Nov '14,10.4,10.5,10.4,10.4,−0.1 (−1.33%),126.2 K
Thu 20 Nov '14,10.6,10.6,10.6,10.6,0.0 (0.00%),46.6 K
Wed 19 Nov '14,10.6,10.7,10.6,10.6,−0.1 (−0.75%),138.88 K
Tue 18 Nov '14,10.6,10.8,10.6,10.6,−0.0 (−0.47%),392.05 K
Mon 17 Nov '14,10.7,10.7,10.5,10.7,+0.1 (+0.75%),42.09 K
Fri 14 Nov '14,10.6,10.7,10.6,10.6,−0.0 (−0.19%),448.66 K
Thu 13 Nov '14,10.6,10.7,10.5,10.6,+0.1 (+0.85%),576.14 K
Wed 12 Nov '14,10.5,10.6,10.5,10.5,−0.0 (−0.38%),131.38 K
Tue 11 Nov '14,10.6,10.6,10.6,10.6,−0.0 (−0.28%),14.28 K
Mon 10 Nov '14,10.6,10.7,10.6,10.6,+0.1 (+0.76%),5.05 K
Fri 07 Nov '14,10.5,10.6,10.5,10.5,−0.2 (−1.68%),185.5 K
Wed 05 Nov '14,10.7,10.9,10.6,10.7,+0.1 (+0.75%),225.15 K
Tue 04 Nov '14,10.6,10.7,10.6,10.6,+0.1 (+0.85%),164.22 K
Mon 03 Nov '14,10.5,10.7,10.5,10.5,+0.0 (+0.29%),53.17 K
Fri 31 Oct '14,10.5,10.6,10.5,10.5,−0.0 (−0.10%),257.07 K
Thu 30 Oct '14,10.5,10.6,10.5,10.5,−0.0 (−0.10%),128.84 K
Wed 29 Oct '14,10.5,10.6,10.5,10.5,+0.0 (+0.19%),363.05 K
Tue 28 Oct '14,10.5,10.7,10.5,10.5,−0.2 (−1.50%),56.89 K
Mon 27 Oct '14,10.7,10.8,10.6,10.7,+0.2 (+1.52%),788.46 K
Fri 24 Oct '14,10.5,10.6,10.4,10.5,+0.1 (+0.96%),57.55 K
Thu 23 Oct '14,10.4,10.5,10.3,10.4,+0.1 (+0.87%),133.77 K
Tue 21 Oct '14,10.3,10.4,10.3,10.3,−0.0 (−0.10%),74.3 K
Mon 20 Oct '14,10.3,10.6,10.3,10.3,+0.0 (+0.29%),44.93 K
Fri 17 Oct '14,10.3,10.5,10.3,10.3,−0.0 (−0.19%),38.24 K
Thu 16 Oct '14,10.3,10.5,10.3,10.3,−0.3 (−3.01%),167.85 K
Wed 15 Oct '14,10.6,10.7,10.3,10.6,+0.3 (+2.90%),1.14 M
Tue 14 Oct '14,10.3,10.5,10.1,10.3,+0.2 (+1.47%),248.82 K
Mon 13 Oct '14,10.2,10.7,10.2,10.2,−0.3 (−2.86%),449.97 K
Fri 10 Oct '14,10.5,10.7,10.4,10.5,−0.2 (−1.69%),228.51 K
Thu 09 Oct '14,10.7,10.7,10.5,10.7,+0.1 (+1.04%),331.09 K
Tue 07 Oct '14,10.6,10.7,10.5,10.6,−0.0 (−0.38%),315.88 K
Fri 03 Oct '14,10.6,10.6,10.2,10.6,+0.4 (+4.23%),2.92 M
Thu 02 Oct '14,10.2,10.2,10.0,10.2,+0.1 (+0.69%),543.64 K
Wed 01 Oct '14,10.1,10.1,10.0,10.1,+0.1 (+0.60%),284.5 K
Tue 30 Sep '14,10.0,10.2,10.0,10.0,−0.2 (−2.05%),45.15 K
Mon 29 Sep '14,10.2,10.3,10.0,10.2,+0.3 (+3.23%),854.99 K
Fri 26 Sep '14,9.9,10.0,9.9,9.9,−0.2 (−1.68%),191.79 K
Thu 25 Sep '14,10.1,10.2,10.0,10.1,−0.1 (−0.49%),210.43 K
Wed 24 Sep '14,10.1,10.3,10.1,10.1,−0.0 (−0.10%),7.44 K
Tue 23 Sep '14,10.2,10.2,10.1,10.2,−0.1 (−0.78%),76.63 K
Mon 22 Sep '14,10.2,10.3,10.2,10.2,−0.1 (−0.68%),90.03 K
Fri 19 Sep '14,10.3,10.5,10.3,10.3,−0.1 (−0.96%),158.88 K
Thu 18 Sep '14,10.4,10.4,10.4,10.4,0.0 (0.00%),64.02 K
Wed 17 Sep '14,10.4,10.6,10.4,10.4,−0.1 (−0.57%),273.26 K
Tue 16 Sep '14,10.5,10.7,10.2,10.5,+0.2 (+2.35%),725.73 K
Mon 15 Sep '14,10.2,10.3,10.0,10.2,+0.2 (+1.89%),982.67 K
Fri 12 Sep '14,10.0,10.3,9.9,10.0,+0.2 (+1.83%),2.99 M
Thu 11 Sep '14,9.9,9.9,9.8,9.9,+0.1 (+1.44%),201.85 K
Wed 10 Sep '14,9.7,9.8,9.7,9.7,−0.1 (−0.82%),223.42 K
Tue 09 Sep '14,9.8,9.8,9.7,9.8,−0.0 (−0.10%),96.85 K
Fri 05 Sep '14,9.8,9.9,9.7,9.8,+0.1 (+0.51%),397.96 K
Thu 04 Sep '14,9.8,9.8,9.7,9.8,+0.0 (+0.21%),4.79 K
Wed 03 Sep '14,9.7,9.8,9.7,9.7,+0.0 (+0.31%),238.26 K
Tue 02 Sep '14,9.7,9.9,9.7,9.7,−0.1 (−1.42%),84.24 K
Mon 01 Sep '14,9.8,9.9,9.8,9.8,−0.0 (−0.51%),51.64 K
Fri 29 Aug '14,9.9,9.9,9.7,9.9,+0.2 (+1.96%),227.18 K
Thu 28 Aug '14,9.7,9.8,9.6,9.7,−0.1 (−0.92%),55.99 K
Wed 27 Aug '14,9.8,10.0,9.7,9.8,−0.2 (−2.00%),267.4 K
Tue 26 Aug '14,10.0,10.2,9.9,10.0,−0.1 (−1.28%),74.99 K
Mon 25 Aug '14,10.1,10.5,10.0,10.1,−4.8 (−31.99%),492.49 K
Tue 19 Aug '14,14.9,15.0,14.7,14.9,−0.1 (−0.73%),183.29 K
Mon 18 Aug '14,15.0,15.1,14.8,15.0,+0.1 (+0.60%),120.2 K
Fri 15 Aug '14,14.9,15.2,14.9,14.9,−0.3 (−1.91%),729.62 K
Thu 14 Aug '14,15.2,15.2,15.0,15.2,+0.0 (+0.20%),278.72 K
Wed 13 Aug '14,15.2,15.2,15.0,15.2,+0.1 (+0.60%),200.23 K
Tue 12 Aug '14,15.1,15.2,15.0,15.1,−0.0 (−0.20%),68.35 K
Mon 11 Aug '14,15.1,15.2,14.9,15.1,+0.0 (+0.07%),160.81 K
Fri 08 Aug '14,15.1,15.2,15.0,15.1,+0.1 (+0.60%),180.13 K
Thu 07 Aug '14,15.0,15.4,15.0,15.0,−0.2 (−1.32%),112.55 K
Wed 06 Aug '14,15.2,15.4,15.1,15.2,−0.1 (−0.59%),158.86 K
Tue 05 Aug '14,15.3,15.4,14.8,15.3,+0.7 (+4.44%),670.51 K
Mon 04 Aug '14,14.6,14.8,14.3,14.6,+0.6 (+4.57%),926.86 K
Fri 01 Aug '14,14.0,14.3,13.8,14.0,+0.2 (+1.45%),668.15 K
Thu 31 Jul '14,13.8,13.8,13.6,13.8,+0.3 (+1.92%),45.95 K
Wed 30 Jul '14,13.5,13.6,13.5,13.5,0.0 (0.00%),31.69 K
Mon 28 Jul '14,13.5,13.6,13.5,13.5,−0.0 (−0.22%),100.67 K
Fri 25 Jul '14,13.6,13.6,13.3,13.6,+0.1 (+0.52%),52.1 K
Thu 24 Jul '14,13.5,13.5,13.4,13.5,+0.1 (+0.37%),50.82 K
Wed 23 Jul '14,13.5,13.6,13.3,13.5,+0.0 (+0.22%),7.26 K
Tue 22 Jul '14,13.4,13.6,13.0,13.4,+0.2 (+1.67%),203.92 K
Mon 21 Jul '14,13.2,13.2,13.0,13.2,+0.0 (+0.38%),526.18 K
Fri 18 Jul '14,13.2,13.2,12.9,13.2,+0.2 (+1.62%),68.13 K
Thu 17 Jul '14,12.9,13.0,12.9,12.9,−0.0 (−0.08%),7.2 K
Wed 16 Jul '14,13.0,13.1,13.0,13.0,+0.0 (+0.39%),96.23 K
Tue 15 Jul '14,12.9,13.1,12.9,12.9,0.0 (0.00%),462.98 K
Mon 14 Jul '14,12.9,13.0,12.8,12.9,0.0 (0.00%),173.82 K
Fri 11 Jul '14,12.9,13.2,12.9,12.9,−0.1 (−0.77%),25.41 K
Thu 10 Jul '14,13.0,13.2,13.0,13.0,−0.1 (−0.46%),318.42 K
Wed 09 Jul '14,13.1,13.1,12.8,13.1,+0.4 (+2.83%),269.63 K
Tue 08 Jul '14,12.7,12.8,12.7,12.7,+0.0 (+0.40%),269.84 K
Mon 07 Jul '14,12.7,12.7,12.7,12.7,+0.0 (+0.16%),89.57 K
Fri 04 Jul '14,12.6,12.7,12.6,12.6,+0.1 (+0.96%),112.96 K
Thu 03 Jul '14,12.5,12.9,12.5,12.5,+0.0 (+0.08%),205.52 K
Wed 02 Jul '14,12.5,12.9,12.3,12.5,+0.3 (+2.88%),540.71 K
Tue 01 Jul '14,12.2,12.3,12.2,12.2,−0.1 (−0.90%),7.55 K
Mon 30 Jun '14,12.3,12.5,12.1,12.3,−0.4 (−3.08%),42.98 K
Fri 27 Jun '14,12.7,12.8,12.6,12.7,+0.1 (+0.72%),50.65 K
Thu 26 Jun '14,12.6,12.8,12.5,12.6,+0.0 (+0.32%),53.34 K
Wed 25 Jun '14,12.5,12.7,12.5,12.5,−0.1 (−1.03%),35.02 K
Tue 24 Jun '14,12.7,12.7,12.5,12.7,+0.1 (+1.12%),22.04 K
Mon 23 Jun '14,12.5,12.7,12.5,12.5,−0.0 (−0.24%),3.76 K
Fri 20 Jun '14,12.5,12.7,12.5,12.5,+0.0 (+0.32%),21.96 K
Thu 19 Jun '14,12.5,12.7,12.5,12.5,0.0 (0.00%),45.09 K
Wed 18 Jun '14,12.5,12.7,12.5,12.5,−0.0 (−0.08%),261.79 K
Tue 17 Jun '14,12.5,12.7,12.5,12.5,−0.1 (−1.11%),158.77 K
Mon 16 Jun '14,12.7,12.7,12.6,12.7,−0.0 (−0.08%),10.05 K
Fri 13 Jun '14,12.7,12.7,12.5,12.7,+0.2 (+1.28%),810
Wed 11 Jun '14,12.5,12.7,12.5,12.5,−0.0 (−0.24%),81.61 K
Tue 10 Jun '14,12.5,12.6,12.5,12.5,−0.1 (−0.48%),2.43 K
Mon 09 Jun '14,12.6,12.6,12.5,12.6,+0.0 (+0.32%),6.02 K
Fri 06 Jun '14,12.6,12.7,12.6,12.6,+0.1 (+0.64%),105.49 K
Thu 05 Jun '14,12.5,12.6,12.5,12.5,+0.1 (+0.48%),104.57 K
Wed 04 Jun '14,12.4,12.5,12.4,12.4,−0.1 (−1.04%),63.3 K
Tue 03 Jun '14,12.5,12.6,12.5,12.5,−0.1 (−0.40%),15.62 K
Mon 02 Jun '14,12.6,12.6,12.5,12.6,+0.1 (+0.72%),36.54 K
Fri 30 May '14,12.5,12.7,12.4,12.5,0.0 (0.00%),325.2 K
Thu 29 May '14,12.5,12.5,12.3,12.5,0.0 (0.00%),145.59 K
Wed 28 May '14,12.5,12.5,12.5,12.5,+0.1 (+0.81%),5.5 K
Tue 27 May '14,12.4,12.6,12.4,12.4,−0.1 (−0.72%),59.2 K
Mon 26 May '14,12.5,12.5,12.4,12.5,+0.1 (+0.97%),112.5 K
Fri 23 May '14,12.4,12.4,12.4,12.4,−0.3 (−2.21%),38.94 K
Thu 22 May '14,12.7,12.7,12.7,12.7,−0.0 (−0.39%),2.05 K
Wed 21 May '14,12.7,12.7,12.4,12.7,+0.2 (+1.28%),32.69 M
Tue 20 May '14,12.5,12.6,12.4,12.5,+0.0 (+0.32%),107.55 K
Mon 19 May '14,12.5,12.6,12.3,12.5,+0.2 (+1.63%),121.56 K
Fri 16 May '14,12.3,12.4,12.3,12.3,−0.0 (−0.40%),152.94 K
Tue 13 May '14,12.4,12.4,12.4,12.4,0.0 (0.00%),4.72 K
Mon 12 May '14,12.4,12.5,12.3,12.4,−0.3 (−2.68%),33.88 K
Fri 09 May '14,12.7,12.7,12.3,12.7,+0.4 (+3.17%),305.64 K
Thu 08 May '14,12.3,12.3,12.3,12.3,+0.1 (+0.74%),20
Wed 07 May '14,12.2,12.2,12.2,12.2,−0.0 (−0.08%),65.07 K
Tue 06 May '14,12.2,12.4,12.2,12.2,−0.0 (−0.41%),5.21 K
Mon 05 May '14,12.3,12.3,11.9,12.3,+0.3 (+2.76%),547.31 K
Fri 02 May '14,11.9,12.0,11.9,11.9,+0.0 (+0.08%),31.53 K
Wed 30 Apr '14,11.9,12.0,11.9,11.9,−0.1 (−0.58%),135.52 K
Tue 29 Apr '14,12.0,12.0,11.9,12.0,0.0 (0.00%),198.69 K
Mon 28 Apr '14,12.0,12.1,12.0,12.0,−0.0 (−0.08%),158.02 K
Fri 25 Apr '14,12.0,12.2,11.9,12.0,−0.2 (−1.64%),132.52 K
Thu 24 Apr '14,12.2,12.3,12.2,12.2,+0.0 (+0.08%),236.23 K
Wed 23 Apr '14,12.2,12.3,12.2,12.2,−0.1 (−0.97%),50.05 K
Tue 22 Apr '14,12.3,12.8,12.3,12.3,−0.4 (−3.14%),350
Mon 21 Apr '14,12.7,12.7,12.2,12.7,+0.5 (+4.26%),47.54 K
Thu 17 Apr '14,12.2,12.2,12.1,12.2,+0.1 (+0.83%),2.63 K
Wed 16 Apr '14,12.1,12.1,12.1,12.1,−0.0 (−0.33%),100
Fri 11 Apr '14,12.1,12.2,12.1,12.1,−0.1 (−0.49%),15.3 K
Thu 10 Apr '14,12.2,12.2,12.2,12.2,0.0 (0.00%),66.34 K
Wed 09 Apr '14,12.2,12.3,12.2,12.2,−0.2 (−1.29%),104.15 K
Tue 08 Apr '14,12.4,12.4,12.3,12.4,+0.2 (+1.31%),2.27 K
Fri 04 Apr '14,12.2,12.2,12.2,12.2,0.0 (0.00%),57.7 K
Thu 03 Apr '14,12.2,12.3,12.2,12.2,−0.1 (−0.89%),21.25 K
Wed 02 Apr '14,12.3,12.4,12.1,12.3,+0.2 (+1.57%),64.55 K
Tue 01 Apr '14,12.1,12.2,12.1,12.1,−0.2 (−1.46%),22 K
Mon 31 Mar '14,12.3,12.3,12.3,12.3,−0.0 (−0.08%),594.93 K
Fri 28 Mar '14,12.3,12.4,12.3,12.3,−0.1 (−0.49%),20 K
Thu 27 Mar '14,12.4,12.4,12.4,12.4,−0.0 (−0.32%),9.36 K
Wed 26 Mar '14,12.4,12.5,12.4,12.4,0.0 (0.00%),46.83 K
Tue 25 Mar '14,12.4,12.4,12.4,12.4,+0.0 (+0.08%),10
Mon 24 Mar '14,12.4,12.7,12.4,12.4,+0.1 (+0.73%),2.99 K
Thu 20 Mar '14,12.3,12.3,12.3,12.3,+0.0 (+0.08%),36.03 K
Wed 19 Mar '14,12.3,12.4,12.2,12.3,−0.0 (−0.32%),173.69 K
Tue 18 Mar '14,12.3,12.5,12.3,12.3,−0.2 (−1.28%),1.64 M
Mon 17 Mar '14,12.5,12.6,12.5,12.5,0.0 (0.00%),11.59 K
Fri 14 Mar '14,12.5,12.5,12.5,12.5,0.0 (0.00%),7 K
Thu 13 Mar '14,12.5,12.6,12.4,12.5,+0.1 (+0.81%),22.26 K
Wed 12 Mar '14,12.4,12.4,12.4,12.4,0.0 (0.00%),200
Tue 11 Mar '14,12.4,12.6,12.4,12.4,−0.2 (−1.51%),33.98 M
Fri 07 Mar '14,12.6,12.6,12.3,12.6,+0.2 (+1.94%),49.78 K
Thu 06 Mar '14,12.4,12.4,12.4,12.4,−0.2 (−1.36%),700
Wed 05 Mar '14,12.5,12.6,12.5,12.5,+0.3 (+2.62%),289.4 K
Tue 04 Mar '14,12.2,12.2,12.1,12.2,−0.6 (−4.69%),5.16 K
Fri 28 Feb '14,12.8,12.8,12.8,12.8,+0.3 (+2.40%),80
Wed 26 Feb '14,12.5,12.5,12.5,12.5,+0.5 (+4.17%),9.22 K
Tue 25 Feb '14,12.0,12.0,12.0,12.0,0.0 (0.00%),80
Mon 24 Feb '14,12.0,12.0,12.0,12.0,−0.5 (−4.00%),17 K
Fri 21 Feb '14,12.5,12.5,12.0,12.5,+0.5 (+4.17%),62.86 K
Wed 19 Feb '14,12.0,12.3,12.0,12.0,−0.0 (−0.08%),5.82 K
Tue 18 Feb '14,12.0,12.0,12.0,12.0,−0.5 (−4.00%),90
Thu 13 Feb '14,12.5,12.5,12.5,12.5,+0.1 (+0.89%),57.38 K
Wed 12 Feb '14,12.4,12.5,12.3,12.4,−0.1 (−0.80%),23.18 K
Tue 11 Feb '14,12.5,12.5,12.5,12.5,0.0 (0.00%),11.39 K
Mon 10 Feb '14,12.5,12.9,12.5,12.5,−0.2 (−1.57%),20.26 K
Fri 07 Feb '14,12.7,12.7,12.6,12.7,−0.1 (−0.78%),7.19 K
Thu 06 Feb '14,12.8,12.8,12.8,12.8,0.0 (0.00%),26.6 K
Wed 05 Feb '14,12.8,12.9,12.8,12.8,+0.6 (+4.92%),16.86 K
Mon 03 Feb '14,12.2,13.0,12.2,12.2,−0.4 (−3.48%),5.5 K
Fri 31 Jan '14,12.6,13.0,12.5,12.6,+0.4 (+3.61%),68.52 K
Thu 30 Jan '14,12.2,12.5,12.0,12.2,−0.2 (−1.61%),32.82 K
Wed 29 Jan '14,12.4,12.5,12.2,12.4,+0.2 (+1.64%),21.05 K
Tue 28 Jan '14,12.2,12.3,12.2,12.2,−0.3 (−2.32%),14.71 K
Mon 27 Jan '14,12.5,12.5,12.3,12.5,+0.2 (+1.38%),26.23 K
Fri 24 Jan '14,12.3,12.4,12.0,12.3,+0.3 (+2.67%),251.65 K
Thu 23 Jan '14,12.0,12.0,12.0,12.0,0.0 (0.00%),61.08 K
Wed 22 Jan '14,12.0,12.4,11.9,12.0,+0.0 (+0.17%),73.97 K
Tue 21 Jan '14,12.0,12.0,11.9,12.0,+0.1 (+0.67%),184.12 K
Mon 20 Jan '14,11.9,11.9,11.9,11.9,0.0 (0.00%),450
Fri 17 Jan '14,11.9,11.9,11.9,11.9,+0.3 (+2.94%),105 K
Thu 16 Jan '14,11.6,12.0,11.5,11.6,+0.2 (+1.85%),101.11 K
Mon 13 Jan '14,11.4,11.4,11.4,11.4,+0.0 (+0.35%),4 K
Fri 10 Jan '14,11.3,11.6,11.3,11.3,−0.1 (−0.88%),520
Thu 09 Jan '14,11.4,11.4,11.3,11.4,+0.1 (+0.97%),20.47 K
Wed 08 Jan '14,11.3,11.3,11.3,11.3,+0.2 (+1.62%),2 K
Tue 07 Jan '14,11.1,11.1,11.1,11.1,+0.6 (+5.30%),3 K
Mon 06 Jan '14,10.6,11.5,10.4,10.6,−1.1 (−9.67%),2.01 K
Fri 03 Jan '14,11.7,11.7,11.7,11.7,+0.3 (+2.54%),700
Thu 02 Jan '14,11.4,11.4,11.4,11.4,+0.0 (+0.26%),11.05 K
Tue 31 Dec '13,11.4,11.6,11.3,11.4,+0.1 (+0.62%),18 K
Mon 30 Dec '13,11.3,11.3,11.3,11.3,0.0 (0.00%),130
Fri 27 Dec '13,11.3,11.3,11.3,11.3,+0.0 (+0.09%),5.49 K
Thu 26 Dec '13,11.3,11.3,11.1,11.3,+0.2 (+1.71%),3.82 K
Tue 24 Dec '13,11.1,11.1,11.1,11.1,0.0 (0.00%),50
Mon 23 Dec '13,11.1,11.1,11.1,11.1,−0.2 (−1.77%),20
Fri 20 Dec '13,11.3,11.3,11.3,11.3,+0.2 (+1.71%),3 K
Thu 19 Dec '13,11.1,11.1,11.1,11.1,−0.0 (−0.36%),3 K
Wed 18 Dec '13,11.2,11.2,11.2,11.2,+0.1 (+0.63%),25 K
Thu 12 Dec '13,11.1,11.1,11.1,11.1,−0.0 (−0.18%),14.6 K
Wed 11 Dec '13,11.1,11.1,11.1,11.1,+0.0 (+0.36%),2 K
Tue 10 Dec '13,11.1,11.1,11.1,11.1,+0.1 (+0.55%),18.77 M
Mon 09 Dec '13,11.0,11.3,11.0,11.0,−0.3 (−2.74%),10.73 K
Fri 06 Dec '13,11.3,11.3,11.0,11.3,+0.2 (+1.89%),910
Thu 05 Dec '13,11.1,11.2,11.1,11.1,−0.0 (−0.09%),12.46 K
Wed 04 Dec '13,11.1,11.1,11.1,11.1,+0.0 (+0.09%),12.2 K
Tue 03 Dec '13,11.1,11.1,11.1,11.1,0.0 (0.00%),40.1 K
Mon 02 Dec '13,11.1,11.1,11.1,11.1,0.0 (0.00%),150
Fri 29 Nov '13,11.1,11.1,11.1,11.1,+0.1 (+0.91%),6.75 K
Thu 28 Nov '13,11.0,11.0,11.0,11.0,0.0 (0.00%),270
Wed 27 Nov '13,11.0,11.0,11.0,11.0,+0.2 (+1.66%),25 K
Tue 26 Nov '13,10.8,11.1,10.8,10.8,−0.2 (−1.99%),1.76 K
Mon 25 Nov '13,11.0,11.1,11.0,11.0,−0.2 (−1.43%),81.67 K
Fri 22 Nov '13,11.2,11.2,11.2,11.2,0.0 (0.00%),91.05 K
Thu 21 Nov '13,11.2,11.3,11.2,11.2,0.0 (0.00%),52.3 K
Wed 20 Nov '13,11.2,11.2,11.2,11.2,+0.1 (+0.99%),367.67 K
Tue 19 Nov '13,11.1,11.2,11.1,11.1,+0.1 (+0.64%),184.42 K
Mon 18 Nov '13,11.0,11.1,11.0,11.0,−0.1 (−0.54%),98.81 K
Fri 15 Nov '13,11.1,11.4,11.0,11.1,+0.1 (+1.19%),77.14 K
Tue 12 Nov '13,11.0,11.0,10.8,11.0,−0.0 (−0.36%),52.1 K
Mon 11 Nov '13,11.0,11.0,11.0,11.0,+0.1 (+0.83%),1 K
Fri 08 Nov '13,10.9,10.9,10.9,10.9,−0.1 (−0.91%),20
Thu 07 Nov '13,11.0,11.0,11.0,11.0,+0.1 (+0.92%),2 K
Wed 06 Nov '13,10.9,11.0,10.9,10.9,+0.1 (+0.93%),24.04 M
Tue 05 Nov '13,10.8,10.8,10.8,10.8,−0.2 (−1.82%),100
Mon 04 Nov '13,11.0,11.2,11.0,11.0,0.0 (0.00%),17.27 K
Fri 01 Nov '13,11.0,11.0,11.0,11.0,−0.1 (−0.45%),20 K
Thu 31 Oct '13,11.1,11.1,11.0,11.1,+0.1 (+0.45%),23.54 K
Wed 30 Oct '13,11.0,11.2,11.0,11.0,0.0 (0.00%),4.6 K
Tue 29 Oct '13,11.0,11.0,11.0,11.0,−0.2 (−1.87%),4 K
Mon 28 Oct '13,11.2,11.2,11.2,11.2,+0.0 (+0.27%),50
Fri 25 Oct '13,11.2,11.2,11.1,11.2,+0.2 (+1.64%),5.1 K
Wed 23 Oct '13,11.0,11.0,11.0,11.0,+0.1 (+0.55%),158.9 K
Tue 22 Oct '13,10.9,11.1,10.9,10.9,−0.6 (−5.28%),2.87 K
Mon 21 Oct '13,11.6,11.8,11.4,11.6,+0.2 (+2.12%),10 K
Thu 17 Oct '13,11.3,11.4,11.0,11.3,+0.3 (+2.82%),50
Tue 15 Oct '13,11.0,11.0,11.0,11.0,+0.1 (+0.92%),1 K
Mon 14 Oct '13,10.9,11.4,10.9,10.9,−0.2 (−1.80%),20.51 K
Fri 11 Oct '13,11.1,11.5,10.9,11.1,+0.2 (+1.83%),4.9 K
Thu 10 Oct '13,10.9,11.6,10.9,10.9,+0.2 (+1.58%),30
Wed 09 Oct '13,10.7,11.6,10.7,10.7,+0.0 (+0.28%),22.47 M
Tue 08 Oct '13,10.7,10.7,10.7,10.7,−0.0 (−0.09%),18.1 K
Mon 07 Oct '13,10.7,10.8,10.7,10.7,+0.0 (+0.09%),53.18 K
Fri 04 Oct '13,10.7,10.8,10.7,10.7,+0.1 (+0.75%),162.88 K
Thu 03 Oct '13,10.6,10.8,10.6,10.6,−0.1 (−0.75%),2.01 K
Wed 02 Oct '13,10.7,10.7,10.6,10.7,−0.0 (−0.09%),30.5 K
Tue 01 Oct '13,10.7,10.7,10.7,10.7,0.0 (0.00%),5.45 K
Mon 30 Sep '13,10.7,10.8,10.7,10.7,0.0 (0.00%),10.4 K
Fri 27 Sep '13,10.7,11.0,10.7,10.7,+0.0 (+0.09%),103.01 K
Thu 26 Sep '13,10.7,10.7,10.7,10.7,−0.1 (−0.93%),230.44 K
Wed 25 Sep '13,10.8,10.8,10.8,10.8,+0.1 (+0.93%),20
Tue 24 Sep '13,10.7,10.8,10.7,10.7,0.0 (0.00%),97.85 K
Mon 23 Sep '13,10.7,10.8,10.7,10.7,+0.0 (+0.47%),82.44 K
Fri 20 Sep '13,10.7,10.7,10.6,10.7,+0.1 (+0.47%),10.7 K
Wed 18 Sep '13,10.6,10.7,10.5,10.6,0.0 (0.00%),88.21 K
Tue 17 Sep '13,10.6,10.9,10.6,10.6,+0.2 (+1.44%),33.8 K
Mon 16 Sep '13,10.5,10.6,10.5,10.5,−0.2 (−1.42%),33.29 K
Fri 13 Sep '13,10.6,10.6,10.4,10.6,+0.2 (+1.73%),3.05 K
Thu 12 Sep '13,10.4,10.7,10.3,10.4,+0.0 (+0.10%),4.36 K
Wed 11 Sep '13,10.4,10.5,10.3,10.4,−0.0 (−0.10%),9.16 K
Tue 10 Sep '13,10.4,10.5,10.3,10.4,+0.1 (+1.17%),8.99 K
Mon 09 Sep '13,10.3,10.3,10.3,10.3,0.0 (0.00%),15 K
Fri 06 Sep '13,10.3,10.3,10.3,10.3,0.0 (0.00%),1 K
Wed 04 Sep '13,10.3,10.7,10.3,10.3,−0.2 (−1.90%),197.55 K
Tue 03 Sep '13,10.5,10.5,10.5,10.5,−0.1 (−0.94%),21.38 K
Fri 30 Aug '13,10.6,10.9,10.6,10.6,−0.3 (−2.75%),32 K
Thu 29 Aug '13,10.9,10.9,10.5,10.9,+0.3 (+3.02%),65.01 K
Wed 28 Aug '13,10.6,10.8,10.5,10.6,−0.3 (−2.94%),22.1 M
Tue 27 Aug '13,10.9,11.1,10.8,10.9,+0.1 (+0.46%),45.06 K
Mon 26 Aug '13,10.9,11.0,10.8,10.9,+0.0 (+0.46%),7 K
Fri 23 Aug '13,10.8,10.9,10.8,10.8,−0.1 (−0.92%),51.12 K
Thu 22 Aug '13,10.9,11.0,10.9,10.9,−0.1 (−0.91%),15 K
Wed 21 Aug '13,11.0,11.1,10.8,11.0,+0.2 (+1.38%),67.16 K
Mon 19 Aug '13,10.9,10.9,10.9,10.9,+0.2 (+1.40%),25.01 K
Fri 16 Aug '13,10.7,10.7,10.7,10.7,0.0 (0.00%),12.84 K
Thu 15 Aug '13,10.7,10.7,10.5,10.7,−0.3 (−2.82%),25.25 K
Wed 14 Aug '13,11.0,11.1,11.0,11.0,−0.3 (−2.57%),18.23 K
Tue 13 Aug '13,11.3,11.3,11.1,11.3,+0.2 (+1.71%),6.05 K
Mon 12 Aug '13,11.1,11.2,11.0,11.1,−0.1 (−0.54%),15.33 K
Thu 08 Aug '13,11.2,11.3,11.1,11.2,+0.2 (+1.45%),9.4 K
Tue 06 Aug '13,11.0,11.3,11.0,11.0,−0.3 (−2.57%),47.48 K
Mon 05 Aug '13,11.3,11.5,11.3,11.3,−0.0 (−0.44%),8.44 K
Fri 02 Aug '13,11.4,11.4,11.2,11.4,−0.1 (−0.87%),1.08 K
Thu 01 Aug '13,11.5,11.5,11.4,11.5,+0.3 (+3.15%),2.18 K
Wed 31 Jul '13,11.1,11.1,11.1,11.1,0.0 (0.00%),70
Tue 30 Jul '13,11.1,11.1,11.1,11.1,+0.1 (+0.73%),500
Fri 26 Jul '13,11.0,11.1,11.0,11.0,+0.0 (+0.09%),11.02 K
Thu 25 Jul '13,11.0,11.2,11.0,11.0,−0.2 (−1.70%),6.17 K
Wed 24 Jul '13,11.2,11.2,11.1,11.2,0.0 (0.00%),19.29 K
Tue 23 Jul '13,11.2,11.2,11.2,11.2,−0.2 (−1.67%),20
Fri 19 Jul '13,11.4,11.4,11.3,11.4,+0.3 (+3.08%),42.53 K
Wed 17 Jul '13,11.1,11.3,11.1,11.1,−0.3 (−2.21%),81.42 K
Tue 16 Jul '13,11.3,11.4,11.3,11.3,−0.1 (−0.88%),3.06 K
Mon 15 Jul '13,11.4,11.5,11.4,11.4,−0.0 (−0.44%),131 K
Fri 12 Jul '13,11.5,11.5,11.3,11.5,−0.1 (−0.43%),2.04 K
Thu 11 Jul '13,11.5,11.5,11.5,11.5,+0.2 (+1.77%),5 K
Wed 10 Jul '13,11.3,11.3,11.2,11.3,−0.0 (−0.35%),35.26 K
Tue 09 Jul '13,11.3,11.6,11.2,11.3,−0.1 (−0.70%),8.9 K
Mon 08 Jul '13,11.4,11.5,11.2,11.4,−0.6 (−4.83%),21.3 K
Fri 05 Jul '13,12.0,12.0,11.8,12.0,0.0 (0.00%),20.09 M
Thu 04 Jul '13,12.0,12.1,12.0,12.0,0.0 (0.00%),243.25 K
Wed 03 Jul '13,12.0,12.1,11.7,12.0,0.0 (0.00%),122.73 K
Tue 02 Jul '13,12.0,12.0,12.0,12.0,+0.1 (+0.50%),32.59 K
Mon 01 Jul '13,11.9,12.0,11.9,11.9,+0.0 (+0.08%),33.52 K
Fri 28 Jun '13,11.9,12.0,11.9,11.9,+0.1 (+1.10%),70 K
Thu 27 Jun '13,11.8,11.8,11.8,11.8,0.0 (0.00%),170 K
Wed 26 Jun '13,11.8,12.0,11.8,11.8,−0.2 (−1.67%),9.53 K
Tue 25 Jun '13,12.0,12.0,12.0,12.0,−0.1 (−0.58%),130
Mon 24 Jun '13,12.1,12.1,12.0,12.1,−0.0 (−0.25%),54.6 K
Thu 20 Jun '13,12.1,12.1,12.0,12.1,+0.1 (+0.75%),103.51 K
Wed 19 Jun '13,12.0,12.0,12.0,12.0,+0.2 (+2.04%),425.4 K
Mon 17 Jun '13,12.0,12.0,11.8,12.0,0.0 (0.00%),214.13 K
Fri 14 Jun '13,12.0,12.0,11.8,12.0,+0.2 (+1.70%),245.98 K
Wed 12 Jun '13,11.8,11.8,11.8,11.8,0.0 (0.00%),25.1 K
Tue 11 Jun '13,11.8,11.8,11.8,11.8,0.0 (0.00%),10 M
Fri 07 Jun '13,11.8,11.9,11.8,11.8,−0.2 (−1.58%),18.04 K
Thu 06 Jun '13,12.0,12.0,11.9,12.0,0.0 (0.00%),54.11 K
Wed 05 Jun '13,12.0,12.2,11.9,12.0,−0.2 (−1.32%),19.63 K
Fri 21 Jun '13,12.1,12.1,12.0,12.1,0.0 (0.00%),55.23 K
Tue 18 Jun '13,11.8,11.8,11.8,11.8,−0.2 (−1.51%),1.11 K
Thu 13 Jun '13,11.8,11.8,11.8,11.8,0.0 (0.00%),8.75 K
Mon 10 Jun '13,11.8,12.2,11.8,11.8,−0.1 (−0.51%),34.3 K
Tue 04 Jun '13,12.2,12.2,12.1,12.2,+0.1 (+0.50%),269.81 K
Mon 03 Jun '13,12.1,12.1,12.1,12.1,−0.0 (−0.33%),24.02 M
Fri 31 May '13,12.1,12.3,12.1,12.1,−0.1 (−1.14%),24.01 K
Thu 30 May '13,12.3,12.3,12.2,12.3,+0.2 (+1.40%),67.76 K
Wed 29 May '13,12.1,12.4,11.9,12.1,+0.5 (+4.22%),2.38 M
Tue 28 May '13,11.6,11.7,11.5,11.6,−0.0 (−0.09%),42.8 K
Mon 27 May '13,11.6,11.7,11.5,11.6,+0.1 (+1.13%),303.12 K
Thu 23 May '13,11.5,11.7,11.5,11.5,0.0 (0.00%),15.07 M
Wed 22 May '13,11.5,11.5,11.5,11.5,−0.2 (−1.71%),142.4 K
Tue 21 May '13,11.7,11.9,11.6,11.7,+0.2 (+1.65%),1.11 M
Mon 20 May '13,11.5,11.6,11.4,11.5,+0.0 (+0.26%),470.91 K
Fri 17 May '13,11.5,11.5,11.3,11.5,+0.2 (+1.59%),70.32 K
Thu 16 May '13,11.3,11.3,11.2,11.3,−0.0 (−0.09%),482.63 K
Wed 15 May '13,11.3,11.8,11.0,11.3,+0.6 (+5.11%),11.2 M
Tue 14 May '13,10.8,11.0,10.0,10.8,+0.7 (+6.75%),530.3 K
Mon 13 May '13,10.1,10.1,10.0,10.1,−0.0 (−0.10%),46.58 K
Fri 10 May '13,10.1,10.4,10.0,10.1,−0.3 (−2.42%),58.53 K
Thu 09 May '13,10.3,10.4,9.8,10.3,+0.3 (+2.58%),103.11 K
Wed 08 May '13,10.1,10.2,9.9,10.1,−0.2 (−1.66%),71.42 K
Tue 07 May '13,10.3,10.3,9.8,10.3,+0.1 (+0.99%),574.12 K
Mon 06 May '13,10.2,10.2,10.0,10.2,+0.1 (+1.30%),91.94 K
Fri 03 May '13,10.0,10.1,10.0,10.0,−0.1 (−0.89%),44.96 K
Thu 02 May '13,10.1,10.2,10.1,10.1,+0.0 (+0.10%),25.04 K
Tue 30 Apr '13,10.1,10.3,10.1,10.1,−0.0 (−0.10%),12.17 K
Mon 29 Apr '13,10.1,10.2,10.1,10.1,−0.1 (−0.88%),76.81 K
Fri 26 Apr '13,10.2,10.2,10.1,10.2,+0.2 (+1.59%),175.71 K
Wed 24 Apr '13,10.0,10.2,9.8,10.0,+0.3 (+3.51%),89.21 K
Tue 23 Apr '13,9.7,9.7,9.7,9.7,−0.2 (−2.02%),17.07 K
Mon 22 Apr '13,9.9,9.9,9.7,9.9,+0.2 (+2.06%),87.91 K
Fri 19 Apr '13,9.7,9.7,9.7,9.7,0.0 (0.00%),6.99 K
Thu 18 Apr '13,9.7,9.7,9.7,9.7,+0.1 (+0.94%),2 K
Wed 17 Apr '13,9.6,9.9,9.6,9.6,−0.1 (−0.93%),36.76 K
Tue 16 Apr '13,9.7,10.0,9.7,9.7,+0.0 (+0.31%),23.6 K
Fri 12 Apr '13,9.7,9.8,9.6,9.7,−0.1 (−0.82%),14.51 K
Thu 11 Apr '13,9.8,9.8,9.8,9.8,+0.1 (+0.52%),52.46 K
Wed 10 Apr '13,9.7,9.7,9.6,9.7,+0.0 (+0.52%),59.34 K
Tue 09 Apr '13,9.7,9.7,9.6,9.7,0.0 (0.00%),17.9 K
Fri 05 Apr '13,9.7,9.7,9.6,9.7,−0.0 (−0.52%),30
Thu 04 Apr '13,9.7,9.7,9.6,9.7,+0.0 (+0.21%),12.14 K
Wed 03 Apr '13,9.7,9.8,9.6,9.7,+0.1 (+1.36%),462.44 K
Tue 02 Apr '13,9.6,9.6,9.6,9.6,−0.0 (−0.52%),57 K
Mon 01 Apr '13,9.6,10.0,9.6,9.6,0.0 (0.00%),45.01 K
Thu 28 Mar '13,9.6,9.7,9.5,9.6,+0.1 (+0.84%),367.53 K
Wed 27 Mar '13,9.5,9.6,9.5,9.5,−0.1 (−1.24%),19.98 K
Mon 25 Mar '13,9.6,9.6,9.6,9.6,+0.2 (+2.01%),20
Fri 22 Mar '13,9.5,9.6,9.5,9.5,+0.0 (+0.32%),12.25 K
Thu 21 Mar '13,9.4,9.5,9.4,9.4,+0.1 (+0.64%),16.04 K
Wed 20 Mar '13,9.4,9.7,9.4,9.4,−0.2 (−1.99%),180.84 K
Tue 19 Mar '13,9.6,9.6,9.4,9.6,+0.1 (+0.53%),93 K
Mon 18 Mar '13,9.5,9.5,9.5,9.5,−0.1 (−1.04%),150.44 K
Fri 15 Mar '13,9.6,9.7,9.6,9.6,+0.0 (+0.31%),40.59 K
Thu 14 Mar '13,9.6,9.7,9.4,9.6,+0.1 (+0.84%),17.45 K
Wed 13 Mar '13,9.5,9.6,9.4,9.5,−0.1 (−1.15%),30.36 K
Tue 12 Mar '13,9.6,9.6,9.5,9.6,+0.1 (+1.05%),50.05 K
Mon 11 Mar '13,9.5,9.6,9.5,9.5,−0.3 (−2.86%),34.36 K
Fri 08 Mar '13,9.8,9.8,9.8,9.8,−0.0 (−0.20%),3.51 K
Thu 07 Mar '13,9.8,9.8,9.8,9.8,+0.2 (+1.77%),10
Wed 06 Mar '13,9.6,9.7,9.6,9.6,−0.0 (−0.21%),25.41 K
Tue 05 Mar '13,9.7,9.7,9.6,9.7,+0.1 (+0.52%),24.59 K
Mon 04 Mar '13,9.6,9.6,9.6,9.6,0.0 (0.00%),17.7 K
Fri 01 Mar '13,9.6,9.7,9.6,9.6,+0.0 (+0.52%),657.52 K
Thu 28 Feb '13,9.6,9.7,9.6,9.6,−0.0 (−0.21%),37.19 K
Wed 27 Feb '13,9.6,9.7,9.6,9.6,+0.0 (+0.10%),114.31 K
Tue 26 Feb '13,9.6,9.7,9.6,9.6,−0.0 (−0.10%),69.73 K
Fri 22 Feb '13,9.6,9.7,9.6,9.6,+0.0 (+0.10%),16.74 K
Thu 21 Feb '13,9.6,9.7,9.6,9.6,−0.0 (−0.42%),6.01 K
Wed 20 Feb '13,9.6,9.8,9.6,9.6,0.0 (0.00%),1.12 M
Tue 19 Feb '13,9.6,9.6,9.6,9.6,0.0 (0.00%),508.58 K
Mon 18 Feb '13,9.6,9.8,9.6,9.6,0.0 (0.00%),1.03 M
Fri 15 Feb '13,9.6,9.8,9.6,9.6,−0.0 (−0.10%),25.02 K
Thu 14 Feb '13,9.6,9.7,9.6,9.6,0.0 (0.00%),101.28 K
Wed 13 Feb '13,9.6,9.7,9.6,9.6,0.0 (0.00%),192.75 K
Tue 12 Feb '13,9.6,9.7,9.6,9.6,−0.1 (−0.93%),19.97 K
Mon 11 Feb '13,9.7,9.9,9.7,9.7,−0.1 (−1.42%),4.61 K
Fri 08 Feb '13,9.8,9.9,9.7,9.8,+0.2 (+2.39%),158.6 K
Thu 07 Feb '13,9.6,9.8,9.6,9.6,−0.0 (−0.10%),25.49 K
Wed 06 Feb '13,9.6,9.8,9.6,9.6,+0.0 (+0.10%),100
Tue 05 Feb '13,9.6,9.8,9.6,9.6,+0.0 (+0.31%),2.52 K
Fri 01 Feb '13,9.6,9.9,9.6,9.6,−0.3 (−2.64%),362.13 K
Thu 31 Jan '13,9.8,9.8,9.6,9.8,+0.0 (+0.41%),18.11 K
Wed 30 Jan '13,9.8,9.9,9.8,9.8,+0.2 (+2.08%),10.06 K
Tue 29 Jan '13,9.6,9.8,9.6,9.6,−0.2 (−1.54%),34.13 K
Mon 28 Jan '13,9.8,9.9,9.8,9.8,0.0 (0.00%),3.54 K
Thu 24 Jan '13,9.8,9.9,9.8,9.8,∅ (∅%),15.43 K
