date,open,high,low,close,change,volume
Fri 10 Jul '26,10.4,10.4,10.3,10.4,+0.1 (+0.97%),3.37 K
Thu 09 Jul '26,10.3,10.3,9.8,10.3,+0.2 (+1.98%),7.17 K
Wed 08 Jul '26,10.4,10.4,10.1,10.1,−0.3 (−2.88%),13.95 K
Tue 07 Jul '26,10.4,10.4,10.0,10.4,+0.4 (+4.00%),17.95 K
Mon 06 Jul '26,10.4,10.4,10.0,10.0,−0.4 (−3.85%),6.3 K
Fri 03 Jul '26,10.0,10.4,10.0,10.4,0.0 (0.00%),305
Thu 02 Jul '26,10.2,10.4,10.1,10.4,+0.2 (+1.96%),22.32 K
Wed 01 Jul '26,10.4,10.4,10.1,10.2,−0.1 (−0.97%),18.64 K
Tue 30 Jun '26,10.1,10.4,10.1,10.3,+0.4 (+4.04%),103.44 K
Fri 26 Jun '26,10.0,10.2,9.9,9.9,−0.3 (−2.94%),12.13 K
Thu 25 Jun '26,10.2,10.2,10.0,10.2,+0.1 (+0.99%),29.28 K
Wed 24 Jun '26,10.3,10.3,9.8,10.1,0.0 (0.00%),54.1 K
Tue 23 Jun '26,10.5,10.8,9.5,10.1,−0.4 (−3.81%),846.77 K
Mon 22 Jun '26,11.2,11.2,9.9,10.5,−0.4 (−3.67%),974.53 K
Fri 19 Jun '26,11.0,11.1,10.9,10.9,0.0 (0.00%),5.11 K
Thu 18 Jun '26,10.9,11.1,10.5,10.9,+0.1 (+0.93%),30.7 K
Wed 17 Jun '26,11.2,11.2,10.2,10.8,−0.2 (−1.82%),33.11 K
Tue 16 Jun '26,11.5,11.5,10.0,11.0,−0.5 (−4.35%),287.23 K
Mon 15 Jun '26,11.4,11.7,11.0,11.5,+0.1 (+0.88%),272.48 K
Fri 12 Jun '26,11.4,11.5,11.0,11.4,0.0 (0.00%),16.76 K
Thu 11 Jun '26,11.2,11.4,11.0,11.4,−0.1 (−0.87%),11.4 K
Wed 10 Jun '26,11.5,11.5,11.5,11.5,0.0 (0.00%),75
Tue 09 Jun '26,11.7,11.7,11.5,11.5,−0.2 (−1.71%),4.36 K
Mon 08 Jun '26,11.8,11.8,11.1,11.7,−0.2 (−1.68%),10.56 K
Fri 05 Jun '26,11.2,11.9,11.2,11.9,0.0 (0.00%),2.2 K
Thu 04 Jun '26,11.7,11.9,11.7,11.9,0.0 (0.00%),3.1 K
Wed 03 Jun '26,11.9,11.9,11.9,11.9,0.0 (0.00%),100
Tue 02 Jun '26,11.9,11.9,11.1,11.9,0.0 (0.00%),15 K
Mon 01 Jun '26,11.9,11.9,11.9,11.9,−0.1 (−0.83%),100
Fri 29 May '26,11.9,12.0,11.7,12.0,0.0 (0.00%),15.1 K
Wed 27 May '26,12.0,12.0,12.0,12.0,0.0 (0.00%),100
Tue 26 May '26,12.0,12.0,11.7,12.0,0.0 (0.00%),3.5 K
Mon 25 May '26,11.9,12.0,11.8,12.0,0.0 (0.00%),6.1 K
Fri 22 May '26,11.9,12.0,11.7,12.0,+0.1 (+0.84%),21.03 K
Thu 07 May '26,12.4,12.4,12.3,12.3,+0.8 (+6.96%),517
Wed 06 May '26,12.2,12.2,11.5,11.5,−0.3 (−2.54%),60.77 K
Tue 05 May '26,12.2,12.2,11.8,11.8,−0.4 (−3.28%),13.23 K
Mon 04 May '26,12.3,12.4,12.1,12.2,−0.1 (−0.81%),5.11 K
Thu 30 Apr '26,12.4,12.5,12.2,12.3,+0.3 (+2.50%),14.63 K
Wed 29 Apr '26,12.2,12.4,12.0,12.0,−0.4 (−3.23%),2.85 K
Tue 28 Apr '26,12.4,12.4,11.8,12.4,0.0 (0.00%),11.73 K
Mon 27 Apr '26,12.4,12.5,12.0,12.4,+0.6 (+5.08%),56.93 K
Fri 24 Apr '26,12.0,12.0,11.8,11.8,−0.1 (−0.84%),29.14 K
Thu 23 Apr '26,12.0,12.0,11.8,11.9,−0.1 (−0.83%),2.72 K
Wed 22 Apr '26,12.0,12.0,11.7,12.0,−0.3 (−2.44%),39.44 K
Tue 21 Apr '26,12.0,12.4,12.0,12.3,+0.1 (+0.82%),10.17 K
Mon 20 Apr '26,12.4,12.4,12.2,12.2,+0.2 (+1.67%),720
Fri 17 Apr '26,12.3,12.4,12.0,12.0,+0.1 (+0.84%),12.02 K
Thu 16 Apr '26,12.0,12.4,11.9,11.9,−0.1 (−0.83%),12.4 K
Wed 15 Apr '26,11.7,12.7,11.7,12.0,0.0 (0.00%),1.2 K
Fri 10 Apr '26,11.4,13.0,11.4,12.0,+0.6 (+5.26%),344.23 K
Thu 09 Apr '26,11.4,11.4,11.4,11.4,0.0 (0.00%),624
Wed 08 Apr '26,11.4,11.4,11.4,11.4,0.0 (0.00%),75
Tue 07 Apr '26,11.3,11.4,11.1,11.4,+0.1 (+0.88%),509
Mon 06 Apr '26,11.3,11.3,11.3,11.3,+0.2 (+1.80%),2.29 K
Thu 02 Apr '26,11.4,11.4,11.1,11.1,−0.2 (−1.77%),1.26 K
Tue 31 Mar '26,11.4,11.4,10.8,11.3,−0.1 (−0.88%),2.94 K
Mon 30 Mar '26,11.5,11.5,10.6,11.4,−0.1 (−0.87%),41.41 K
Fri 27 Mar '26,11.0,11.5,11.0,11.5,+0.5 (+4.55%),4.85 K
Thu 26 Mar '26,11.8,11.8,11.0,11.0,−0.6 (−5.17%),5.55 K
Wed 25 Mar '26,11.5,12.0,11.5,11.6,+0.1 (+0.87%),12.14 K
Tue 24 Mar '26,10.9,11.5,10.9,11.5,+0.6 (+5.50%),50.43 K
Mon 23 Mar '26,10.9,11.5,10.9,10.9,−0.6 (−5.22%),116
Fri 20 Mar '26,11.6,11.7,10.9,11.5,+0.5 (+4.55%),3.91 K
Thu 19 Mar '26,11.1,11.1,11.0,11.0,−0.7 (−5.98%),5.1 K
Wed 18 Mar '26,11.1,11.7,11.1,11.7,+0.6 (+5.41%),7.06 K
Tue 17 Mar '26,11.2,12.0,11.1,11.1,+0.1 (+0.91%),72.67 K
Mon 16 Mar '26,11.1,11.1,10.6,11.0,−0.7 (−5.98%),42.26 K
Fri 13 Mar '26,11.0,11.9,11.0,11.7,+0.7 (+6.36%),7.65 K
Thu 12 Mar '26,11.5,13.3,10.8,11.0,−0.4 (−3.51%),85.9 K
Wed 11 Mar '26,11.0,11.5,11.0,11.4,0.0 (0.00%),63.36 K
Tue 10 Mar '26,11.5,11.5,11.0,11.4,−0.1 (−0.87%),12.44 K
Mon 09 Mar '26,11.9,11.9,11.0,11.5,−0.4 (−3.36%),35.91 K
Fri 06 Mar '26,11.9,11.9,11.9,11.9,0.0 (0.00%),3.7 K
Thu 05 Mar '26,11.5,12.0,11.5,11.9,0.0 (0.00%),18.74 K
Wed 04 Mar '26,12.0,12.0,11.5,11.9,+0.4 (+3.48%),13.65 K
Tue 03 Mar '26,11.5,12.1,11.1,11.5,−0.6 (−4.96%),44.35 K
Fri 27 Feb '26,12.2,12.2,11.7,12.1,+0.2 (+1.68%),4.74 K
Thu 26 Feb '26,11.8,12.0,11.8,11.9,+0.2 (+1.71%),8.05 K
Wed 25 Feb '26,12.4,12.4,11.7,11.7,+0.1 (+0.86%),3.01 K
Tue 24 Feb '26,12.5,12.5,11.6,11.6,−0.2 (−1.69%),2.71 K
Mon 23 Feb '26,12.5,12.6,11.8,11.8,−0.1 (−0.84%),120
Fri 20 Feb '26,12.4,12.4,11.9,11.9,−0.5 (−4.03%),5.19 K
Thu 19 Feb '26,12.2,12.4,12.0,12.4,+0.5 (+4.20%),15.93 K
Wed 18 Feb '26,12.1,12.1,11.9,11.9,−0.2 (−1.65%),3.25 K
Tue 17 Feb '26,12.1,12.3,12.0,12.1,+0.2 (+1.68%),25.09 K
Mon 16 Feb '26,11.9,11.9,11.9,11.9,−0.3 (`asdasdasdasxaxasxasxasxasasxasxasxzzx xcxcvxcv−2.46%),5
Fri 13 Feb '26,12.1,12.2,11.8,12.2,+0.1 (+0.83%),13.14 K
Thu 12 Feb '26,12.3,12.3,12.1,12.1,−0.2 (−1.63%),9.33 K
Wed 11 Feb '26,12.3,12.5,12.3,12.3,−0.2 (−1.60%),11.86 K
Tue 10 Feb '26,12.7,12.7,12.4,12.5,0.0 (0.00%),2.28 K
Mon 09 Feb '26,12.5,12.6,12.4,12.5,−0.2 (−1.57%),46.23 K
Fri 06 Feb '26,12.5,12.7,12.5,12.7,+0.1 (+0.79%),38.3 K
Thu 05 Feb '26,12.5,12.7,12.4,12.6,+0.1 (+0.80%),35 K
Tue 03 Feb '26,12.9,12.9,12.4,12.5,0.0 (0.00%),6.27 K
Mon 02 Feb '26,12.6,12.6,12.5,12.5,−0.1 (−0.79%),194.65 K
Fri 30 Jan '26,12.6,13.0,12.6,12.6,−0.4 (−3.08%),26.22 K
Thu 29 Jan '26,12.5,13.0,12.5,13.0,+0.5 (+4.00%),233.91 K
Wed 28 Jan '26,12.9,12.9,11.8,12.5,−0.3 (−2.34%),229.17 K
Tue 27 Jan '26,12.0,13.3,11.9,12.8,+0.8 (+6.67%),1.28 M
Mon 26 Jan '26,11.6,12.0,11.6,12.0,+0.4 (+3.45%),5 K
Fri 23 Jan '26,11.6,12.0,11.6,11.6,−0.1 (−0.85%),34.81 K
Thu 22 Jan '26,11.6,11.9,11.6,11.7,0.0 (0.00%),3.1 K
Wed 21 Jan '26,12.0,12.0,11.7,11.7,−0.2 (−1.68%),6.3 K
Tue 20 Jan '26,11.9,12.0,11.6,11.9,+0.1 (+0.85%),11.14 K
Mon 19 Jan '26,11.7,12.0,11.7,11.8,−0.2 (−1.67%),8.37 K
Fri 16 Jan '26,11.7,12.0,11.7,12.0,+0.1 (+0.84%),2.69 K
Wed 14 Jan '26,11.6,12.0,11.6,11.9,−0.1 (−0.83%),12.08 K
Tue 13 Jan '26,12.0,12.0,11.6,12.0,0.0 (0.00%),19.34 K
Mon 12 Jan '26,12.0,12.0,11.6,12.0,+0.5 (+4.35%),29.99 K
Fri 09 Jan '26,12.0,12.0,11.5,11.5,−0.4 (−3.36%),29.81 K
Thu 08 Jan '26,12.0,12.0,11.9,11.9,−0.1 (−0.83%),24.29 K
Tue 06 Jan '26,11.8,12.0,11.7,12.0,+0.1 (+0.84%),2.14 K
Mon 05 Jan '26,12.0,12.0,11.5,11.9,−0.1 (−0.83%),38.27 K
Fri 02 Jan '26,12.3,12.4,12.0,12.0,−0.1 (−0.83%),14.33 K
Wed 31 Dec '25,11.8,12.1,11.3,12.1,+0.3 (+2.54%),43 K
Tue 30 Dec '25,11.5,12.0,11.0,11.8,−0.2 (−1.67%),16.23 K
Mon 29 Dec '25,11.8,12.0,11.7,12.0,+0.3 (+2.56%),2.74 K
Fri 26 Dec '25,11.7,11.7,11.7,11.7,0.0 (0.00%),600
Wed 24 Dec '25,11.7,11.7,11.7,11.7,−0.1 (−0.85%),5.5 K
Tue 23 Dec '25,11.7,11.8,11.7,11.8,+0.1 (+0.85%),256
Mon 22 Dec '25,11.5,11.7,11.3,11.7,−0.2 (−1.68%),8.91 K
Fri 19 Dec '25,11.9,11.9,11.5,11.9,+0.1 (+0.85%),4.11 K
Thu 18 Dec '25,11.5,11.8,11.5,11.8,+0.3 (+2.61%),6.33 K
Wed 17 Dec '25,11.9,11.9,11.5,11.5,0.0 (0.00%),7.06 K
Tue 16 Dec '25,11.9,12.0,11.5,11.5,−0.4 (−3.36%),13.12 K
Mon 15 Dec '25,11.9,11.9,11.6,11.9,+0.1 (+0.85%),8.09 K
Fri 12 Dec '25,12.0,12.0,11.8,11.8,−0.2 (−1.67%),6.05 K
Thu 11 Dec '25,12.0,12.4,11.9,12.0,+0.1 (+0.84%),12.9 K
Wed 10 Dec '25,12.0,12.0,11.9,11.9,+0.2 (+1.71%),11.78 K
Tue 09 Dec '25,11.8,11.8,11.6,11.7,+0.2 (+1.74%),12.56 K
Mon 08 Dec '25,11.4,12.0,11.4,11.5,−0.3 (−2.54%),2.93 K
Fri 05 Dec '25,11.8,12.1,11.4,11.8,−0.2 (−1.67%),33.52 K
Wed 03 Dec '25,12.0,12.0,12.0,12.0,−0.1 (−0.83%),100
Tue 02 Dec '25,11.6,12.2,11.6,12.1,+0.3 (+2.54%),16.16 K
Mon 01 Dec '25,11.7,12.4,11.6,11.8,−0.2 (−1.67%),22.58 K
Fri 28 Nov '25,11.9,12.0,11.9,12.0,−0.3 (−2.44%),12.11 K
Thu 27 Nov '25,12.4,12.4,11.9,12.3,−0.1 (−0.81%),9.45 K
Wed 26 Nov '25,12.2,12.5,11.9,12.4,+0.7 (+5.98%),71.88 K
Tue 25 Nov '25,11.8,12.0,11.6,11.7,−0.5 (−4.10%),11.47 K
Mon 24 Nov '25,12.0,12.2,11.8,12.2,+0.3 (+2.52%),6.62 K
Fri 21 Nov '25,11.9,12.0,11.9,11.9,0.0 (0.00%),46.38 K
Thu 20 Nov '25,11.9,12.0,11.8,11.9,−0.1 (−0.83%),402.87 K
Wed 19 Nov '25,12.0,12.0,11.7,12.0,+0.1 (+0.84%),23.03 K
Tue 18 Nov '25,12.0,12.0,11.8,11.9,−0.1 (−0.83%),194.64 K
Mon 17 Nov '25,12.6,12.9,11.4,12.0,−0.6 (−4.76%),173.13 K
Fri 14 Nov '25,12.9,12.9,12.6,12.6,−0.1 (−0.79%),5.98 K
Thu 13 Nov '25,12.6,12.9,12.5,12.7,+0.7 (+5.83%),37.52 K
Wed 12 Nov '25,12.9,12.9,12.0,12.0,−0.9 (−6.98%),122.59 K
Tue 11 Nov '25,12.8,13.0,12.5,12.9,0.0 (0.00%),60.54 K
Mon 10 Nov '25,13.3,13.3,12.8,12.9,−0.4 (−3.01%),28.29 K
Fri 07 Nov '25,13.2,13.5,12.6,13.3,+0.1 (+0.76%),15.8 K
Thu 06 Nov '25,13.3,13.4,13.2,13.2,+0.1 (+0.76%),11.97 K
Tue 04 Nov '25,13.3,13.3,12.5,13.1,−0.2 (−1.50%),104.44 K
Mon 03 Nov '25,13.2,13.8,13.0,13.3,−0.3 (−2.21%),37.13 K
Fri 31 Oct '25,14.0,14.0,13.6,13.6,+0.1 (+0.74%),7.17 K
Thu 30 Oct '25,13.3,13.5,13.0,13.5,−0.2 (−1.46%),139.56 K
Wed 29 Oct '25,13.8,13.8,13.2,13.7,+0.2 (+1.48%),11.47 K
Tue 28 Oct '25,13.5,13.8,13.2,13.5,−0.2 (−1.46%),38.23 K
Mon 27 Oct '25,14.0,14.0,13.7,13.7,0.0 (0.00%),5.08 K
Fri 24 Oct '25,13.5,14.0,13.5,13.7,+0.2 (+1.48%),238.63 K
Thu 23 Oct '25,13.5,13.5,13.0,13.5,0.0 (0.00%),70.77 K
Wed 22 Oct '25,13.9,13.9,13.2,13.5,−0.5 (−3.57%),69.74 K
Tue 21 Oct '25,13.4,14.1,13.4,14.0,+0.1 (+0.72%),48.47 K
Fri 17 Oct '25,13.8,14.5,13.5,13.9,+0.6 (+4.51%),55.8 K
Thu 16 Oct '25,13.6,13.7,13.3,13.3,−0.5 (−3.62%),12.82 K
Wed 15 Oct '25,14.0,14.0,13.4,13.8,+0.3 (+2.22%),10.41 K
Tue 14 Oct '25,13.5,13.7,13.4,13.5,−0.3 (−2.17%),49.09 K
Mon 13 Oct '25,13.7,13.9,13.3,13.8,0.0 (0.00%),62.98 K
Fri 10 Oct '25,14.0,14.5,13.6,13.8,−0.4 (−2.82%),38.55 K
Thu 09 Oct '25,14.4,14.4,13.6,14.2,0.0 (0.00%),66.93 K
Wed 08 Oct '25,14.1,14.5,13.9,14.2,0.0 (0.00%),111.58 K
Tue 07 Oct '25,13.8,14.5,13.8,14.2,+0.4 (+2.90%),85.28 K
Fri 03 Oct '25,13.7,13.8,13.5,13.8,−0.2 (−1.43%),30.67 K
Thu 02 Oct '25,14.0,14.0,13.7,14.0,0.0 (0.00%),16.62 K
Wed 01 Oct '25,14.5,14.5,14.0,14.0,−0.5 (−3.45%),131.17 K
Tue 30 Sep '25,14.8,14.9,14.4,14.5,+0.2 (+1.40%),205.5 K
Mon 29 Sep '25,13.7,15.5,13.7,14.3,+0.5 (+3.62%),438.18 K
Fri 26 Sep '25,13.0,14.1,13.0,13.8,+0.8 (+6.15%),190.19 K
Thu 25 Sep '25,12.8,13.0,12.8,13.0,+0.2 (+1.56%),15.24 K
Wed 24 Sep '25,13.0,13.0,12.5,12.8,−0.2 (−1.54%),23.77 K
Tue 23 Sep '25,12.9,13.0,12.8,13.0,+0.1 (+0.78%),60.48 K
Mon 22 Sep '25,13.1,13.1,12.8,12.9,−0.1 (−0.77%),79.66 K
Fri 19 Sep '25,12.8,13.2,12.8,13.0,−0.2 (−1.52%),8.71 K
Thu 18 Sep '25,13.2,13.5,12.8,13.2,+0.1 (+0.76%),32.05 K
Wed 17 Sep '25,12.9,13.2,12.8,13.1,+0.2 (+1.55%),29.71 K
Tue 16 Sep '25,12.7,13.0,12.5,12.9,+0.3 (+2.38%),116.53 K
Mon 15 Sep '25,13.5,13.5,12.6,12.6,−0.9 (−6.67%),35.27 K
Fri 12 Sep '25,14.1,14.1,13.5,13.5,−0.6 (−4.26%),78.26 K
Thu 11 Sep '25,13.5,14.9,13.5,14.1,+0.4 (+2.92%),493.89 K
Wed 10 Sep '25,14.0,14.0,13.5,13.7,+0.2 (+1.48%),1.47 K
Tue 09 Sep '25,13.8,13.9,13.5,13.5,−0.4 (−2.88%),9.63 K
Mon 08 Sep '25,13.5,14.0,12.2,13.9,+0.4 (+2.96%),106.99 K
Thu 04 Sep '25,13.5,13.9,13.2,13.5,0.0 (0.00%),82.72 K
Wed 03 Sep '25,13.9,13.9,13.4,13.5,−0.3 (−2.17%),37.61 K
Tue 02 Sep '25,13.7,13.9,13.5,13.8,0.0 (0.00%),22.96 K
Mon 01 Sep '25,13.9,14.1,13.7,13.8,−0.1 (−0.72%),148.98 K
Fri 29 Aug '25,13.5,14.1,13.5,13.9,−0.1 (−0.71%),81.19 K
Thu 28 Aug '25,14.0,14.1,13.5,14.0,0.0 (0.00%),93.81 K
Wed 27 Aug '25,14.3,15.3,13.9,14.0,−0.5 (−3.45%),526.33 K
Tue 26 Aug '25,12.5,14.9,12.4,14.5,+2.1 (+16.94%),836.23 K
Mon 25 Aug '25,12.2,12.5,12.1,12.4,+0.2 (+1.64%),7.61 K
Fri 22 Aug '25,12.2,12.5,12.1,12.2,0.0 (0.00%),19.18 K
Thu 21 Aug '25,12.2,12.3,11.8,12.2,−0.3 (−2.40%),47.26 K
Wed 20 Aug '25,12.0,12.5,11.8,12.5,+0.6 (+5.04%),36 K
Tue 19 Aug '25,12.0,12.2,11.8,11.9,−0.2 (−1.65%),12.2 K
Mon 18 Aug '25,12.0,12.1,11.9,12.1,+0.2 (+1.68%),21 K
Fri 15 Aug '25,11.9,12.0,11.8,11.9,−0.3 (−2.46%),10.16 K
Thu 14 Aug '25,12.2,12.2,11.8,12.2,+0.1 (+0.83%),74.21 K
Wed 13 Aug '25,12.1,12.2,12.0,12.1,−0.2 (−1.63%),8.09 K
Tue 12 Aug '25,12.2,12.3,12.1,12.3,0.0 (0.00%),11.34 K
Mon 11 Aug '25,12.5,12.5,12.2,12.3,−0.2 (−1.60%),34.01 K
Thu 07 Aug '25,12.5,12.5,12.3,12.5,+0.1 (+0.81%),5.38 K
Wed 06 Aug '25,12.4,12.5,12.4,12.4,+0.4 (+3.33%),3.2 K
Tue 05 Aug '25,12.2,12.4,12.0,12.0,−0.1 (−0.83%),8.48 K
Mon 04 Aug '25,12.7,12.7,12.0,12.1,−0.4 (−3.20%),8.98 K
Fri 01 Aug '25,12.5,12.7,12.5,12.5,−0.2 (−1.57%),52.99 K
Thu 31 Jul '25,12.5,12.7,12.2,12.7,+0.4 (+3.25%),1.73 K
Wed 30 Jul '25,12.4,12.9,12.2,12.3,+0.1 (+0.82%),48.29 K
Tue 29 Jul '25,12.9,12.9,12.2,12.2,−0.5 (−3.94%),4.71 K
Mon 28 Jul '25,12.9,12.9,12.2,12.7,+0.1 (+0.79%),31.95 K
Fri 25 Jul '25,12.2,12.6,12.2,12.6,+0.1 (+0.80%),8.7 K
Thu 24 Jul '25,12.9,12.9,12.5,12.5,−0.1 (−0.79%),97.95 K
Wed 23 Jul '25,12.6,13.2,12.6,12.6,+0.1 (+0.80%),211.78 K
Tue 22 Jul '25,12.0,13.0,11.7,12.5,+0.5 (+4.17%),205.92 K
Mon 21 Jul '25,12.1,12.2,11.0,12.0,+0.2 (+1.69%),179.99 K
Fri 18 Jul '25,12.2,12.2,11.7,11.8,−0.2 (−1.67%),6.27 K
Thu 17 Jul '25,11.5,12.2,11.5,12.0,+0.5 (+4.35%),58.22 K
Wed 16 Jul '25,11.5,11.5,11.4,11.5,0.0 (0.00%),31.7 K
Tue 15 Jul '25,11.8,11.9,11.4,11.5,−0.3 (−2.54%),45.51 K
Mon 14 Jul '25,11.9,11.9,11.7,11.8,−0.1 (−0.84%),32.75 K
Fri 11 Jul '25,12.0,12.1,11.8,11.9,−0.1 (−0.83%),140.06 K
Wed 09 Jul '25,12.0,12.0,11.7,12.0,0.0 (0.00%),6.36 K
Tue 08 Jul '25,12.1,12.2,11.9,12.0,+0.1 (+0.84%),879
Mon 07 Jul '25,12.3,12.3,11.7,11.9,−0.4 (−3.25%),19.02 K
Fri 04 Jul '25,12.1,12.3,12.0,12.3,+0.1 (+0.82%),45.05 K
Thu 03 Jul '25,12.2,12.3,12.2,12.2,−0.1 (−0.81%),22.57 K
Wed 02 Jul '25,12.2,12.3,12.0,12.3,+0.1 (+0.82%),6.98 K
Tue 01 Jul '25,12.4,12.4,11.9,12.2,−0.2 (−1.61%),3.07 K
Mon 30 Jun '25,12.4,12.6,12.0,12.4,0.0 (0.00%),47.04 K
Fri 27 Jun '25,11.9,12.4,11.9,12.4,0.0 (0.00%),12.91 K
Thu 26 Jun '25,12.0,12.4,11.6,12.4,+0.5 (+4.20%),28.36 K
Wed 25 Jun '25,11.6,12.1,11.5,11.9,−0.1 (−0.83%),9.15 K
Tue 24 Jun '25,11.9,12.0,11.5,12.0,+0.1 (+0.84%),4.44 K
Mon 23 Jun '25,11.6,11.9,11.1,11.9,−0.1 (−0.83%),15.92 K
Fri 20 Jun '25,12.2,12.2,11.5,12.0,−0.2 (−1.64%),2.83 K
Thu 19 Jun '25,11.8,12.3,11.7,12.2,+0.2 (+1.67%),25.41 K
Wed 18 Jun '25,11.8,12.4,11.8,12.0,+0.2 (+1.69%),15.92 K
Tue 17 Jun '25,12.3,12.3,11.8,11.8,−0.4 (−3.28%),914
Mon 16 Jun '25,11.8,12.3,11.5,12.2,+0.3 (+2.52%),6.34 K
Fri 13 Jun '25,12.2,12.2,11.9,11.9,−0.3 (−2.46%),13.05 K
Thu 12 Jun '25,12.0,12.3,11.9,12.2,−0.1 (−0.81%),9.48 K
Wed 11 Jun '25,12.4,12.4,11.9,12.3,−0.1 (−0.81%),10.93 K
Mon 09 Jun '25,12.2,12.6,12.2,12.4,+0.1 (+0.81%),19.82 K
Fri 06 Jun '25,12.4,12.7,11.9,12.3,+0.3 (+2.50%),36.59 K
Thu 05 Jun '25,12.4,12.4,11.9,12.0,−0.4 (−3.23%),26.65 K
Wed 04 Jun '25,12.4,12.4,12.0,12.4,+0.1 (+0.81%),9.09 K
Tue 03 Jun '25,12.1,12.3,12.1,12.3,+0.1 (+0.82%),2.21 K
Mon 02 Jun '25,12.3,12.4,12.2,12.2,−0.2 (−1.61%),17.71 K
Fri 30 May '25,12.2,12.5,12.0,12.4,0.0 (0.00%),30.75 K
Thu 29 May '25,12.7,12.7,12.0,12.4,−0.2 (−1.59%),17.44 K
Wed 28 May '25,12.8,12.8,12.5,12.6,0.0 (0.00%),4.15 K
Tue 27 May '25,12.6,12.6,12.3,12.6,0.0 (0.00%),11.8 K
Mon 26 May '25,12.6,12.6,12.4,12.6,+0.3 (+2.44%),16.18 K
Fri 23 May '25,12.4,12.6,12.2,12.3,+0.2 (+1.65%),8.37 K
Thu 22 May '25,12.0,12.4,12.0,12.1,+0.1 (+0.83%),15.43 K
Wed 21 May '25,11.8,12.1,11.8,12.0,−0.1 (−0.83%),1.99 K
Tue 20 May '25,12.0,12.1,11.9,12.1,+0.1 (+0.83%),45.6 K
Mon 19 May '25,12.7,12.7,12.0,12.0,−0.5 (−4.00%),55.87 K
Fri 16 May '25,12.9,12.9,12.2,12.5,−0.3 (−2.34%),28.09 K
Thu 15 May '25,12.1,12.8,12.1,12.8,+0.4 (+3.23%),17.42 K
Wed 14 May '25,12.1,12.6,12.1,12.4,−0.2 (−1.59%),10.73 K
Fri 09 May '25,12.0,12.6,12.0,12.6,0.0 (0.00%),4.48 K
Thu 08 May '25,12.9,13.0,12.6,12.6,+0.3 (+2.44%),3.05 K
Wed 07 May '25,12.5,13.0,12.0,12.3,−0.7 (−5.38%),21.05 K
Tue 06 May '25,12.7,13.0,12.7,13.0,+0.3 (+2.36%),1.43 K
Mon 05 May '25,13.1,13.1,12.3,12.7,+0.2 (+1.60%),19.36 K
Fri 02 May '25,12.3,13.0,12.3,12.5,+0.1 (+0.81%),9.24 K
Wed 30 Apr '25,13.2,13.2,12.4,12.4,−0.6 (−4.62%),57.58 K
Tue 29 Apr '25,13.3,13.3,12.4,13.0,+0.5 (+4.00%),142.36 K
Mon 28 Apr '25,13.4,13.4,12.4,12.5,−0.7 (−5.30%),96.84 K
Fri 25 Apr '25,12.8,13.2,12.5,13.2,+0.6 (+4.76%),146.33 K
Thu 24 Apr '25,12.5,12.6,12.3,12.6,+0.1 (+0.80%),719
Wed 23 Apr '25,12.7,12.7,12.3,12.5,+0.1 (+0.81%),306
Tue 22 Apr '25,12.3,12.4,12.3,12.4,−0.2 (−1.59%),1.32 K
Mon 21 Apr '25,12.6,12.6,12.1,12.6,+0.1 (+0.80%),7.33 K
Thu 17 Apr '25,12.6,12.6,12.0,12.5,−0.1 (−0.79%),10.68 K
Wed 16 Apr '25,11.9,12.6,11.9,12.6,+0.2 (+1.61%),3.2 K
Fri 11 Apr '25,12.5,12.5,11.9,12.4,+0.4 (+3.33%),2.39 K
Thu 10 Apr '25,12.4,12.7,12.0,12.0,0.0 (0.00%),8.53 K
Wed 09 Apr '25,12.0,12.0,12.0,12.0,0.0 (0.00%),155
Tue 08 Apr '25,12.3,12.3,11.8,12.0,−0.3 (−2.44%),12.46 K
Mon 07 Apr '25,11.7,12.3,11.0,12.3,0.0 (0.00%),31.52 K
Fri 04 Apr '25,11.9,12.4,11.7,12.3,0.0 (0.00%),18.5 K
Thu 03 Apr '25,12.4,12.4,12.0,12.3,+0.1 (+0.82%),5.66 K
Wed 02 Apr '25,12.7,12.7,12.2,12.2,0.0 (0.00%),78.71 K
Tue 01 Apr '25,12.7,12.7,12.2,12.2,0.0 (0.00%),36.28 K
Fri 28 Mar '25,12.0,12.8,12.0,12.2,−0.6 (−4.69%),2.29 K
Thu 27 Mar '25,12.0,12.8,11.9,12.8,+0.7 (+5.79%),8.46 K
Wed 26 Mar '25,12.1,12.1,12.1,12.1,+0.1 (+0.83%),400
Tue 25 Mar '25,12.9,12.9,12.0,12.0,−0.7 (−5.51%),32.16 K
Mon 24 Mar '25,12.1,12.9,12.1,12.7,+0.2 (+1.60%),6.17 K
Fri 21 Mar '25,13.0,13.0,12.1,12.5,0.0 (0.00%),43.03 K
Thu 20 Mar '25,12.5,12.6,12.4,12.5,+0.6 (+5.04%),15.89 K
Wed 19 Mar '25,12.5,12.5,11.9,11.9,−0.1 (−0.83%),2.19 K
Tue 18 Mar '25,12.5,12.5,12.0,12.0,0.0 (0.00%),8.35 K
Mon 17 Mar '25,12.9,12.9,12.0,12.0,−1.1 (−8.40%),21.28 K
Fri 14 Mar '25,12.4,13.5,12.4,13.1,+0.9 (+7.38%),52.31 K
Wed 12 Mar '25,11.9,12.4,11.9,12.2,+0.7 (+6.09%),2.59 K
Tue 11 Mar '25,12.0,12.5,9.1,11.5,−0.5 (−4.17%),5.97 K
Mon 10 Mar '25,12.6,12.8,12.0,12.0,−0.5 (−4.00%),8.14 K
Fri 07 Mar '25,12.5,12.7,12.2,12.5,+0.4 (+3.31%),11.97 K
Thu 06 Mar '25,12.3,12.3,12.0,12.1,−0.2 (−1.63%),15.57 K
Wed 05 Mar '25,12.4,12.4,12.0,12.3,+0.1 (+0.82%),6.43 K
Tue 04 Mar '25,13.0,13.0,11.6,12.2,−0.5 (−3.94%),18.86 K
Mon 03 Mar '25,13.2,13.2,12.7,12.7,−0.5 (−3.79%),645
Fri 28 Feb '25,13.4,13.4,13.0,13.2,−0.1 (−0.75%),9.66 K
Thu 27 Feb '25,13.3,13.3,12.9,13.3,−0.1 (−0.75%),4.74 K
Tue 25 Feb '25,13.5,13.5,12.9,13.4,−0.1 (−0.74%),20.35 K
Mon 24 Feb '25,13.2,13.5,13.2,13.5,−0.5 (−3.57%),2.49 K
Fri 21 Feb '25,13.5,14.0,13.4,14.0,0.0 (0.00%),23.16 K
Thu 20 Feb '25,14.0,14.0,13.5,14.0,0.0 (0.00%),69.95 K
Wed 19 Feb '25,13.9,14.0,13.7,14.0,0.0 (0.00%),7.87 K
Tue 18 Feb '25,13.8,14.0,13.8,14.0,+0.2 (+1.45%),7.11 K
Mon 17 Feb '25,14.5,14.5,13.8,13.8,−0.2 (−1.43%),104.42 K
Fri 14 Feb '25,14.5,14.5,13.9,14.0,−0.2 (−1.41%),93.05 K
Thu 13 Feb '25,14.3,14.6,14.0,14.2,−0.5 (−3.40%),24.23 K
Tue 11 Feb '25,15.2,15.2,14.2,14.7,−0.2 (−1.34%),11.06 K
Mon 10 Feb '25,15.3,15.4,14.6,14.9,0.0 (0.00%),13.91 K
Fri 07 Feb '25,15.4,15.4,14.3,14.9,0.0 (0.00%),19.23 K
Thu 06 Feb '25,14.9,15.4,14.3,14.9,+0.3 (+2.05%),52.94 K
Wed 05 Feb '25,15.7,15.7,14.4,14.6,−0.9 (−5.81%),101.18 K
Mon 03 Feb '25,16.0,16.0,14.5,15.5,−0.4 (−2.52%),159.52 K
Fri 31 Jan '25,15.9,16.4,15.6,15.9,+0.1 (+0.63%),58.07 K
Thu 30 Jan '25,16.2,16.2,15.2,15.8,−0.4 (−2.47%),122.29 K
Wed 29 Jan '25,14.9,16.9,14.9,16.2,+1.8 (+12.50%),1.04 M
Tue 28 Jan '25,14.2,14.7,14.2,14.4,0.0 (0.00%),71.47 K
Mon 27 Jan '25,14.0,14.5,13.8,14.4,+0.7 (+5.11%),44.34 K
Fri 24 Jan '25,14.3,14.5,13.6,13.7,−0.6 (−4.20%),5.09 K
Thu 23 Jan '25,14.6,14.6,13.4,14.3,−0.1 (−0.69%),118.88 K
Wed 22 Jan '25,14.5,14.7,13.9,14.4,0.0 (0.00%),33.53 K
Tue 21 Jan '25,14.3,14.5,14.0,14.4,+0.1 (+0.70%),62.93 K
Mon 20 Jan '25,14.3,14.4,13.9,14.3,+0.1 (+0.70%),4.38 K
Fri 17 Jan '25,13.7,14.3,13.7,14.2,+0.6 (+4.41%),51.24 K
Thu 16 Jan '25,13.8,13.8,13.4,13.6,−0.2 (−1.45%),20.98 K
Wed 15 Jan '25,13.6,13.9,13.5,13.8,−0.2 (−1.43%),31.22 K
Fri 10 Jan '25,14.0,14.0,13.4,14.0,+0.6 (+4.48%),9.51 K
Thu 09 Jan '25,14.1,14.1,13.4,13.4,−0.1 (−0.74%),17.18 K
Wed 08 Jan '25,14.0,14.1,13.5,13.5,−0.4 (−2.88%),57.96 K
Tue 07 Jan '25,14.0,14.1,13.5,13.9,+0.4 (+2.96%),22.09 K
Mon 06 Jan '25,14.0,14.1,13.1,13.5,−0.4 (−2.88%),54.68 K
Fri 03 Jan '25,14.3,14.3,13.9,13.9,−0.5 (−3.47%),47.53 K
Thu 02 Jan '25,14.4,14.5,13.7,14.4,+0.3 (+2.13%),51.66 K
Tue 31 Dec '24,14.2,14.3,14.0,14.1,+0.2 (+1.44%),9.72 K
Mon 30 Dec '24,14.3,14.3,13.7,13.9,−0.4 (−2.80%),23.7 K
Fri 27 Dec '24,14.4,14.4,13.8,14.3,−0.1 (−0.69%),81.97 K
Thu 26 Dec '24,14.8,14.8,14.0,14.4,−0.1 (−0.69%),36.95 K
Tue 24 Dec '24,14.9,14.9,14.0,14.5,−0.4 (−2.68%),93.65 K
Mon 23 Dec '24,15.5,15.8,14.2,14.9,−0.8 (−5.10%),398.79 K
Fri 20 Dec '24,14.8,15.9,14.5,15.7,+1.2 (+8.28%),726.01 K
Thu 19 Dec '24,13.9,14.5,13.9,14.5,+0.5 (+3.57%),229.26 K
Wed 18 Dec '24,13.8,14.0,13.5,14.0,+0.2 (+1.45%),18.85 K
Tue 17 Dec '24,13.8,13.8,13.6,13.8,0.0 (0.00%),32.4 K
Mon 16 Dec '24,14.0,14.0,13.5,13.8,0.0 (0.00%),68.93 K
Fri 13 Dec '24,14.2,14.4,13.4,13.8,−0.6 (−4.17%),194.35 K
Thu 12 Dec '24,14.9,14.9,14.0,14.4,−0.5 (−3.36%),68.52 K
Wed 11 Dec '24,15.1,15.2,14.5,14.9,−0.2 (−1.32%),212.02 K
Tue 10 Dec '24,15.5,16.0,14.9,15.1,−0.3 (−1.95%),267.67 K
Mon 09 Dec '24,13.6,16.0,13.6,15.4,+1.9 (+14.07%),821.41 K
Fri 06 Dec '24,12.4,13.8,12.1,13.5,+1.1 (+8.87%),152.29 K
Thu 05 Dec '24,12.4,12.4,12.0,12.4,0.0 (0.00%),23.73 K
Wed 04 Dec '24,12.4,12.4,11.7,12.4,0.0 (0.00%),2.39 K
Tue 03 Dec '24,12.4,12.4,12.0,12.4,0.0 (0.00%),20.32 K
Mon 02 Dec '24,12.2,12.4,12.0,12.4,+0.1 (+0.81%),31.97 K
Fri 29 Nov '24,12.1,12.5,11.9,12.3,+0.8 (+6.96%),41.09 K
Thu 28 Nov '24,12.5,12.5,11.5,11.5,−1.0 (−8.00%),23.62 K
Wed 27 Nov '24,12.3,12.5,12.3,12.5,+0.1 (+0.81%),2.32 K
Tue 26 Nov '24,11.8,12.4,11.8,12.4,−0.1 (−0.80%),1.03 K
Mon 25 Nov '24,12.5,12.5,11.5,12.5,0.0 (0.00%),4.21 K
Fri 22 Nov '24,12.6,12.6,12.1,12.5,−0.3 (−2.34%),8.33 K
Thu 21 Nov '24,12.6,12.8,12.0,12.8,+0.1 (+0.79%),7.38 K
Wed 20 Nov '24,11.9,13.0,11.9,12.7,+0.8 (+6.72%),310.35 K
Tue 19 Nov '24,11.4,11.9,11.3,11.9,+0.5 (+4.39%),2 K
Mon 18 Nov '24,11.4,12.3,11.3,11.4,−0.5 (−4.20%),16.86 K
Thu 14 Nov '24,11.9,11.9,11.9,11.9,+0.2 (+1.71%),25
Wed 13 Nov '24,11.7,11.7,11.7,11.7,0.0 (0.00%),1.72 K
Tue 12 Nov '24,12.3,12.3,11.7,11.7,−0.2 (−1.68%),750
Mon 11 Nov '24,12.0,12.0,11.6,11.9,−0.3 (−2.46%),10.81 K
Fri 08 Nov '24,12.2,12.2,12.2,12.2,+0.1 (+0.83%),527
Thu 07 Nov '24,11.8,12.5,11.6,12.1,+0.6 (+5.22%),17.24 K
Wed 06 Nov '24,11.9,11.9,11.5,11.5,−0.1 (−0.86%),5.01 K
Tue 05 Nov '24,11.7,11.7,11.6,11.6,−0.1 (−0.85%),300
Mon 04 Nov '24,11.8,11.8,11.7,11.7,−0.3 (−2.50%),35.24 K
Fri 01 Nov '24,12.0,12.2,12.0,12.0,0.0 (0.00%),8.27 K
Wed 30 Oct '24,12.0,12.2,12.0,12.0,0.0 (0.00%),78.18 K
Tue 29 Oct '24,12.0,12.0,12.0,12.0,0.0 (0.00%),11.47 K
Mon 28 Oct '24,12.0,12.3,11.9,12.0,0.0 (0.00%),29.94 K
Fri 25 Oct '24,12.4,12.4,11.9,12.0,−0.4 (−3.23%),7.19 K
Thu 24 Oct '24,12.2,12.4,12.1,12.4,+0.1 (+0.81%),1.6 K
Wed 23 Oct '24,12.6,12.6,12.3,12.3,−0.4 (−3.15%),8.03 K
Tue 22 Oct '24,12.8,13.0,12.7,12.7,−0.2 (−1.55%),43.6 K
Mon 21 Oct '24,11.6,13.0,11.6,12.9,+1.3 (+11.21%),139.53 K
Fri 18 Oct '24,11.5,11.7,11.5,11.6,−0.2 (−1.69%),618
Tue 15 Oct '24,12.4,12.4,11.7,11.8,−0.5 (−4.07%),7.99 K
Mon 14 Oct '24,11.6,12.7,11.6,12.3,+0.9 (+7.89%),73.53 K
Fri 11 Oct '24,11.0,11.4,11.0,11.4,+0.5 (+4.59%),20.34 K
Thu 10 Oct '24,10.9,10.9,10.9,10.9,0.0 (0.00%),5.31 K
Wed 09 Oct '24,11.3,11.3,10.9,10.9,−0.3 (−2.68%),507
Tue 08 Oct '24,10.8,11.2,10.8,11.2,+0.2 (+1.82%),33.78 K
Mon 07 Oct '24,11.0,11.0,11.0,11.0,−0.2 (−1.79%),10
Fri 04 Oct '24,11.2,11.3,11.2,11.2,0.0 (0.00%),5.6 K
Thu 03 Oct '24,10.7,11.3,10.7,11.2,+0.8 (+7.69%),34.95 K
Wed 02 Oct '24,10.7,10.7,10.4,10.4,−0.1 (−0.95%),116
Tue 01 Oct '24,10.5,10.5,10.5,10.5,−0.1 (−0.94%),1.1 K
Mon 30 Sep '24,10.6,10.6,10.6,10.6,0.0 (0.00%),24.8 K
Fri 27 Sep '24,10.6,10.9,10.6,10.6,−0.1 (−0.93%),5.5 K
Wed 25 Sep '24,10.7,10.7,10.7,10.7,−0.4 (−3.60%),10 K
Tue 24 Sep '24,10.9,11.1,10.9,11.1,+0.7 (+6.73%),224
Mon 23 Sep '24,10.4,10.4,10.4,10.4,−0.5 (−4.59%),1
Fri 20 Sep '24,10.0,10.9,10.0,10.9,+0.1 (+0.93%),595
Thu 19 Sep '24,10.8,10.8,10.8,10.8,+0.1 (+0.93%),66.01 K
Wed 18 Sep '24,10.7,10.7,10.7,10.7,−0.3 (−2.73%),1 K
Fri 13 Sep '24,10.5,11.0,10.5,11.0,+0.5 (+4.76%),9 K
Thu 12 Sep '24,10.5,10.5,10.3,10.5,0.0 (0.00%),5.44 K
Wed 11 Sep '24,10.4,10.5,10.4,10.5,+0.1 (+0.96%),250
Tue 10 Sep '24,10.3,10.4,10.3,10.4,+0.1 (+0.97%),61
Mon 09 Sep '24,10.3,10.3,10.3,10.3,−0.4 (−3.74%),12
Fri 06 Sep '24,11.5,11.6,10.7,10.7,+0.3 (+2.88%),1.75 K
Thu 05 Sep '24,11.0,11.0,10.4,10.4,−0.6 (−5.45%),1.44 K
Wed 04 Sep '24,11.0,11.0,11.0,11.0,+0.4 (+3.77%),700
Tue 03 Sep '24,10.6,10.6,10.6,10.6,−0.2 (−1.85%),2.5 K
Mon 02 Sep '24,10.8,10.8,10.7,10.8,0.0 (0.00%),2.5 K
Fri 30 Aug '24,10.8,10.8,10.7,10.8,+0.1 (+0.93%),5.18 K
Thu 29 Aug '24,10.8,10.9,10.7,10.7,−0.1 (−0.93%),8.11 K
Wed 28 Aug '24,10.8,10.8,10.8,10.8,−0.2 (−1.82%),1.4 K
Tue 27 Aug '24,11.2,11.2,10.8,11.0,−0.1 (−0.90%),1.63 K
Mon 26 Aug '24,11.1,11.1,11.1,11.1,+0.1 (+0.91%),10.13 K
Fri 23 Aug '24,11.5,11.5,11.0,11.0,−0.7 (−5.98%),5.98 K
Thu 22 Aug '24,11.6,11.7,11.6,11.7,0.0 (0.00%),5.05 K
Wed 21 Aug '24,11.6,11.7,11.6,11.7,0.0 (0.00%),9.26 K
Tue 20 Aug '24,11.9,11.9,11.7,11.7,−0.1 (−0.85%),941
Fri 16 Aug '24,11.8,11.8,11.8,11.8,−0.2 (−1.67%),5 K
Thu 15 Aug '24,11.9,12.0,11.9,12.0,−0.5 (−4.00%),19.93 K
Wed 14 Aug '24,11.6,12.8,11.6,12.5,+0.7 (+5.93%),103.82 K
Tue 13 Aug '24,11.2,11.9,11.2,11.8,+0.7 (+6.31%),186.97 K
Mon 12 Aug '24,10.7,11.3,10.4,11.1,+0.7 (+6.73%),81.06 K
Fri 09 Aug '24,10.4,10.4,10.4,10.4,0.0 (0.00%),1.23 K
Thu 08 Aug '24,10.4,10.4,10.4,10.4,−0.3 (−2.80%),201
Wed 07 Aug '24,10.3,10.7,10.3,10.7,+0.4 (+3.88%),73.38 K
Tue 06 Aug '24,10.6,10.6,10.3,10.3,0.0 (0.00%),17.82 K
Mon 05 Aug '24,10.4,10.5,10.3,10.3,0.0 (0.00%),36.6 K
Fri 02 Aug '24,10.4,10.4,10.3,10.3,−0.3 (−2.83%),1.8 K
Thu 01 Aug '24,9.6,10.6,9.6,10.6,+0.1 (+0.95%),88.66 K
Wed 31 Jul '24,10.2,10.5,10.2,10.5,+0.6 (+6.06%),1.2 K
Tue 30 Jul '24,9.9,9.9,9.9,9.9,0.0 (0.00%),200
Fri 26 Jul '24,9.9,9.9,9.9,9.9,0.0 (0.00%),1 K
Thu 25 Jul '24,9.9,9.9,9.9,9.9,+0.4 (+4.21%),1
Tue 23 Jul '24,9.5,9.5,9.5,9.5,−0.7 (−6.86%),11
Fri 19 Jul '24,9.6,10.2,9.3,10.2,+0.6 (+6.25%),6.3 K
Thu 18 Jul '24,9.6,9.6,9.6,9.6,0.0 (0.00%),1.32 K
Mon 15 Jul '24,9.6,9.6,9.6,9.6,0.0 (0.00%),1 K
Thu 11 Jul '24,10.2,10.2,9.6,9.6,0.0 (0.00%),6.31 K
Mon 08 Jul '24,9.6,9.7,9.6,9.6,0.0 (0.00%),5.49 K
Fri 05 Jul '24,9.7,9.7,9.5,9.6,−0.2 (−2.04%),7.1 K
Thu 04 Jul '24,9.8,9.8,9.8,9.8,−0.1 (−1.01%),50
Mon 01 Jul '24,9.9,9.9,9.9,9.9,+0.2 (+2.06%),100
Fri 28 Jun '24,9.7,9.7,9.7,9.7,0.0 (0.00%),1.05 K
Thu 27 Jun '24,9.7,9.7,9.6,9.7,−0.2 (−2.02%),6 K
Wed 26 Jun '24,9.9,9.9,9.9,9.9,0.0 (0.00%),5.2 K
Tue 25 Jun '24,9.7,9.9,9.6,9.9,+0.2 (+2.06%),2.01 K
Mon 24 Jun '24,10.0,10.0,9.7,9.7,−0.1 (−1.02%),171
Thu 20 Jun '24,9.7,9.8,9.7,9.8,+0.1 (+1.03%),3.01 K
Fri 14 Jun '24,9.9,9.9,9.7,9.7,−0.3 (−3.00%),2.4 K
Thu 13 Jun '24,9.8,10.0,9.8,10.0,+0.1 (+1.01%),5.3 K
Mon 10 Jun '24,9.8,9.9,9.8,9.9,+0.1 (+1.02%),2.02 K
Fri 07 Jun '24,9.8,9.8,9.8,9.8,−0.1 (−1.01%),100
Thu 06 Jun '24,10.1,10.3,9.8,9.9,−0.2 (−1.98%),8.82 K
Wed 05 Jun '24,10.2,10.2,9.8,10.1,−0.1 (−0.98%),10.69 K
Tue 04 Jun '24,9.7,10.3,9.6,10.2,0.0 (0.00%),4.35 K
Mon 03 Jun '24,9.9,10.3,9.7,10.2,−0.7 (−6.42%),8.11 K
Fri 31 May '24,9.7,11.0,9.6,10.9,+0.9 (+9.00%),10.27 K
Thu 30 May '24,9.8,10.0,9.8,10.0,0.0 (0.00%),104
Wed 29 May '24,9.9,10.0,9.6,10.0,−0.3 (−2.91%),4.11 K
Tue 28 May '24,9.9,10.3,9.9,10.3,+0.3 (+3.00%),331
Mon 27 May '24,9.9,10.0,9.9,10.0,0.0 (0.00%),1.09 K
Wed 22 May '24,10.0,10.0,10.0,10.0,−0.3 (−2.91%),200
Tue 21 May '24,10.3,10.3,10.3,10.3,+0.3 (+3.00%),1
Mon 20 May '24,10.3,10.3,9.9,10.0,0.0 (0.00%),1.02 K
Fri 17 May '24,10.3,10.3,10.0,10.0,0.0 (0.00%),408
Thu 16 May '24,10.2,10.3,10.0,10.0,0.0 (0.00%),10.4 K
Wed 15 May '24,10.2,10.6,10.0,10.0,0.0 (0.00%),25.71 K
Tue 14 May '24,10.0,10.0,10.0,10.0,+0.2 (+2.04%),5.1 K
Mon 13 May '24,10.0,10.2,9.8,9.8,−0.5 (−4.85%),86.63 K
Fri 10 May '24,9.9,10.3,9.9,10.3,+0.2 (+1.98%),4.2 K
Thu 09 May '24,10.0,10.3,9.9,10.1,+0.1 (+1.00%),7.14 K
Wed 08 May '24,10.0,10.0,9.9,10.0,0.0 (0.00%),65
Tue 07 May '24,10.0,10.0,10.0,10.0,0.0 (0.00%),2.2 K
Mon 06 May '24,10.1,10.2,10.0,10.0,0.0 (0.00%),11.7 K
Fri 03 May '24,10.0,10.0,9.9,10.0,+0.1 (+1.01%),36.71 K
Thu 02 May '24,10.0,10.0,9.9,9.9,−0.2 (−1.98%),423
Tue 30 Apr '24,10.1,10.1,10.0,10.1,+0.1 (+1.00%),2.51 K
Mon 29 Apr '24,10.0,10.0,10.0,10.0,0.0 (0.00%),20.02 K
Fri 26 Apr '24,10.0,10.0,9.8,10.0,−0.1 (−0.99%),5.55 K
Thu 25 Apr '24,10.1,10.1,10.1,10.1,+0.1 (+1.00%),12
Wed 24 Apr '24,9.8,10.0,9.8,10.0,+0.2 (+2.04%),171
Mon 22 Apr '24,9.8,9.8,9.8,9.8,+0.3 (+3.16%),1
Fri 19 Apr '24,10.2,10.2,9.5,9.5,−0.2 (−2.06%),2.05 K
Thu 18 Apr '24,9.9,10.0,9.0,9.7,−0.2 (−2.02%),17.21 K
Wed 17 Apr '24,10.0,10.0,9.5,9.9,0.0 (0.00%),13.81 K
Tue 16 Apr '24,10.0,10.0,9.9,9.9,0.0 (0.00%),521
Mon 15 Apr '24,10.2,10.2,9.9,9.9,+0.1 (+1.02%),4.13 K
Mon 08 Apr '24,10.0,10.0,9.8,9.8,0.0 (0.00%),800
Fri 05 Apr '24,10.0,10.2,9.8,9.8,−0.1 (−1.01%),4.79 K
Thu 04 Apr '24,10.1,10.2,9.9,9.9,−0.2 (−1.98%),5.55 K
Wed 03 Apr '24,10.2,10.2,10.1,10.1,−0.2 (−1.94%),447
Tue 02 Apr '24,10.0,10.3,10.0,10.3,+0.4 (+4.04%),210
Thu 28 Mar '24,9.9,9.9,9.9,9.9,−0.3 (−2.94%),200
Wed 27 Mar '24,10.1,10.2,10.1,10.2,+0.3 (+3.03%),5 K
Tue 26 Mar '24,9.9,10.4,9.9,9.9,−0.1 (−1.00%),50.72 K
Fri 22 Mar '24,10.0,10.2,10.0,10.0,0.0 (0.00%),2.21 K
Thu 21 Mar '24,10.0,10.0,9.8,10.0,−0.4 (−3.85%),12.15 K
Wed 20 Mar '24,10.1,10.4,10.1,10.4,+0.4 (+4.00%),10.61 K
Tue 19 Mar '24,10.0,10.1,10.0,10.0,−0.1 (−0.99%),3.45 K
Mon 18 Mar '24,10.2,10.3,10.1,10.1,0.0 (0.00%),6.82 K
Fri 15 Mar '24,10.0,10.1,10.0,10.1,+0.1 (+1.00%),384
Thu 14 Mar '24,10.0,10.0,10.0,10.0,−0.4 (−3.85%),1.05 K
Wed 13 Mar '24,10.4,10.4,10.4,10.4,+0.4 (+4.00%),100
Tue 12 Mar '24,10.1,10.3,10.0,10.0,+0.1 (+1.01%),5.92 K
Mon 11 Mar '24,10.1,10.2,9.9,9.9,−0.3 (−2.94%),5 K
Thu 07 Mar '24,9.8,10.2,9.6,10.2,+0.2 (+2.00%),11.72 K
Tue 05 Mar '24,9.7,10.0,9.7,10.0,+0.1 (+1.01%),2.87 K
Mon 04 Mar '24,9.9,10.0,9.7,9.9,−0.1 (−1.00%),7.4 K
Fri 01 Mar '24,10.3,10.3,9.5,10.0,−0.4 (−3.85%),16.45 K
Thu 29 Feb '24,10.4,10.4,10.4,10.4,−0.1 (−0.95%),300
Wed 28 Feb '24,10.5,10.5,10.5,10.5,0.0 (0.00%),200
Tue 27 Feb '24,11.0,11.0,10.5,10.5,−0.2 (−1.87%),300
Mon 26 Feb '24,10.9,10.9,10.7,10.7,−0.1 (−0.93%),2.13 K
Thu 22 Feb '24,10.8,10.8,10.8,10.8,−0.2 (−1.82%),500
Wed 21 Feb '24,10.8,11.0,10.8,11.0,+0.2 (+1.85%),300
Tue 20 Feb '24,10.8,10.8,10.8,10.8,−0.1 (−0.92%),500
Mon 19 Feb '24,10.9,10.9,10.9,10.9,−0.1 (−0.91%),490
Fri 16 Feb '24,11.0,11.0,11.0,11.0,+0.4 (+3.77%),1.03 K
Thu 15 Feb '24,10.6,10.6,10.6,10.6,−0.4 (−3.64%),25
Wed 14 Feb '24,11.0,11.0,10.5,11.0,0.0 (0.00%),550
Tue 13 Feb '24,11.0,11.0,11.0,11.0,+0.4 (+3.77%),116
Mon 12 Feb '24,11.5,11.5,10.6,10.6,−0.6 (−5.36%),66
Fri 09 Feb '24,11.0,11.2,10.6,11.2,+0.2 (+1.82%),3.78 K
Thu 08 Feb '24,11.0,11.0,10.5,11.0,+0.5 (+4.76%),22.61 K
Wed 07 Feb '24,10.6,11.0,10.5,10.5,0.0 (0.00%),18.47 K
Tue 06 Feb '24,10.8,10.8,10.5,10.5,−0.4 (−3.67%),1.05 K
Fri 02 Feb '24,10.9,10.9,10.0,10.9,+0.1 (+0.93%),4.83 K
Thu 01 Feb '24,10.3,10.8,10.3,10.8,+0.6 (+5.88%),8.88 K
Tue 30 Jan '24,10.3,10.3,10.2,10.2,−0.7 (−6.42%),1.82 K
Mon 29 Jan '24,10.3,10.9,10.3,10.9,+0.6 (+5.83%),410
Wed 24 Jan '24,10.3,10.3,10.3,10.3,−0.6 (−5.50%),100
Tue 23 Jan '24,10.4,10.9,10.3,10.9,−0.1 (−0.91%),2.3 K
Fri 19 Jan '24,10.4,11.1,10.4,11.0,+0.4 (+3.77%),1.2 K
Thu 18 Jan '24,10.3,10.6,10.3,10.6,+0.3 (+2.91%),801
Wed 17 Jan '24,10.4,10.4,10.2,10.3,−0.8 (−7.21%),4.5 K
Tue 16 Jan '24,10.8,11.1,10.8,11.1,+0.3 (+2.78%),11.03 K
Thu 11 Jan '24,10.8,10.8,10.2,10.8,0.0 (0.00%),13.05 K
Wed 10 Jan '24,10.5,10.8,10.5,10.8,−0.2 (−1.82%),112
Tue 09 Jan '24,10.8,11.0,10.5,11.0,+0.2 (+1.85%),1.81 K
Mon 08 Jan '24,10.6,10.8,10.6,10.8,0.0 (0.00%),3.15 K
Fri 05 Jan '24,10.3,10.8,10.3,10.8,+0.6 (+5.88%),52
Thu 04 Jan '24,10.4,10.4,10.2,10.2,−0.3 (−2.86%),900
Wed 03 Jan '24,10.5,10.5,10.5,10.5,−0.6 (−5.41%),1.75 K
Tue 02 Jan '24,10.9,11.1,10.9,11.1,+0.1 (+0.91%),1.18 K
Fri 29 Dec '23,11.1,11.1,11.0,11.0,+0.5 (+4.76%),108
Wed 27 Dec '23,10.8,10.8,10.5,10.5,−0.5 (−4.55%),850
Fri 22 Dec '23,10.8,11.0,10.8,11.0,−0.2 (−1.79%),1.1 K
Thu 21 Dec '23,11.0,11.2,11.0,11.2,+0.2 (+1.82%),100
Tue 19 Dec '23,11.0,11.0,11.0,11.0,−0.2 (−1.79%),200
Mon 18 Dec '23,10.5,11.2,10.5,11.2,0.0 (0.00%),2.15 K
Fri 15 Dec '23,11.2,11.2,11.2,11.2,+0.1 (+0.90%),100
Wed 13 Dec '23,11.1,11.1,11.1,11.1,+0.2 (+1.83%),100
Tue 12 Dec '23,11.3,11.3,10.5,10.9,−0.3 (−2.68%),1.7 K
Mon 11 Dec '23,10.8,11.3,10.4,11.2,−0.2 (−1.75%),7.86 K
Fri 08 Dec '23,11.4,11.4,11.4,11.4,+0.2 (+1.79%),100
Wed 06 Dec '23,10.4,11.2,10.4,11.2,+0.2 (+1.82%),1.71 K
Tue 05 Dec '23,10.9,11.4,10.9,11.0,+0.4 (+3.77%),1.53 K
Mon 04 Dec '23,10.6,10.7,10.6,10.6,−0.6 (−5.36%),1.31 K
Fri 01 Dec '23,10.4,11.2,10.4,11.2,+0.2 (+1.82%),6.3 K
Thu 30 Nov '23,10.8,11.0,10.2,11.0,+0.8 (+7.84%),1.39 K
Wed 29 Nov '23,10.5,10.5,10.2,10.2,−0.2 (−1.92%),1.75 K
Tue 28 Nov '23,10.6,10.6,10.4,10.4,0.0 (0.00%),4.08 K
Mon 27 Nov '23,10.8,10.8,10.4,10.4,−0.4 (−3.70%),1.7 K
Fri 24 Nov '23,10.1,10.8,10.0,10.8,+0.3 (+2.86%),5.7 K
Thu 23 Nov '23,10.5,10.5,10.5,10.5,−0.3 (−2.78%),340
Wed 22 Nov '23,9.7,10.9,9.7,10.8,+0.7 (+6.93%),3.25 K
Tue 21 Nov '23,9.7,10.8,9.7,10.1,−0.6 (−5.61%),1.66 K
Mon 20 Nov '23,10.7,10.7,10.7,10.7,+0.6 (+5.94%),1 K
Fri 17 Nov '23,10.1,10.1,10.1,10.1,0.0 (0.00%),1
Wed 15 Nov '23,10.2,10.2,10.1,10.1,−0.1 (−0.98%),2.65 K
Mon 13 Nov '23,10.2,10.2,10.2,10.2,−0.3 (−2.86%),1 K
Fri 10 Nov '23,10.8,11.0,10.2,10.5,−0.3 (−2.78%),58.64 K
Wed 08 Nov '23,10.1,11.5,10.1,10.8,+0.3 (+2.86%),19.51 K
Tue 07 Nov '23,10.5,10.5,10.5,10.5,−0.2 (−1.87%),2
Mon 06 Nov '23,10.1,10.7,10.0,10.7,+0.7 (+7.00%),15.15 K
Fri 03 Nov '23,10.2,10.2,10.0,10.0,−0.1 (−0.99%),501
Thu 02 Nov '23,10.0,10.1,10.0,10.1,−0.2 (−1.94%),3.16 K
Wed 01 Nov '23,10.0,10.3,10.0,10.3,+0.5 (+5.10%),12.31 K
Tue 31 Oct '23,9.9,10.3,9.8,9.8,−0.2 (−2.00%),110
Mon 30 Oct '23,10.0,10.0,10.0,10.0,+0.2 (+2.04%),1
Fri 27 Oct '23,10.4,10.4,9.8,9.8,−0.2 (−2.00%),1.12 K
Thu 26 Oct '23,10.0,10.0,10.0,10.0,0.0 (0.00%),200
Wed 25 Oct '23,10.4,10.4,10.0,10.0,−0.1 (−0.99%),446
Tue 24 Oct '23,10.1,10.1,10.1,10.1,0.0 (0.00%),1.4 K
Mon 23 Oct '23,10.1,10.1,10.1,10.1,+0.1 (+1.00%),205
Fri 20 Oct '23,10.0,10.0,10.0,10.0,+0.1 (+1.01%),30
Thu 19 Oct '23,10.0,10.0,9.9,9.9,−0.1 (−1.00%),2 K
Wed 18 Oct '23,10.0,10.0,9.9,10.0,0.0 (0.00%),16.7 K
Mon 16 Oct '23,10.1,10.1,10.0,10.0,0.0 (0.00%),3.05 K
Fri 13 Oct '23,10.2,10.9,10.0,10.0,−0.2 (−1.96%),431
Thu 12 Oct '23,10.5,10.5,10.0,10.2,−0.4 (−3.77%),17.02 K
Wed 11 Oct '23,10.9,10.9,10.5,10.6,+0.1 (+0.95%),4.48 K
Mon 09 Oct '23,10.3,10.6,10.3,10.5,−0.1 (−0.94%),807
Fri 06 Oct '23,10.6,10.6,10.6,10.6,+0.4 (+3.92%),1.06 K
Thu 05 Oct '23,10.4,10.4,10.2,10.2,−0.3 (−2.86%),5.8 K
Wed 04 Oct '23,10.5,10.5,10.4,10.5,0.0 (0.00%),1.95 K
Tue 03 Oct '23,10.8,10.8,10.5,10.5,0.0 (0.00%),250
Mon 02 Oct '23,10.6,10.6,10.3,10.5,0.0 (0.00%),3.14 K
Wed 27 Sep '23,10.6,10.6,10.5,10.5,−0.1 (−0.94%),1.06 K
Tue 26 Sep '23,10.8,10.8,10.6,10.6,−0.4 (−3.64%),3.61 K
Mon 25 Sep '23,11.0,11.0,11.0,11.0,+0.2 (+1.85%),20
Fri 22 Sep '23,11.0,11.0,10.7,10.8,−0.6 (−5.26%),1.12 K
Thu 21 Sep '23,11.5,11.5,10.6,11.4,+0.7 (+6.54%),5.14 K
Wed 20 Sep '23,11.0,11.0,10.7,10.7,−0.2 (−1.83%),10.64 K
Tue 19 Sep '23,10.9,10.9,10.9,10.9,−0.1 (−0.91%),26
Mon 18 Sep '23,11.0,11.3,10.9,11.0,−0.3 (−2.65%),261
Fri 15 Sep '23,11.3,11.3,11.3,11.3,0.0 (0.00%),2.5 K
Thu 14 Sep '23,11.0,11.3,10.9,11.3,−0.1 (−0.88%),1.01 K
Wed 13 Sep '23,11.3,11.7,11.3,11.4,0.0 (0.00%),1.01 K
Tue 12 Sep '23,10.9,11.4,10.9,11.4,+0.5 (+4.59%),1.55 K
Mon 11 Sep '23,10.9,10.9,10.8,10.9,−0.2 (−1.80%),2.6 K
Fri 08 Sep '23,10.9,11.1,10.8,11.1,−0.2 (−1.77%),108.11 K
Thu 07 Sep '23,11.0,11.3,11.0,11.3,+0.1 (+0.89%),600
Wed 06 Sep '23,11.4,11.6,11.2,11.2,+0.2 (+1.82%),81
Tue 05 Sep '23,11.2,11.9,11.0,11.0,−0.2 (−1.79%),7.46 K
Mon 04 Sep '23,11.2,11.2,11.2,11.2,0.0 (0.00%),900
Fri 01 Sep '23,11.2,11.2,11.2,11.2,0.0 (0.00%),4.24 K
Thu 31 Aug '23,11.3,11.3,11.2,11.2,+0.1 (+0.90%),3.5 K
Tue 29 Aug '23,11.1,11.2,11.0,11.1,−0.1 (−0.89%),3.9 K
Mon 28 Aug '23,11.2,11.2,11.2,11.2,−0.3 (−2.61%),620
Fri 25 Aug '23,11.0,11.5,10.7,11.5,+0.8 (+7.48%),6.96 K
Thu 24 Aug '23,10.9,10.9,10.7,10.7,−0.2 (−1.83%),451
Wed 23 Aug '23,10.9,11.2,10.7,10.9,0.0 (0.00%),4.13 K
Tue 22 Aug '23,10.9,10.9,10.8,10.9,−0.2 (−1.80%),4.96 K
Mon 21 Aug '23,11.1,11.1,11.1,11.1,+0.6 (+5.71%),155
Fri 18 Aug '23,11.0,11.0,10.5,10.5,−0.5 (−4.55%),12.5 K
Thu 17 Aug '23,11.1,11.1,11.0,11.0,0.0 (0.00%),5.75 K
Wed 16 Aug '23,11.1,11.5,11.0,11.0,0.0 (0.00%),19.46 K
Tue 15 Aug '23,11.2,11.2,11.0,11.0,−0.5 (−4.35%),3 K
Mon 14 Aug '23,11.2,11.5,11.2,11.5,+0.3 (+2.68%),1.5 K
Fri 11 Aug '23,11.2,11.2,11.2,11.2,0.0 (0.00%),2
Thu 10 Aug '23,11.2,11.2,11.2,11.2,0.0 (0.00%),200
Wed 09 Aug '23,11.3,11.3,11.2,11.2,−0.1 (−0.88%),2.3 K
Tue 08 Aug '23,11.2,11.3,11.2,11.3,−0.5 (−4.24%),210
Mon 07 Aug '23,11.6,11.9,11.3,11.8,+0.4 (+3.51%),7.29 K
Fri 04 Aug '23,11.2,11.7,11.2,11.4,−0.1 (−0.87%),9.56 K
Thu 03 Aug '23,11.4,11.5,11.2,11.5,−0.3 (−2.54%),280
Wed 02 Aug '23,11.7,11.8,11.4,11.8,+0.3 (+2.61%),6.34 K
Mon 31 Jul '23,11.6,11.8,11.5,11.5,0.0 (0.00%),5.39 K
Fri 28 Jul '23,11.4,11.9,11.4,11.5,−0.4 (−3.36%),39.97 K
Thu 27 Jul '23,11.8,12.0,11.5,11.9,+0.1 (+0.85%),103.55 K
Wed 26 Jul '23,12.3,12.3,11.7,11.8,−0.2 (−1.67%),41.39 K
Tue 25 Jul '23,11.6,12.4,11.2,12.0,+0.4 (+3.45%),110.12 K
Mon 24 Jul '23,11.5,11.6,11.5,11.6,0.0 (0.00%),6.9 K
Fri 21 Jul '23,11.1,12.3,11.1,11.6,+0.3 (+2.65%),65.65 K
Thu 20 Jul '23,11.1,11.4,11.1,11.3,−0.1 (−0.88%),7.36 K
Wed 19 Jul '23,11.6,11.6,10.5,11.4,0.0 (0.00%),45.39 K
Tue 18 Jul '23,11.4,11.4,11.1,11.4,0.0 (0.00%),514
Mon 17 Jul '23,11.7,12.2,10.9,11.4,−0.2 (−1.72%),24.67 K
Fri 14 Jul '23,12.0,12.0,11.6,11.6,−0.4 (−3.33%),31.66 K
Thu 13 Jul '23,11.4,12.6,11.4,12.0,+0.3 (+2.56%),95.92 K
Wed 12 Jul '23,11.4,11.7,11.4,11.7,0.0 (0.00%),18.42 K
Tue 11 Jul '23,11.8,12.0,11.4,11.7,−0.1 (−0.85%),5.37 K
Mon 10 Jul '23,10.6,11.8,10.2,11.8,+1.3 (+12.38%),50.86 K
Fri 07 Jul '23,10.0,10.5,9.9,10.5,+0.4 (+3.96%),63.95 K
Thu 06 Jul '23,10.0,10.1,9.9,10.1,+0.1 (+1.00%),24.82 K
Wed 05 Jul '23,10.0,10.5,10.0,10.0,0.0 (0.00%),35.33 K
Tue 04 Jul '23,10.0,10.0,9.9,10.0,0.0 (0.00%),41.7 K
Wed 28 Jun '23,10.0,10.0,10.0,10.0,+0.1 (+1.01%),10.33 K
Tue 27 Jun '23,9.9,9.9,9.9,9.9,0.0 (0.00%),9.17 K
Mon 26 Jun '23,10.2,10.2,9.9,9.9,−0.3 (−2.94%),3.2 K
Fri 23 Jun '23,10.1,10.2,9.8,10.2,−0.1 (−0.97%),26.24 K
Wed 21 Jun '23,10.1,10.4,10.0,10.3,+0.2 (+1.98%),7.53 K
Tue 20 Jun '23,10.0,10.3,10.0,10.1,0.0 (0.00%),4.51 K
Mon 19 Jun '23,10.1,10.1,10.1,10.1,−0.2 (−1.94%),552
Fri 16 Jun '23,10.4,10.4,10.3,10.3,+0.2 (+1.98%),1.5 K
Thu 15 Jun '23,10.4,10.4,10.1,10.1,−0.3 (−2.88%),3.65 K
Wed 14 Jun '23,10.2,10.4,10.2,10.4,+0.2 (+1.96%),4.98 K
Tue 13 Jun '23,10.1,10.2,10.1,10.2,+0.1 (+0.99%),2.33 K
Mon 12 Jun '23,10.1,10.4,10.1,10.1,+0.1 (+1.00%),1.5 K
Fri 09 Jun '23,10.4,10.4,9.8,10.0,0.0 (0.00%),144
Thu 08 Jun '23,10.4,10.4,10.0,10.0,0.0 (0.00%),5.76 K
Wed 07 Jun '23,10.2,10.2,10.0,10.0,−0.3 (−2.91%),6.29 K
Tue 06 Jun '23,10.3,10.3,10.3,10.3,−0.7 (−6.36%),807
Mon 05 Jun '23,10.0,11.1,10.0,11.0,−0.3 (−2.65%),65.74 K
Fri 02 Jun '23,10.1,11.3,10.0,11.3,+1.2 (+11.88%),13.06 K
Thu 01 Jun '23,10.1,10.7,10.0,10.1,−0.6 (−5.61%),8.77 K
Wed 31 May '23,10.7,10.7,10.7,10.7,−0.1 (−0.93%),15
Tue 30 May '23,10.8,10.8,10.8,10.8,+0.3 (+2.86%),290
Mon 29 May '23,10.2,10.5,9.9,10.5,+0.3 (+2.94%),1.09 K
Fri 26 May '23,10.6,11.0,10.2,10.2,+0.2 (+2.00%),1.41 K
Thu 25 May '23,10.0,10.5,10.0,10.0,−0.6 (−5.66%),171
Wed 24 May '23,10.7,10.7,10.6,10.6,+0.6 (+6.00%),30
Tue 23 May '23,10.1,10.1,10.0,10.0,−0.7 (−6.54%),2 K
Mon 22 May '23,9.9,10.7,9.9,10.7,+0.5 (+4.90%),3.6 K
Fri 19 May '23,10.2,10.2,10.2,10.2,−0.4 (−3.77%),5 K
Thu 18 May '23,10.3,10.6,10.3,10.6,+0.2 (+1.92%),664
Wed 17 May '23,10.7,10.7,10.4,10.4,−0.3 (−2.80%),73
Tue 16 May '23,10.9,10.9,10.7,10.7,−0.2 (−1.83%),600
Mon 15 May '23,11.1,11.1,10.9,10.9,+0.2 (+1.87%),3.62 K
Fri 12 May '23,10.4,11.0,10.4,10.7,+0.3 (+2.88%),13.15 K
Thu 11 May '23,10.4,10.5,10.4,10.4,−0.1 (−0.95%),400
Wed 10 May '23,11.0,11.0,10.5,10.5,+0.1 (+0.96%),7 K
Tue 09 May '23,10.5,10.9,10.4,10.4,−0.2 (−1.89%),2.6 K
Mon 08 May '23,10.6,10.6,10.6,10.6,+0.1 (+0.95%),2 K
Thu 04 May '23,10.5,10.5,10.5,10.5,−0.5 (−4.55%),1
Wed 03 May '23,11.0,11.0,11.0,11.0,+0.5 (+4.76%),50
Tue 02 May '23,11.1,11.1,10.5,10.5,−0.5 (−4.55%),13.59 K
Fri 28 Apr '23,11.0,11.0,11.0,11.0,0.0 (0.00%),90
Thu 27 Apr '23,11.0,11.0,11.0,11.0,−0.6 (−5.17%),940
Wed 26 Apr '23,11.8,11.8,11.1,11.6,+0.5 (+4.50%),250
Tue 25 Apr '23,11.6,11.6,11.1,11.1,−0.7 (−5.93%),11
Fri 21 Apr '23,11.1,11.8,11.1,11.8,+0.8 (+7.27%),3.6 K
Thu 20 Apr '23,11.8,11.8,11.0,11.0,−0.1 (−0.90%),14.11 K
Wed 19 Apr '23,11.8,11.9,11.1,11.1,−0.2 (−1.77%),3.38 K
Tue 18 Apr '23,11.5,11.8,11.0,11.3,+0.2 (+1.80%),4.87 K
Mon 17 Apr '23,11.5,11.6,11.1,11.1,−0.6 (−5.13%),852
Wed 12 Apr '23,11.5,11.7,11.4,11.7,+0.7 (+6.36%),2.27 K
Tue 11 Apr '23,11.0,11.5,11.0,11.0,−0.1 (−0.90%),5.12 K
Mon 10 Apr '23,11.8,11.8,11.1,11.1,−0.4 (−3.48%),1.48 K
Thu 06 Apr '23,11.0,11.5,11.0,11.5,0.0 (0.00%),300
Tue 04 Apr '23,11.1,11.5,11.0,11.5,+0.4 (+3.60%),1.52 K
Mon 03 Apr '23,11.2,11.2,11.1,11.1,−0.4 (−3.48%),200
Fri 31 Mar '23,11.4,11.8,11.2,11.5,+0.5 (+4.55%),3.2 K
Thu 30 Mar '23,11.4,11.4,10.9,11.0,−0.5 (−4.35%),2.99 K
Wed 29 Mar '23,11.0,11.5,10.8,11.5,+0.5 (+4.55%),9.89 K
Tue 28 Mar '23,11.0,11.0,11.0,11.0,+0.4 (+3.77%),540
Mon 27 Mar '23,11.4,11.4,10.6,10.6,−0.5 (−4.50%),1.11 K
Fri 24 Mar '23,11.0,11.5,11.0,11.1,+0.7 (+6.73%),3.69 K
Thu 23 Mar '23,10.5,10.9,10.4,10.4,−0.6 (−5.45%),2.49 K
Wed 22 Mar '23,11.0,11.1,11.0,11.0,0.0 (0.00%),2.45 K
Tue 21 Mar '23,10.8,11.0,10.8,11.0,−0.4 (−3.51%),1.22 K
Mon 20 Mar '23,11.4,11.4,11.4,11.4,+0.3 (+2.70%),10
Fri 17 Mar '23,11.1,11.1,11.0,11.1,0.0 (0.00%),3.42 K
Thu 16 Mar '23,11.4,11.5,11.1,11.1,0.0 (0.00%),1.14 K
Wed 15 Mar '23,11.0,11.4,11.0,11.1,+0.1 (+0.91%),6.42 K
Tue 14 Mar '23,11.1,11.1,11.0,11.0,−0.2 (−1.79%),7.48 K
Mon 13 Mar '23,11.3,11.3,11.2,11.2,−0.2 (−1.75%),2.2 K
Fri 10 Mar '23,11.2,11.4,11.2,11.4,+0.3 (+2.70%),2.64 K
Thu 09 Mar '23,11.1,11.1,11.1,11.1,0.0 (0.00%),10 K
Wed 08 Mar '23,11.1,11.2,11.0,11.1,−0.4 (−3.48%),31.22 K
Tue 07 Mar '23,11.5,11.6,11.0,11.5,−0.4 (−3.36%),12.25 K
Fri 03 Mar '23,11.5,11.9,11.5,11.9,+0.1 (+0.85%),36.55 K
Thu 02 Mar '23,11.8,11.9,11.8,11.8,+0.6 (+5.36%),14.91 K
Wed 01 Mar '23,11.4,11.9,11.2,11.2,+0.1 (+0.90%),9.31 K
Tue 28 Feb '23,11.4,11.5,11.0,11.1,−0.3 (−2.63%),5.25 K
Mon 27 Feb '23,10.9,11.4,10.9,11.4,+0.1 (+0.88%),23.85 K
Fri 24 Feb '23,11.3,11.3,11.0,11.3,+0.1 (+0.89%),8.07 K
Thu 23 Feb '23,11.2,11.3,11.2,11.2,0.0 (0.00%),4.61 K
Wed 22 Feb '23,11.2,11.2,11.1,11.2,0.0 (0.00%),12.62 K
Tue 21 Feb '23,11.0,11.2,11.0,11.2,0.0 (0.00%),1 K
Mon 20 Feb '23,10.9,11.3,10.9,11.2,0.0 (0.00%),2.3 K
Fri 17 Feb '23,11.2,11.2,10.6,11.2,+0.1 (+0.90%),4
Thu 16 Feb '23,11.1,11.1,11.1,11.1,+0.5 (+4.72%),110
Wed 15 Feb '23,11.4,11.4,10.6,10.6,−0.2 (−1.85%),307
Mon 13 Feb '23,11.4,11.4,10.8,10.8,−0.5 (−4.42%),1.9 K
Fri 10 Feb '23,11.3,11.3,11.0,11.3,+0.2 (+1.80%),1.02 K
Thu 09 Feb '23,11.1,11.1,11.1,11.1,−0.1 (−0.89%),2
Wed 08 Feb '23,11.2,11.2,11.0,11.2,+0.2 (+1.82%),5.53 K
Tue 07 Feb '23,11.0,11.4,11.0,11.0,−0.3 (−2.65%),24.01 K
Mon 06 Feb '23,11.3,11.3,10.8,11.3,−0.1 (−0.88%),12.09 K
Fri 03 Feb '23,11.0,12.5,11.0,11.4,+0.8 (+7.55%),12.72 K
Thu 02 Feb '23,11.3,11.3,10.6,10.6,−0.6 (−5.36%),25.13 K
Wed 01 Feb '23,11.2,11.2,11.2,11.2,−0.3 (−2.61%),1.15 K
Tue 31 Jan '23,11.0,11.5,11.0,11.5,+0.5 (+4.55%),405
Thu 26 Jan '23,11.0,11.6,11.0,11.0,−0.2 (−1.79%),5.12 K
Wed 25 Jan '23,11.3,11.3,11.2,11.2,+0.1 (+0.90%),600
Tue 24 Jan '23,11.5,11.5,11.1,11.1,−0.4 (−3.48%),3.3 K
Mon 23 Jan '23,11.1,11.7,10.9,11.5,0.0 (0.00%),18.83 K
Fri 20 Jan '23,11.7,11.7,11.5,11.5,+0.5 (+4.55%),8.05 K
Thu 19 Jan '23,11.0,11.0,11.0,11.0,−0.7 (−5.98%),600
Tue 17 Jan '23,11.3,11.7,10.6,11.7,−0.2 (−1.68%),2.3 K
Fri 13 Jan '23,11.2,11.9,11.2,11.9,−0.1 (−0.83%),1.25 K
Thu 12 Jan '23,12.0,12.0,12.0,12.0,+0.6 (+5.26%),3 K
Wed 11 Jan '23,11.8,11.8,11.4,11.4,−0.6 (−5.00%),80
Tue 10 Jan '23,11.6,12.0,11.6,12.0,+0.4 (+3.45%),4.18 K
Mon 09 Jan '23,11.7,11.7,11.6,11.6,+0.4 (+3.57%),1 K
Thu 05 Jan '23,11.2,11.2,11.2,11.2,+0.1 (+0.90%),1.05 K
Wed 04 Jan '23,11.1,11.1,11.1,11.1,0.0 (0.00%),100
Tue 03 Jan '23,11.0,11.9,10.9,11.1,−0.2 (−1.77%),6.71 K
Fri 30 Dec '22,11.5,11.5,11.2,11.3,0.0 (0.00%),10.9 K
Thu 29 Dec '22,11.1,11.3,11.1,11.3,+0.2 (+1.80%),3.1 K
Tue 27 Dec '22,11.2,11.2,11.1,11.1,−0.3 (−2.63%),650
Fri 23 Dec '22,11.1,11.4,11.1,11.4,−0.1 (−0.87%),165
Thu 22 Dec '22,10.7,11.5,10.7,11.5,+0.7 (+6.48%),801
Wed 21 Dec '22,11.5,11.5,10.8,10.8,0.0 (0.00%),8.42 K
Tue 20 Dec '22,10.7,11.4,10.7,10.8,+0.1 (+0.93%),2.2 K
Mon 19 Dec '22,10.8,11.7,10.7,10.7,−0.3 (−2.73%),4.29 K
Fri 16 Dec '22,11.1,11.1,11.0,11.0,0.0 (0.00%),500
Thu 15 Dec '22,11.0,11.0,11.0,11.0,0.0 (0.00%),6.18 K
Wed 14 Dec '22,11.2,11.7,11.0,11.0,0.0 (0.00%),61.91 K
Tue 13 Dec '22,11.8,11.8,10.9,11.0,−0.8 (−6.78%),21.24 K
Mon 12 Dec '22,11.8,11.8,11.8,11.8,−0.3 (−2.48%),700
Fri 09 Dec '22,12.3,12.4,12.0,12.1,−0.2 (−1.63%),4.4 K
Thu 08 Dec '22,12.0,12.4,11.9,12.3,+0.2 (+1.65%),9.82 K
Tue 06 Dec '22,12.4,12.4,11.7,12.1,+1.1 (+10.00%),22.6 K
Thu 01 Dec '22,11.2,11.2,11.0,11.0,−0.3 (−2.65%),3 K
Wed 30 Nov '22,11.5,11.8,11.3,11.3,+0.3 (+2.73%),1.72 K
Tue 29 Nov '22,10.9,11.9,10.5,11.0,+0.5 (+4.76%),7.08 K
Mon 28 Nov '22,10.5,11.0,10.5,10.5,−0.3 (−2.78%),5.76 K
Thu 24 Nov '22,10.2,10.9,10.2,10.8,+0.8 (+8.00%),16.36 K
Wed 23 Nov '22,11.1,11.1,10.0,10.0,−1.5 (−13.04%),74.19 K
Tue 22 Nov '22,11.8,12.0,11.0,11.5,+0.5 (+4.55%),17.14 K
Mon 21 Nov '22,11.7,11.7,10.0,11.0,−1.3 (−10.57%),6.72 K
Thu 17 Nov '22,11.9,12.3,9.0,12.3,−0.5 (−3.91%),24.88 K
Wed 16 Nov '22,11.9,12.8,11.9,12.8,+0.9 (+7.56%),12
Tue 15 Nov '22,13.0,13.0,11.9,11.9,−0.8 (−6.30%),10.53 K
Mon 14 Nov '22,13.1,13.1,12.7,12.7,−0.1 (−0.78%),73.88 K
Thu 10 Nov '22,13.3,13.3,12.8,12.8,−0.7 (−5.19%),371
Wed 09 Nov '22,12.5,13.5,12.4,13.5,0.0 (0.00%),2.22 K
Tue 08 Nov '22,12.8,13.5,12.8,13.5,−0.5 (−3.57%),1.75 K
Thu 03 Nov '22,14.0,14.2,13.6,14.0,+0.3 (+2.19%),8.04 K
Tue 01 Nov '22,14.7,14.7,13.5,13.7,+0.2 (+1.48%),1.85 K
Thu 27 Oct '22,14.5,14.5,13.5,13.5,−1.2 (−8.16%),1.63 K
Wed 26 Oct '22,14.7,14.7,14.7,14.7,+0.7 (+5.00%),100
Tue 25 Oct '22,14.0,14.8,13.5,14.0,−0.5 (−3.45%),51.45 K
Thu 20 Oct '22,14.9,14.9,14.5,14.5,−0.1 (−0.68%),1.92 K
Wed 19 Oct '22,14.7,15.2,14.6,14.6,−0.2 (−1.35%),2.73 K
Tue 18 Oct '22,14.9,15.7,14.4,14.8,+0.2 (+1.37%),3.16 K
Mon 17 Oct '22,14.6,14.9,14.2,14.6,−0.4 (−2.67%),10.87 K
Thu 13 Oct '22,15.1,16.0,14.6,15.0,−0.2 (−1.32%),59.7 K
Wed 12 Oct '22,15.5,15.5,15.2,15.2,−0.1 (−0.65%),22.01 K
Tue 11 Oct '22,14.6,15.6,14.5,15.3,+0.6 (+4.08%),5.43 K
Thu 06 Oct '22,15.0,15.2,14.7,14.7,−0.3 (−2.00%),13.94 K
Wed 05 Oct '22,16.0,16.0,14.5,15.0,−0.5 (−3.23%),36.91 K
Tue 04 Oct '22,14.8,16.0,14.8,15.5,+0.8 (+5.44%),4.7 K
Mon 03 Oct '22,15.5,15.5,14.2,14.7,−1.8 (−10.91%),21.98 K
Thu 29 Sep '22,16.6,17.1,16.1,16.5,−0.1 (−0.60%),95.97 K
Wed 28 Sep '22,16.6,17.0,16.5,16.6,0.0 (0.00%),53.45 K
Tue 27 Sep '22,16.3,16.9,16.3,16.6,−0.2 (−1.19%),38.59 K
Mon 26 Sep '22,16.7,16.8,16.1,16.8,+0.3 (+1.82%),29.49 K
Thu 22 Sep '22,16.5,16.9,16.5,16.5,0.0 (0.00%),7.21 K
Wed 21 Sep '22,16.0,16.8,16.0,16.5,+0.5 (+3.13%),69.38 K
Tue 20 Sep '22,16.9,16.9,16.0,16.0,−0.6 (−3.61%),79.04 K
Mon 19 Sep '22,17.0,17.2,16.6,16.6,−0.4 (−2.35%),14.93 K
Thu 15 Sep '22,16.8,17.2,16.8,17.0,+0.3 (+1.80%),47.17 K
Wed 14 Sep '22,17.1,17.5,16.5,16.7,−0.8 (−4.57%),25.62 K
Tue 13 Sep '22,17.9,18.0,17.0,17.5,+0.1 (+0.57%),18.95 K
Mon 12 Sep '22,17.3,18.0,17.0,17.4,−0.7 (−3.87%),16.72 K
Thu 08 Sep '22,17.8,18.1,17.2,18.1,+1.0 (+5.85%),145.97 K
Wed 07 Sep '22,17.3,18.0,17.0,17.1,−0.4 (−2.29%),42.85 K
Tue 06 Sep '22,17.3,17.9,17.2,17.5,+0.1 (+0.57%),36.86 K
Mon 05 Sep '22,17.5,17.9,17.3,17.4,−0.4 (−2.25%),88.66 K
Thu 01 Sep '22,18.0,18.9,17.8,17.8,−0.1 (−0.56%),198.26 K
Wed 31 Aug '22,17.5,18.4,17.5,17.9,+0.4 (+2.29%),74.53 K
Tue 30 Aug '22,18.6,18.7,17.1,17.5,−1.2 (−6.42%),183.31 K
Mon 29 Aug '22,17.4,19.0,16.5,18.7,+1.2 (+6.86%),322.93 K
Thu 25 Aug '22,18.0,19.0,17.0,17.5,−0.2 (−1.13%),63.59 K
Wed 24 Aug '22,19.5,19.5,17.6,17.7,−1.6 (−8.29%),60.67 K
Tue 23 Aug '22,19.7,19.9,18.6,19.3,−0.2 (−1.03%),509.28 K
Mon 22 Aug '22,17.8,19.7,17.6,19.5,+1.5 (+8.33%),945.51 K
Fri 19 Aug '22,18.0,18.5,17.5,18.0,0.0 (0.00%),720.06 K
Thu 18 Aug '22,18.0,18.5,17.5,18.0,+0.1 (+0.56%),720.06 K
Wed 17 Aug '22,17.0,18.1,16.6,17.9,+0.9 (+5.29%),348.91 K
Tue 16 Aug '22,17.2,18.0,16.1,17.0,0.0 (0.00%),43.69 K
Mon 15 Aug '22,17.2,17.4,16.6,17.0,+1.0 (+6.25%),29.93 K
Tue 09 Aug '22,15.5,16.2,15.1,16.0,+0.5 (+3.23%),70.27 K
Mon 08 Aug '22,15.6,15.6,15.1,15.5,+0.3 (+1.97%),34.4 K
Thu 04 Aug '22,14.0,15.2,14.0,15.2,−0.3 (−1.94%),8.6 K
Wed 03 Aug '22,16.1,16.3,14.5,15.5,−0.7 (−4.32%),17.8 K
Tue 02 Aug '22,16.2,16.6,14.6,16.2,−0.4 (−2.41%),114.99 K
Mon 01 Aug '22,17.1,17.2,16.6,16.6,+1.1 (+7.10%),198.7 K
Thu 28 Jul '22,16.5,16.5,15.5,15.5,−0.7 (−4.32%),189.12 K
Wed 27 Jul '22,15.5,16.4,15.4,16.2,+1.2 (+8.00%),374.19 K
Tue 26 Jul '22,13.5,15.9,13.5,15.0,+1.7 (+12.78%),233.39 K
Mon 25 Jul '22,13.3,13.3,13.0,13.3,−0.6 (−4.32%),19.54 K
Thu 21 Jul '22,13.9,14.0,13.0,13.9,−0.2 (−1.42%),9.31 K
Wed 20 Jul '22,12.7,14.5,12.7,14.1,+0.1 (+0.71%),69.2 K
Tue 19 Jul '22,14.4,14.8,14.0,14.0,−0.3 (−2.10%),31.6 K
Mon 18 Jul '22,14.4,14.4,14.0,14.3,+0.9 (+6.72%),60.96 K
Thu 14 Jul '22,12.5,13.6,12.5,13.4,+2.3 (+20.72%),150.43 K
Mon 11 Jul '22,11.4,11.9,10.5,11.1,+0.7 (+6.73%),17.12 K
Thu 07 Jul '22,10.0,10.5,9.9,10.4,+0.6 (+6.12%),12.14 K
Wed 06 Jul '22,9.9,9.9,9.8,9.8,−0.1 (−1.01%),79
Tue 05 Jul '22,10.0,10.7,9.9,9.9,−0.1 (−1.00%),2.35 K
Mon 04 Jul '22,10.5,10.5,10.0,10.0,−0.5 (−4.76%),3.05 K
Thu 30 Jun '22,9.8,10.9,9.8,10.5,+0.4 (+3.96%),34.12 K
Tue 28 Jun '22,10.1,10.1,10.1,10.1,0.0 (0.00%),1.38 K
Mon 27 Jun '22,10.1,10.1,10.1,10.1,+0.3 (+3.06%),1 K
Thu 23 Jun '22,10.0,10.9,9.8,9.8,0.0 (0.00%),3.12 K
Wed 22 Jun '22,9.7,10.1,9.7,9.8,−0.6 (−5.77%),4.12 K
Tue 21 Jun '22,9.7,10.4,9.7,10.4,+0.5 (+5.05%),800
Mon 20 Jun '22,10.0,10.0,9.6,9.9,+0.2 (+2.06%),13.15 K
Thu 16 Jun '22,10.3,10.3,9.7,9.7,−0.6 (−5.83%),21.02 K
Wed 15 Jun '22,10.6,10.6,10.3,10.3,−1.2 (−10.43%),1.23 K
Thu 09 Jun '22,11.5,11.5,11.5,11.5,0.0 (0.00%),29.45 K
Wed 08 Jun '22,12.2,12.3,11.0,11.5,+0.5 (+4.55%),20.46 K
Tue 07 Jun '22,11.0,11.5,11.0,11.0,0.0 (0.00%),28.67 K
Mon 06 Jun '22,10.5,11.1,10.0,11.0,−0.1 (−0.90%),4.7 K
Thu 02 Jun '22,12.1,12.4,11.0,11.1,−0.9 (−7.50%),34.51 K
Wed 01 Jun '22,11.3,12.4,11.3,12.0,+0.7 (+6.19%),50.59 K
Tue 31 May '22,10.6,11.3,10.6,11.3,+0.8 (+7.62%),2.31 K
Mon 30 May '22,11.2,11.3,10.5,10.5,−0.5 (−4.55%),1.3 K
Thu 26 May '22,10.9,11.4,10.2,11.0,+0.1 (+0.92%),1.5 K
Wed 25 May '22,10.9,10.9,10.9,10.9,+0.4 (+3.81%),150
Tue 24 May '22,10.5,10.5,10.5,10.5,−0.5 (−4.55%),250
Mon 23 May '22,11.0,11.0,11.0,11.0,+0.1 (+0.92%),200
Thu 19 May '22,8.5,10.9,8.5,10.9,−0.4 (−3.54%),2.41 K
Wed 18 May '22,11.7,11.7,10.1,11.3,+1.3 (+13.00%),1.87 K
Tue 17 May '22,8.1,11.9,8.1,10.0,+0.5 (+5.26%),25.21 K
Thu 12 May '22,9.5,9.5,9.5,9.5,0.0 (0.00%),2.31 K
Wed 11 May '22,8.7,9.7,8.5,9.5,+0.7 (+7.95%),39.29 K
Wed 04 May '22,8.5,8.8,8.5,8.8,−0.7 (−7.37%),2.3 K
Wed 27 Apr '22,9.5,9.5,9.5,9.5,+1.0 (+11.76%),100
Tue 26 Apr '22,7.0,8.5,7.0,8.5,+1.5 (+21.43%),3.3 K
Mon 25 Apr '22,7.0,7.0,7.0,7.0,−2.6 (−27.08%),2.23 K
Thu 07 Apr '22,9.2,9.6,9.2,9.6,−0.4 (−4.00%),240
Wed 06 Apr '22,10.5,10.5,8.2,10.0,−1.0 (−9.09%),815
Tue 05 Apr '22,9.8,11.0,9.8,11.0,+1.7 (+18.28%),500
Mon 04 Apr '22,9.0,9.3,9.0,9.3,−0.6 (−6.06%),519
Thu 31 Mar '22,8.5,9.9,8.5,9.9,−0.7 (−6.60%),1.4 K
Wed 30 Mar '22,10.8,10.8,8.8,10.6,−0.2 (−1.85%),2.07 K
Tue 29 Mar '22,9.6,11.0,8.9,10.8,−0.2 (−1.82%),14.64 K
Mon 28 Mar '22,10.8,11.0,9.6,11.0,+0.6 (+5.77%),141
Fri 25 Mar '22,11.0,11.0,10.4,10.4,−0.7 (−6.31%),295
Thu 24 Mar '22,10.7,11.1,10.1,11.1,+0.1 (+0.91%),655
Tue 22 Mar '22,11.1,11.4,11.0,11.0,0.0 (0.00%),11 K
Mon 21 Mar '22,11.1,11.6,10.6,11.0,0.0 (0.00%),4.92 K
Fri 18 Mar '22,10.1,11.0,10.1,11.0,+0.4 (+3.77%),5.05 K
Wed 16 Mar '22,10.0,10.6,10.0,10.6,+0.2 (+1.92%),1.6 K
Tue 15 Mar '22,9.7,10.7,9.7,10.4,−0.2 (−1.89%),6.22 K
Mon 14 Mar '22,10.7,10.7,10.1,10.6,−0.4 (−3.64%),1.54 K
Thu 10 Mar '22,10.9,11.0,10.5,11.0,+0.1 (+0.92%),6.55 K
Wed 09 Mar '22,11.5,11.5,10.0,10.9,−0.6 (−5.22%),4 K
Tue 08 Mar '22,11.6,12.0,10.5,11.5,+0.4 (+3.60%),12.88 K
Fri 04 Mar '22,10.9,12.1,10.9,11.1,+0.1 (+0.91%),12.01 K
Thu 03 Mar '22,11.6,12.1,10.8,11.0,−0.5 (−4.35%),1.7 K
Wed 02 Mar '22,11.0,12.3,10.8,11.5,+0.1 (+0.88%),12.66 K
Mon 28 Feb '22,10.5,11.4,10.5,11.4,+0.8 (+7.55%),6.4 K
Thu 24 Feb '22,10.5,10.8,10.0,10.6,+0.1 (+0.95%),4.5 K
Wed 23 Feb '22,11.6,11.6,10.4,10.5,−1.0 (−8.70%),3.28 K
Tue 22 Feb '22,11.0,11.5,10.5,11.5,+0.5 (+4.55%),3.82 K
Mon 21 Feb '22,11.1,11.7,10.8,11.0,−0.1 (−0.90%),3.92 K
Fri 18 Feb '22,11.1,11.3,11.1,11.1,−0.6 (−5.13%),2.9 K
Thu 17 Feb '22,11.2,11.7,10.9,11.7,+0.2 (+1.74%),8.53 K
Tue 15 Feb '22,11.2,11.5,11.1,11.5,+0.4 (+3.60%),4.56 K
Mon 14 Feb '22,11.9,11.9,11.1,11.1,−0.9 (−7.50%),2.05 K
Fri 11 Feb '22,11.2,12.0,11.2,12.0,+0.5 (+4.35%),4.57 K
Thu 10 Feb '22,11.1,12.0,11.0,11.5,+0.4 (+3.60%),17.94 K
Wed 09 Feb '22,11.3,11.6,11.1,11.1,−0.5 (−4.31%),19.18 K
Tue 08 Feb '22,12.0,12.0,11.4,11.6,+0.1 (+0.87%),13.13 K
Mon 07 Feb '22,12.0,12.5,11.5,11.5,0.0 (0.00%),18.87 K
Thu 03 Feb '22,11.9,11.9,11.5,11.5,−0.5 (−4.17%),61.78 K
Wed 02 Feb '22,12.2,12.2,12.0,12.0,−0.8 (−6.25%),3.5 K
Tue 01 Feb '22,12.2,13.0,12.2,12.8,+0.3 (+2.40%),9.5 K
Mon 31 Jan '22,11.9,13.0,11.9,12.5,+0.7 (+5.93%),74.75 K
Fri 28 Jan '22,12.3,12.3,11.6,11.8,−0.8 (−6.35%),22.01 K
Thu 27 Jan '22,12.7,12.7,12.3,12.6,+0.1 (+0.80%),6.97 K
Wed 26 Jan '22,13.4,13.4,12.1,12.5,−0.7 (−5.30%),18.89 K
Tue 25 Jan '22,12.9,14.5,12.8,13.2,+0.5 (+3.94%),309.11 K
Mon 24 Jan '22,11.9,13.0,11.8,12.7,+0.8 (+6.72%),118.27 K
Fri 21 Jan '22,12.0,12.3,11.9,11.9,0.0 (0.00%),8.42 K
Thu 20 Jan '22,12.1,12.3,11.7,11.9,0.0 (0.00%),23.54 K
Wed 19 Jan '22,12.2,12.5,11.9,11.9,−0.3 (−2.46%),42.61 K
Tue 18 Jan '22,13.0,13.0,12.0,12.2,−0.5 (−3.94%),10.13 K
Thu 13 Jan '22,12.7,12.7,12.4,12.7,−0.3 (−2.31%),23.39 K
Wed 12 Jan '22,12.5,14.0,12.1,13.0,+0.5 (+4.00%),74.87 K
Tue 11 Jan '22,12.9,12.9,12.5,12.5,−0.4 (−3.10%),9.14 K
Mon 10 Jan '22,13.0,13.3,12.9,12.9,−1.1 (−7.86%),33.43 K
Thu 06 Jan '22,12.4,15.3,11.9,14.0,+1.7 (+13.82%),359.8 K
Wed 05 Jan '22,12.4,13.5,12.3,12.3,+0.1 (+0.82%),46.22 K
Tue 04 Jan '22,12.0,12.4,12.0,12.2,+0.2 (+1.67%),35.22 K
Mon 03 Jan '22,12.4,12.4,11.0,12.0,−0.6 (−4.76%),172.71 K
Fri 31 Dec '21,12.8,13.2,12.2,12.6,−0.7 (−5.26%),62.25 K
Thu 30 Dec '21,17.0,17.1,12.4,13.3,−1.4 (−9.52%),453.2 K
Wed 29 Dec '21,13.2,14.7,13.0,14.7,+2.5 (+20.49%),946.25 K
Tue 28 Dec '21,10.4,12.2,9.9,12.2,+2.3 (+23.23%),676.51 K
Mon 27 Dec '21,9.7,9.9,9.4,9.9,+0.9 (+10.00%),10.9 K
Thu 23 Dec '21,9.0,9.3,8.9,9.0,+0.1 (+1.12%),4.7 K
Wed 22 Dec '21,9.1,9.3,8.9,8.9,−0.1 (−1.11%),6.45 K
Tue 21 Dec '21,9.0,9.0,8.8,9.0,−0.2 (−2.17%),6.46 K
Mon 20 Dec '21,8.9,9.3,8.8,9.2,+0.2 (+2.22%),7.42 K
Thu 16 Dec '21,9.0,9.0,8.9,9.0,−0.1 (−1.10%),16.15 K
Wed 15 Dec '21,9.1,9.4,9.1,9.1,0.0 (0.00%),5.53 K
Mon 13 Dec '21,9.4,9.4,9.1,9.1,−0.4 (−4.21%),2.99 K
Fri 10 Dec '21,9.2,9.5,9.1,9.5,0.0 (0.00%),7.16 K
Thu 09 Dec '21,9.2,9.7,9.1,9.5,+0.2 (+2.15%),2.29 K
Wed 08 Dec '21,9.1,9.6,9.1,9.3,−0.3 (−3.12%),273
Mon 06 Dec '21,9.8,9.8,9.0,9.6,+0.1 (+1.05%),6.89 K
Thu 02 Dec '21,9.1,9.9,9.1,9.5,+0.2 (+2.15%),408
Wed 01 Dec '21,9.7,9.7,9.2,9.3,−0.6 (−6.06%),19.51 K
Tue 30 Nov '21,9.8,9.9,9.7,9.9,0.0 (0.00%),10.38 K
Fri 26 Nov '21,10.3,10.3,9.7,9.9,−0.1 (−1.00%),3.68 K
Thu 25 Nov '21,10.6,10.7,9.7,10.0,0.0 (0.00%),52.95 K
Wed 24 Nov '21,9.2,10.6,9.2,10.0,+0.9 (+9.89%),95.03 K
Tue 23 Nov '21,9.9,9.9,9.1,9.1,−0.4 (−4.21%),2.75 K
Thu 18 Nov '21,9.5,9.5,9.5,9.5,+0.2 (+2.15%),200
Wed 17 Nov '21,9.9,9.9,9.3,9.3,−0.5 (−5.10%),2.64 K
Tue 16 Nov '21,9.8,10.4,9.7,9.8,+0.3 (+3.16%),41.43 K
Mon 15 Nov '21,9.6,9.6,9.4,9.5,0.0 (0.00%),14.69 K
Fri 12 Nov '21,9.2,9.5,9.2,9.5,0.0 (0.00%),5.97 K
Thu 11 Nov '21,9.2,9.9,9.0,9.5,+0.3 (+3.26%),17.32 K
Wed 10 Nov '21,9.3,9.5,9.0,9.2,−0.1 (−1.08%),19.82 K
Tue 09 Nov '21,9.7,9.7,9.3,9.3,−0.1 (−1.06%),2.06 K
Mon 08 Nov '21,9.6,9.6,9.4,9.4,−0.2 (−2.08%),3.63 K
Fri 05 Nov '21,9.7,9.9,9.5,9.6,−0.2 (−2.04%),3.4 K
Wed 03 Nov '21,10.0,10.5,9.8,9.8,−0.2 (−2.00%),42.87 K
Tue 02 Nov '21,10.0,10.0,9.5,10.0,+0.4 (+4.17%),16.58 K
Mon 01 Nov '21,10.1,10.2,9.5,9.6,−0.5 (−4.95%),8.17 K
Fri 29 Oct '21,9.5,11.0,9.5,10.1,+0.6 (+6.32%),52.88 K
Thu 28 Oct '21,9.8,9.8,9.4,9.5,−0.2 (−2.06%),9.6 K
Wed 27 Oct '21,9.1,9.7,9.1,9.7,+0.3 (+3.19%),2.16 K
Tue 26 Oct '21,9.2,9.4,9.0,9.4,+0.2 (+2.17%),6.93 K
Mon 25 Oct '21,9.9,9.9,9.2,9.2,−0.1 (−1.08%),4.9 K
Fri 22 Oct '21,9.1,9.8,9.0,9.3,+0.1 (+1.09%),10.09 K
Thu 21 Oct '21,9.3,9.8,9.2,9.2,0.0 (0.00%),15.38 K
Mon 18 Oct '21,9.4,9.8,9.2,9.2,−0.6 (−6.12%),8.67 K
Fri 15 Oct '21,9.9,10.2,9.5,9.8,+0.1 (+1.03%),19.4 K
Thu 14 Oct '21,9.4,11.0,9.4,9.7,+0.5 (+5.43%),274.62 K
Wed 13 Oct '21,9.2,9.4,9.1,9.2,0.0 (0.00%),22.22 K
Tue 12 Oct '21,8.9,9.2,8.9,9.2,+0.5 (+5.75%),14.03 K
Mon 11 Oct '21,9.2,9.2,8.7,8.7,−0.5 (−5.43%),3.95 K
Fri 08 Oct '21,8.9,9.2,8.8,9.2,+0.4 (+4.55%),3.96 K
Thu 07 Oct '21,8.7,8.9,8.7,8.8,0.0 (0.00%),8.65 K
Wed 06 Oct '21,8.7,8.8,8.7,8.8,0.0 (0.00%),12.34 K
Tue 05 Oct '21,8.8,8.8,8.7,8.8,0.0 (0.00%),4.6 K
Mon 04 Oct '21,8.7,8.9,8.7,8.8,−0.1 (−1.12%),2.46 K
Fri 01 Oct '21,8.7,9.0,8.7,8.9,+0.2 (+2.30%),24.46 K
Thu 30 Sep '21,8.8,8.8,8.6,8.7,0.0 (0.00%),8.22 K
Wed 29 Sep '21,8.9,8.9,8.7,8.7,0.0 (0.00%),8.13 K
Tue 28 Sep '21,8.8,9.0,8.7,8.7,−0.3 (−3.33%),95.54 K
Mon 27 Sep '21,9.2,9.2,8.8,9.0,−0.1 (−1.10%),27.43 K
Fri 24 Sep '21,9.9,10.0,9.1,9.1,−0.7 (−7.14%),9.25 K
Thu 23 Sep '21,8.9,10.0,8.9,9.8,+1.2 (+13.95%),117.58 K
Wed 22 Sep '21,8.4,8.9,8.4,8.6,+0.3 (+3.61%),17 K
Tue 21 Sep '21,8.7,8.7,8.3,8.3,−0.2 (−2.35%),20 K
Fri 17 Sep '21,8.4,8.5,8.4,8.5,+0.1 (+1.19%),10
Thu 16 Sep '21,8.5,8.6,8.4,8.4,−0.1 (−1.18%),20.21 K
Wed 15 Sep '21,8.4,8.8,8.4,8.5,+0.2 (+2.41%),3.59 K
Tue 14 Sep '21,8.5,8.5,8.3,8.3,−0.6 (−6.74%),6.6 K
Mon 13 Sep '21,8.5,9.0,8.3,8.9,+0.3 (+3.49%),2.86 K
Thu 09 Sep '21,8.7,8.9,8.6,8.9,+0.6 (+7.23%),200
Tue 07 Sep '21,8.8,9.0,8.5,9.0,+0.2 (+2.27%),27.9 K
Mon 06 Sep '21,9.3,9.3,8.8,8.8,−0.6 (−6.38%),2.51 K
Thu 02 Sep '21,9.0,9.1,8.7,8.8,−0.5 (−5.38%),14.3 K
Tue 31 Aug '21,8.9,9.0,8.6,9.0,+0.1 (+1.12%),9.86 K
Fri 27 Aug '21,9.0,9.2,8.6,8.9,−0.1 (−1.11%),25.25 K
Wed 25 Aug '21,9.0,9.4,8.9,9.0,+0.5 (+5.88%),28.14 K
Mon 23 Aug '21,8.8,9.0,8.6,9.0,+0.7 (+8.43%),3.09 K
Fri 20 Aug '21,9.0,9.0,8.3,8.3,−0.2 (−2.35%),2.91 K
Thu 19 Aug '21,8.7,9.0,8.5,8.5,−0.5 (−5.56%),3.59 K
Wed 18 Aug '21,8.8,9.0,8.8,9.0,0.0 (0.00%),1.54 K
Mon 16 Aug '21,10.0,10.0,8.3,9.2,+0.6 (+6.98%),2.93 K
Fri 13 Aug '21,8.3,8.6,8.3,8.6,+0.1 (+1.18%),360
Thu 12 Aug '21,8.5,8.5,8.2,8.5,−0.4 (−4.49%),14.16 K
Tue 10 Aug '21,8.7,8.7,8.7,8.7,0.0 (0.00%),9.31 K
Tue 03 Aug '21,8.9,8.9,8.9,8.9,−0.2 (−2.20%),1.56 K
Fri 30 Jul '21,9.5,9.7,9.5,9.6,0.0 (0.00%),8.75 K
Wed 28 Jul '21,9.3,9.5,8.8,9.2,+0.4 (+4.55%),10.51 K
Tue 27 Jul '21,8.7,9.2,8.7,8.8,+0.1 (+1.15%),5.79 K
Thu 22 Jul '21,8.9,8.9,8.9,8.9,−0.1 (−1.11%),4.09 K
Mon 19 Jul '21,9.5,9.5,9.2,9.2,−0.2 (−2.13%),7 K
Thu 15 Jul '21,9.2,9.4,8.8,8.8,−0.2 (−2.22%),15.39 K
Wed 14 Jul '21,8.9,9.0,8.7,9.0,+0.4 (+4.65%),36.43 K
Tue 13 Jul '21,8.6,8.6,8.6,8.6,−0.3 (−3.37%),1.78 K
Thu 08 Jul '21,8.4,8.4,8.4,8.4,−0.2 (−2.33%),33
Tue 06 Jul '21,8.3,8.3,8.3,8.3,−0.1 (−1.19%),143
Fri 25 Jun '21,8.8,8.8,8.6,8.8,0.0 (0.00%),58
Tue 22 Jun '21,8.8,8.8,8.7,8.8,0.0 (0.00%),55
Fri 18 Jun '21,8.7,8.8,8.4,8.8,+0.1 (+1.15%),536
Wed 16 Jun '21,8.7,9.3,8.3,8.7,+0.3 (+3.57%),4.05 K
Fri 11 Jun '21,8.9,8.9,8.9,8.9,+0.2 (+2.30%),50
Wed 09 Jun '21,8.4,8.8,8.4,8.8,+0.4 (+4.76%),109
Tue 08 Jun '21,8.6,8.8,8.4,8.4,−0.3 (−3.45%),4.7 K
Fri 04 Jun '21,8.7,8.7,8.7,8.7,−0.1 (−1.14%),4.42 K
Thu 03 Jun '21,9.0,9.0,8.6,8.8,0.0 (0.00%),139
Wed 02 Jun '21,8.9,8.9,8.8,8.8,+0.3 (+3.53%),16
Fri 28 May '21,8.5,8.5,8.5,8.5,0.0 (0.00%),100
Tue 25 May '21,8.7,8.7,8.5,8.5,−0.3 (−3.41%),2.27 K
Fri 21 May '21,8.5,8.8,8.5,8.8,−0.2 (−2.22%),250
Thu 20 May '21,8.6,9.0,8.5,9.0,+0.1 (+1.12%),11.56 K
Wed 19 May '21,9.1,9.1,8.6,8.9,−0.1 (−1.11%),152
Tue 18 May '21,8.7,9.0,8.5,9.0,0.0 (0.00%),25.62 K
Mon 17 May '21,9.2,9.2,8.5,9.0,0.0 (0.00%),2.52 K
Thu 13 May '21,8.9,9.0,8.5,9.0,+0.1 (+1.12%),35.55 K
Wed 12 May '21,8.5,9.4,8.3,8.9,+0.7 (+8.54%),52.48 K
Tue 11 May '21,8.2,8.4,8.2,8.2,+0.3 (+3.80%),3.4 K
Mon 10 May '21,7.8,7.9,7.8,7.9,−0.2 (−2.47%),2.01 K
Thu 06 May '21,8.0,8.3,8.0,8.1,+0.4 (+5.19%),38.42 K
Tue 04 May '21,7.7,7.7,7.7,7.7,−0.7 (−8.33%),150
Thu 29 Apr '21,8.4,8.4,8.4,8.4,+0.4 (+5.00%),4
Wed 28 Apr '21,7.7,8.4,7.5,8.0,+0.3 (+3.90%),1.4 K
Mon 26 Apr '21,7.6,8.5,7.4,7.7,+0.1 (+1.32%),16.96 K
Fri 23 Apr '21,8.2,8.2,7.6,7.6,−0.7 (−8.43%),11.63 K
Thu 22 Apr '21,8.3,9.9,8.2,8.3,+0.3 (+3.75%),26.04 K
Wed 21 Apr '21,8.0,8.0,8.0,8.0,0.0 (0.00%),1.6 K
Tue 20 Apr '21,8.5,8.5,8.0,8.0,−0.8 (−9.09%),5 K
Fri 16 Apr '21,8.7,8.8,8.5,8.8,+0.3 (+3.53%),1.01 K
Thu 15 Apr '21,8.5,8.5,8.5,8.5,−0.5 (−5.56%),15
Mon 12 Apr '21,9.1,9.1,9.0,9.0,0.0 (0.00%),301
Fri 09 Apr '21,8.7,9.3,8.6,9.0,+0.3 (+3.45%),4.87 K
Thu 08 Apr '21,8.3,8.7,8.2,8.7,−0.4 (−4.40%),9.21 K
Tue 06 Apr '21,8.1,9.3,8.1,9.1,+0.6 (+7.06%),2.83 K
Mon 05 Apr '21,8.1,8.5,8.1,8.5,−0.1 (−1.16%),325
Thu 01 Apr '21,8.0,8.6,8.0,8.6,+0.7 (+8.86%),110
Tue 30 Mar '21,7.9,7.9,7.9,7.9,−0.1 (−1.25%),100
Mon 29 Mar '21,7.7,8.0,7.7,8.0,−0.5 (−5.88%),200
Wed 24 Mar '21,8.0,9.0,7.6,8.5,+0.5 (+6.25%),11.53 K
Mon 22 Mar '21,8.0,8.0,8.0,8.0,+0.1 (+1.27%),1.6 K
Fri 19 Mar '21,7.9,7.9,7.9,7.9,−0.1 (−1.25%),3.33 K
Thu 18 Mar '21,8.2,8.2,7.9,8.0,−0.2 (−2.44%),2 K
Wed 17 Mar '21,8.6,8.6,8.2,8.2,−0.1 (−1.20%),2
Tue 16 Mar '21,8.3,8.3,8.2,8.3,−0.4 (−4.60%),700
Mon 15 Mar '21,8.5,8.7,8.5,8.7,−0.3 (−3.33%),300
Thu 11 Mar '21,9.0,9.0,9.0,9.0,+0.7 (+8.43%),110
Wed 10 Mar '21,8.8,8.9,8.3,8.3,−0.5 (−5.68%),2.7 K
Tue 09 Mar '21,8.7,8.8,8.5,8.8,+0.4 (+4.76%),1.51 K
Mon 08 Mar '21,8.5,8.5,8.3,8.4,−0.1 (−1.18%),1.85 K
Fri 05 Mar '21,8.0,8.5,8.0,8.5,+0.5 (+6.25%),900
Wed 03 Mar '21,8.0,8.8,8.0,8.0,−0.7 (−8.05%),14.52 K
Tue 02 Mar '21,8.4,8.7,7.9,8.7,+0.4 (+4.82%),11.55 K
Mon 01 Mar '21,8.7,8.7,8.3,8.3,+0.1 (+1.22%),749
Thu 25 Feb '21,8.2,8.6,8.2,8.2,−0.7 (−7.87%),15.52 K
Wed 24 Feb '21,8.6,8.9,8.2,8.9,−0.6 (−6.32%),2 K
Mon 22 Feb '21,8.7,9.5,8.7,9.5,+0.5 (+5.56%),1.94 K
Fri 19 Feb '21,9.0,9.0,9.0,9.0,+0.3 (+3.45%),700
Thu 18 Feb '21,9.0,9.4,8.7,8.7,+0.2 (+2.35%),2.03 K
Wed 17 Feb '21,9.2,9.2,8.3,8.5,−1.3 (−13.27%),16.99 K
Tue 16 Feb '21,8.6,9.8,8.6,9.8,0.0 (0.00%),15.7 K
Mon 15 Feb '21,9.0,9.8,8.4,9.8,+0.6 (+6.52%),3.31 K
Fri 12 Feb '21,9.2,9.8,8.9,9.2,−0.3 (−3.16%),8.17 K
Thu 11 Feb '21,8.5,9.5,8.0,9.5,+0.5 (+5.56%),8.24 K
Wed 10 Feb '21,9.7,9.9,8.5,9.0,−0.1 (−1.10%),9.24 K
Tue 09 Feb '21,9.2,9.7,9.1,9.1,−0.6 (−6.19%),14.16 K
Mon 08 Feb '21,9.3,9.7,9.2,9.7,0.0 (0.00%),13.01 K
Fri 05 Feb '21,9.1,10.0,9.0,9.7,+0.7 (+7.78%),7.98 K
Wed 03 Feb '21,9.3,9.7,8.9,9.0,+0.2 (+2.27%),3.27 K
Tue 02 Feb '21,9.4,9.4,8.8,8.8,−0.6 (−6.38%),9.73 K
Mon 01 Feb '21,9.5,9.9,9.1,9.4,−0.5 (−5.05%),7.74 K
Fri 29 Jan '21,9.5,10.0,9.1,9.9,−0.1 (−1.00%),43.25 K
Wed 27 Jan '21,9.8,10.0,9.6,10.0,+0.1 (+1.01%),27.19 K
Tue 26 Jan '21,10.5,10.5,9.9,9.9,−0.3 (−2.94%),10.8 K
Mon 25 Jan '21,9.4,10.8,9.4,10.2,+0.4 (+4.08%),57 K
Fri 22 Jan '21,9.7,9.8,9.7,9.8,−0.1 (−1.01%),4.25 K
Thu 21 Jan '21,9.3,9.9,9.3,9.9,+0.6 (+6.45%),4.62 K
Wed 20 Jan '21,9.8,9.8,9.1,9.3,−0.5 (−5.10%),8.4 K
Tue 19 Jan '21,9.8,10.0,9.1,9.8,0.0 (0.00%),7.12 K
Mon 18 Jan '21,9.9,10.0,9.4,9.8,−0.1 (−1.01%),23.76 K
Fri 15 Jan '21,10.0,10.0,9.4,9.9,+0.2 (+2.06%),40.74 K
Wed 13 Jan '21,9.8,9.8,9.0,9.7,−0.1 (−1.02%),8.57 K
Tue 12 Jan '21,9.8,9.9,9.8,9.8,−0.1 (−1.01%),9.38 K
Mon 11 Jan '21,9.8,10.0,9.8,9.9,−0.1 (−1.00%),10.73 K
Fri 08 Jan '21,10.0,10.0,9.0,10.0,0.0 (0.00%),667
Thu 07 Jan '21,9.9,10.0,9.8,10.0,+0.2 (+2.04%),12.48 K
Wed 06 Jan '21,10.0,10.0,9.8,9.8,−0.2 (−2.00%),30.07 K
Tue 05 Jan '21,9.8,10.0,9.8,10.0,+0.1 (+1.01%),20.15 K
Mon 04 Jan '21,9.9,10.1,9.8,9.9,−0.1 (−1.00%),9.46 K
Thu 31 Dec '20,10.0,10.1,9.9,10.0,−0.1 (−0.99%),454
Wed 30 Dec '20,10.2,10.4,10.1,10.1,0.0 (0.00%),4.97 K
Mon 28 Dec '20,10.0,10.5,10.0,10.1,+0.2 (+2.02%),129.21 K
Thu 24 Dec '20,9.6,10.2,9.6,9.9,+0.3 (+3.13%),72.59 K
Wed 23 Dec '20,9.4,9.8,9.3,9.6,0.0 (0.00%),6.21 K
Tue 22 Dec '20,9.5,9.6,9.4,9.6,−0.1 (−1.03%),10.38 K
Mon 21 Dec '20,9.7,9.7,9.7,9.7,0.0 (0.00%),1 K
Fri 18 Dec '20,9.4,9.7,9.4,9.7,+0.2 (+2.11%),437
Thu 17 Dec '20,9.6,9.6,9.4,9.5,−0.1 (−1.04%),10.64 K
Wed 16 Dec '20,9.6,9.7,9.5,9.6,+0.1 (+1.05%),743
Tue 15 Dec '20,9.5,9.7,9.5,9.5,−0.1 (−1.04%),4.92 K
Fri 11 Dec '20,9.6,9.6,9.6,9.6,+0.1 (+1.05%),9.53 K
Thu 10 Dec '20,9.8,9.8,9.5,9.5,−0.1 (−1.04%),2.33 K
Wed 09 Dec '20,9.8,9.8,9.6,9.6,−0.2 (−2.04%),14.08 K
Tue 08 Dec '20,9.6,10.0,9.5,9.8,+0.3 (+3.16%),167.59 K
Mon 07 Dec '20,9.8,9.8,9.5,9.5,−0.2 (−2.06%),51.56 K
Fri 04 Dec '20,9.5,9.8,9.5,9.7,−0.1 (−1.02%),6.4 K
Thu 03 Dec '20,9.8,9.8,9.5,9.8,+0.2 (+2.08%),8.53 K
Wed 02 Dec '20,9.8,9.8,9.6,9.6,−0.3 (−3.03%),4.04 K
Mon 30 Nov '20,9.7,9.9,9.5,9.9,+0.2 (+2.06%),16.03 K
Fri 27 Nov '20,9.7,9.7,9.7,9.7,0.0 (0.00%),303
Thu 26 Nov '20,9.8,9.8,9.7,9.7,0.0 (0.00%),1.29 K
Wed 25 Nov '20,9.7,9.9,9.7,9.7,−0.2 (−2.02%),2.09 K
Mon 23 Nov '20,9.8,9.9,9.4,9.9,+0.1 (+1.02%),8.55 K
Fri 20 Nov '20,9.5,9.8,9.4,9.8,0.0 (0.00%),22.4 K
Thu 19 Nov '20,9.7,9.8,9.6,9.8,0.0 (0.00%),5.27 K
Wed 18 Nov '20,10.0,10.0,9.4,9.8,0.0 (0.00%),32.11 K
Mon 16 Nov '20,9.9,9.9,9.7,9.8,−0.3 (−2.97%),15.39 K
Fri 13 Nov '20,10.0,10.2,9.7,10.1,0.0 (0.00%),53.49 K
Thu 12 Nov '20,10.2,10.2,9.7,10.1,−0.7 (−6.48%),99.65 K
Wed 11 Nov '20,10.9,10.9,10.2,10.8,−0.1 (−0.92%),15.74 K
Tue 10 Nov '20,11.0,11.0,10.5,10.9,+0.1 (+0.93%),21.68 K
Mon 09 Nov '20,11.4,11.5,10.8,10.8,−0.7 (−6.09%),26.58 K
Fri 06 Nov '20,11.5,11.9,11.1,11.5,0.0 (0.00%),26.68 K
Thu 05 Nov '20,11.6,11.6,11.3,11.5,+0.1 (+0.88%),73.28 K
Wed 04 Nov '20,11.5,11.8,11.0,11.4,−0.1 (−0.87%),41.11 K
Tue 03 Nov '20,11.0,11.8,11.0,11.5,+0.9 (+8.49%),204.97 K
Mon 02 Nov '20,10.2,11.1,10.2,10.6,+0.7 (+7.07%),212.3 K
Thu 29 Oct '20,10.3,10.3,9.9,9.9,+0.4 (+4.21%),23.2 K
Wed 28 Oct '20,9.6,10.4,9.4,9.5,−0.1 (−1.04%),94.42 K
Tue 27 Oct '20,10.0,10.4,9.5,9.6,0.0 (0.00%),62.55 K
Mon 26 Oct '20,9.9,10.0,9.6,9.6,−0.3 (−3.03%),24.48 K
Fri 23 Oct '20,10.5,10.5,9.9,9.9,−0.5 (−4.81%),37.65 K
Thu 22 Oct '20,10.5,11.0,9.8,10.4,0.0 (0.00%),73.89 K
Wed 21 Oct '20,12.0,12.0,9.2,10.4,−1.3 (−11.11%),283.75 K
Tue 20 Oct '20,12.4,13.2,11.7,11.7,+0.2 (+1.74%),1.15 M
Mon 19 Oct '20,9.4,11.5,9.4,11.5,+2.3 (+25.00%),523.59 K
Fri 16 Oct '20,9.3,9.3,9.1,9.2,+0.7 (+8.24%),9.62 K
Thu 15 Oct '20,9.0,9.5,8.5,8.5,−0.7 (−7.61%),15.42 K
Wed 14 Oct '20,9.1,9.5,9.0,9.2,0.0 (0.00%),18.2 K
Tue 13 Oct '20,9.3,9.3,9.2,9.2,−0.2 (−2.13%),16.77 K
Mon 12 Oct '20,9.3,9.5,9.3,9.4,+0.1 (+1.08%),2.7 K
Fri 09 Oct '20,9.3,9.9,9.2,9.3,+0.1 (+1.09%),13.53 K
Thu 08 Oct '20,8.8,9.3,8.8,9.2,+0.5 (+5.75%),17.91 K
Wed 07 Oct '20,8.8,8.9,8.5,8.7,0.0 (0.00%),11.86 K
Tue 06 Oct '20,8.0,8.9,7.9,8.7,0.0 (0.00%),35.59 K
Mon 05 Oct '20,9.5,9.5,8.0,8.7,−1.4 (−13.86%),64.19 K
Fri 02 Oct '20,10.3,10.3,9.8,10.1,−0.1 (−0.98%),1.45 K
Wed 30 Sep '20,10.2,10.3,9.8,10.2,−0.1 (−0.97%),1.34 K
Tue 29 Sep '20,10.2,10.5,9.5,10.3,0.0 (0.00%),8.86 K
Mon 28 Sep '20,10.2,10.7,10.2,10.3,+0.2 (+1.98%),59.05 K
Fri 25 Sep '20,9.3,10.5,9.3,10.1,+0.5 (+5.21%),237.96 K
Thu 24 Sep '20,9.5,9.6,9.5,9.6,+0.1 (+1.05%),22.09 K
Wed 23 Sep '20,9.5,9.6,9.2,9.5,0.0 (0.00%),767
Tue 22 Sep '20,9.5,9.6,9.2,9.5,+0.2 (+2.15%),21.39 K
Mon 21 Sep '20,9.4,9.5,9.3,9.3,−0.2 (−2.11%),37.27 K
Fri 18 Sep '20,9.6,9.6,9.4,9.5,−0.3 (−3.06%),3.62 K
Thu 17 Sep '20,9.8,9.8,9.6,9.8,+0.2 (+2.08%),956
Wed 16 Sep '20,9.6,9.6,9.5,9.6,0.0 (0.00%),26.31 K
Tue 15 Sep '20,9.5,9.8,9.4,9.6,−0.4 (−4.00%),88.05 K
Mon 14 Sep '20,9.5,10.0,9.5,10.0,+0.4 (+4.17%),14.11 K
Fri 11 Sep '20,10.0,10.0,9.6,9.6,−0.3 (−3.03%),18.54 K
Thu 10 Sep '20,10.1,10.1,9.8,9.9,0.0 (0.00%),62.17 K
Wed 09 Sep '20,9.9,10.2,9.6,9.9,0.0 (0.00%),303.03 K
Tue 08 Sep '20,9.3,10.0,9.3,9.9,+0.4 (+4.21%),195.91 K
Mon 07 Sep '20,9.5,9.7,9.3,9.5,0.0 (0.00%),126.81 K
Fri 04 Sep '20,9.0,9.5,8.9,9.5,+0.4 (+4.40%),8.89 K
Thu 03 Sep '20,8.9,9.4,8.9,9.1,+0.3 (+3.41%),123.81 K
Wed 02 Sep '20,9.2,9.2,8.8,8.8,−0.2 (−2.22%),10.49 K
Mon 31 Aug '20,9.2,9.2,9.0,9.0,0.0 (0.00%),16.53 K
Fri 28 Aug '20,9.1,9.4,9.0,9.0,0.0 (0.00%),8.11 K
Thu 27 Aug '20,9.2,9.2,9.0,9.0,−0.2 (−2.17%),4.11 K
Wed 26 Aug '20,9.0,9.2,8.7,9.2,+0.2 (+2.22%),5.57 K
Tue 25 Aug '20,9.2,9.3,9.0,9.0,−0.2 (−2.17%),14.53 K
Mon 24 Aug '20,9.8,9.8,9.2,9.2,−0.6 (−6.12%),79.65 K
Fri 21 Aug '20,9.9,9.9,9.8,9.8,0.0 (0.00%),3.73 K
Thu 20 Aug '20,9.7,9.9,9.7,9.8,+0.2 (+2.08%),46.6 K
Wed 19 Aug '20,9.4,9.7,9.4,9.6,0.0 (0.00%),13.74 K
Tue 18 Aug '20,9.5,9.6,9.3,9.6,−0.1 (−1.03%),62.19 K
Mon 17 Aug '20,10.0,10.0,9.5,9.7,+0.1 (+1.04%),83.63 K
Fri 14 Aug '20,9.4,10.0,9.4,9.6,+0.1 (+1.05%),96.14 K
Thu 13 Aug '20,9.4,9.5,9.1,9.5,+0.5 (+5.56%),25.66 K
Wed 12 Aug '20,9.3,9.8,8.9,9.0,−0.7 (−7.22%),239.7 K
Tue 11 Aug '20,10.0,10.4,9.3,9.7,−0.6 (−5.83%),126.44 K
Mon 10 Aug '20,8.5,10.3,8.5,10.3,+1.8 (+21.18%),332.25 K
Fri 07 Aug '20,8.6,8.9,8.3,8.5,0.0 (0.00%),72.74 K
Thu 06 Aug '20,7.5,8.6,7.3,8.5,+0.5 (+6.25%),199.19 K
Tue 04 Aug '20,8.1,8.2,7.9,8.0,−0.1 (−1.23%),292
Fri 31 Jul '20,8.2,8.2,7.8,8.1,−0.1 (−1.22%),928
Thu 30 Jul '20,8.4,8.4,8.0,8.2,−0.2 (−2.38%),20.91 K
Wed 29 Jul '20,7.8,8.4,7.7,8.4,+0.3 (+3.70%),38.93 K
Tue 28 Jul '20,7.8,8.5,7.7,8.1,+0.3 (+3.85%),174.55 K
Mon 27 Jul '20,6.4,7.8,6.4,7.8,+1.5 (+23.81%),162.89 K
Fri 24 Jul '20,6.2,6.3,6.0,6.3,+0.5 (+8.62%),5.33 K
Thu 23 Jul '20,5.9,5.9,5.8,5.8,−0.2 (−3.33%),14.36 K
Wed 22 Jul '20,6.2,6.3,6.0,6.0,−0.2 (−3.23%),121
Tue 21 Jul '20,6.2,6.3,6.2,6.2,+0.2 (+3.33%),660
Mon 20 Jul '20,6.1,6.2,6.0,6.0,+0.3 (+5.26%),4.22 K
Fri 17 Jul '20,6.2,6.2,5.7,5.7,−0.5 (−8.06%),10.25 K
Thu 16 Jul '20,6.0,6.2,5.7,6.2,+0.2 (+3.33%),6.02 K
Wed 15 Jul '20,5.7,6.0,5.6,6.0,+0.2 (+3.45%),1.2 K
Tue 14 Jul '20,6.0,6.1,5.8,5.8,−0.1 (−1.69%),21.16 K
Thu 09 Jul '20,6.1,6.1,5.9,5.9,−0.6 (−9.23%),1.23 K
Wed 08 Jul '20,6.4,6.5,6.1,6.5,+0.3 (+4.84%),2.92 K
Tue 07 Jul '20,6.1,6.4,6.1,6.2,−0.4 (−6.06%),2.6 K
Mon 06 Jul '20,6.6,6.6,6.6,6.6,+0.4 (+6.45%),100
Fri 03 Jul '20,6.8,6.8,6.2,6.2,−0.5 (−7.46%),545
Wed 01 Jul '20,6.7,6.7,6.7,6.7,+0.1 (+1.52%),50
Tue 30 Jun '20,6.7,6.8,6.4,6.6,+0.1 (+1.54%),2.77 K
Mon 29 Jun '20,6.7,6.7,6.5,6.5,−0.1 (−1.52%),320
Thu 25 Jun '20,6.4,6.8,6.4,6.6,+0.4 (+6.45%),40.03 K
Wed 24 Jun '20,5.9,6.2,5.9,6.2,+0.1 (+1.64%),2.97 K
Tue 23 Jun '20,6.3,6.3,5.9,6.1,−0.3 (−4.69%),4.15 K
Mon 22 Jun '20,6.4,6.4,6.3,6.4,0.0 (0.00%),1.3 K
Fri 19 Jun '20,6.2,6.4,6.2,6.4,+0.2 (+3.23%),2.15 K
Thu 18 Jun '20,6.2,6.2,6.2,6.2,+0.3 (+5.08%),700
Wed 17 Jun '20,6.2,6.2,5.9,5.9,−0.3 (−4.84%),700
Tue 16 Jun '20,6.2,6.2,6.2,6.2,0.0 (0.00%),171
Mon 15 Jun '20,6.0,6.2,6.0,6.2,+0.2 (+3.33%),2.82 K
Fri 12 Jun '20,6.4,6.4,6.0,6.0,−0.2 (−3.23%),15.4 K
Wed 10 Jun '20,6.2,7.0,6.2,6.2,0.0 (0.00%),17.06 K
Tue 09 Jun '20,6.2,6.2,6.0,6.2,0.0 (0.00%),1.79 K
Mon 08 Jun '20,6.3,6.3,6.2,6.2,−0.1 (−1.59%),3.02 K
Wed 03 Jun '20,6.0,6.3,6.0,6.3,0.0 (0.00%),351
Tue 02 Jun '20,6.0,6.3,6.0,6.3,+0.1 (+1.61%),540
Mon 01 Jun '20,6.0,6.3,6.0,6.2,0.0 (0.00%),5.72 K
Fri 29 May '20,6.4,6.4,6.1,6.2,−0.2 (−3.13%),1.1 K
Thu 28 May '20,6.4,6.4,6.4,6.4,+0.2 (+3.23%),50
Wed 27 May '20,6.1,6.5,6.1,6.2,−0.1 (−1.59%),2.88 K
Tue 26 May '20,6.5,6.6,6.3,6.3,−0.4 (−5.97%),9.8 K
Thu 21 May '20,6.7,6.9,6.7,6.7,−0.1 (−1.47%),2.85 K
Wed 20 May '20,5.7,6.8,5.7,6.8,0.0 (0.00%),28.21 K
Tue 19 May '20,6.5,6.9,6.5,6.8,+1.0 (+17.24%),29.45 K
Mon 18 May '20,4.9,5.8,4.9,5.8,+1.0 (+20.83%),55.32 K
Fri 15 May '20,4.8,4.8,4.6,4.8,+0.1 (+2.13%),5.85 K
Thu 14 May '20,4.5,4.7,4.5,4.7,+0.7 (+17.50%),28.15 K
Tue 12 May '20,4.8,4.8,4.0,4.0,+0.3 (+8.11%),8.99 K
Mon 11 May '20,3.7,3.7,3.7,3.7,−0.5 (−11.90%),10
Thu 19 Mar '20,5.2,5.2,4.2,4.2,−1.1 (−20.75%),965
Fri 13 Mar '20,5.0,5.3,4.4,5.3,+0.1 (+1.92%),5.53 K
Wed 11 Mar '20,5.2,5.2,5.0,5.2,−0.7 (−11.86%),1.52 K
Tue 10 Mar '20,5.2,5.9,5.2,5.9,+0.4 (+7.27%),4.24 K
Fri 06 Mar '20,5.5,5.5,5.5,5.5,0.0 (0.00%),750
Wed 04 Mar '20,5.6,5.6,5.5,5.5,−0.4 (−6.78%),1.2 K
Mon 02 Mar '20,5.9,5.9,5.9,5.9,+0.1 (+1.72%),110
Fri 28 Feb '20,5.8,5.8,5.8,5.8,+0.2 (+3.57%),800
Wed 26 Feb '20,5.9,5.9,5.6,5.6,−0.4 (−6.67%),757
Mon 24 Feb '20,6.0,6.0,6.0,6.0,−0.4 (−6.25%),256
Wed 19 Feb '20,6.4,6.4,6.4,6.4,+0.4 (+6.67%),100
Tue 18 Feb '20,6.1,6.1,6.0,6.0,−0.6 (−9.09%),201
Thu 13 Feb '20,6.0,6.6,6.0,6.6,0.0 (0.00%),1.09 K
Wed 12 Feb '20,6.6,6.6,6.6,6.6,+0.6 (+10.00%),34
Tue 11 Feb '20,6.0,6.0,6.0,6.0,−0.1 (−1.64%),1.84 K
Mon 10 Feb '20,6.2,7.4,6.1,6.1,0.0 (0.00%),12.18 K
Thu 06 Feb '20,6.2,6.2,6.1,6.1,−0.1 (−1.61%),1.52 K
Tue 04 Feb '20,6.2,6.2,6.2,6.2,−0.3 (−4.62%),1
Thu 30 Jan '20,6.5,6.5,6.5,6.5,−0.2 (−2.99%),1 K
Wed 29 Jan '20,6.2,6.7,6.2,6.7,−0.1 (−1.47%),57
Tue 28 Jan '20,6.8,6.8,6.8,6.8,+0.4 (+6.25%),100
Mon 27 Jan '20,6.4,6.4,6.4,6.4,−0.3 (−4.48%),550
Thu 23 Jan '20,6.7,6.7,6.7,6.7,−0.1 (−1.47%),90
Wed 22 Jan '20,6.8,6.8,6.8,6.8,+0.4 (+6.25%),2
Tue 21 Jan '20,6.9,6.9,6.4,6.4,−0.5 (−7.25%),520
Mon 20 Jan '20,6.6,6.9,6.5,6.9,+0.1 (+1.47%),432
Thu 16 Jan '20,6.8,6.8,6.6,6.8,+0.2 (+3.03%),1.11 K
Tue 14 Jan '20,6.6,6.6,6.6,6.6,−0.4 (−5.71%),2.1 K
Thu 09 Jan '20,7.0,7.0,7.0,7.0,+0.6 (+9.37%),16
Wed 08 Jan '20,6.8,6.8,6.4,6.4,−0.4 (−5.88%),9.39 K
Mon 06 Jan '20,6.8,6.8,6.8,6.8,−0.4 (−5.56%),100
Thu 02 Jan '20,7.2,7.2,7.2,7.2,+0.1 (+1.41%),50
Tue 31 Dec '19,6.8,7.1,6.8,7.1,+0.1 (+1.43%),2 K
Tue 24 Dec '19,6.8,7.1,6.8,7.0,+0.4 (+6.06%),4.46 K
Thu 19 Dec '19,6.8,6.8,6.6,6.6,−0.2 (−2.94%),550
Wed 18 Dec '19,6.6,6.8,6.6,6.8,+0.2 (+3.03%),300
Mon 16 Dec '19,6.6,6.6,6.6,6.6,−0.2 (−2.94%),4
Wed 11 Dec '19,6.8,6.8,6.8,6.8,0.0 (0.00%),885
Tue 10 Dec '19,6.9,6.9,6.8,6.8,0.0 (0.00%),3 K
Fri 06 Dec '19,7.0,7.0,6.8,6.8,0.0 (0.00%),900
Thu 05 Dec '19,6.9,6.9,6.8,6.8,−0.2 (−2.86%),16.65 K
Tue 03 Dec '19,6.9,7.0,6.9,7.0,0.0 (0.00%),1.11 K
Mon 02 Dec '19,7.1,7.5,7.0,7.0,0.0 (0.00%),31.92 K
Fri 29 Nov '19,6.9,7.0,6.9,7.0,+0.1 (+1.45%),4.47 K
Thu 28 Nov '19,7.1,7.1,6.9,6.9,−0.2 (−2.82%),27.77 K
Wed 27 Nov '19,6.9,7.1,6.9,7.1,−0.1 (−1.39%),10.04 K
Tue 26 Nov '19,7.0,7.2,7.0,7.2,0.0 (0.00%),7.5 K
Fri 22 Nov '19,7.0,7.2,6.9,7.2,+0.2 (+2.86%),1.65 K
Wed 20 Nov '19,7.0,7.0,7.0,7.0,−0.2 (−2.78%),1.7 K
Tue 19 Nov '19,7.2,7.4,6.9,7.2,0.0 (0.00%),41.7 K
Mon 18 Nov '19,7.0,7.3,6.9,7.2,+0.3 (+4.35%),84.57 K
Fri 15 Nov '19,6.8,7.0,6.7,6.9,−0.1 (−1.43%),584
Wed 13 Nov '19,7.1,7.1,7.0,7.0,+0.2 (+2.94%),711
Tue 12 Nov '19,6.7,7.0,6.6,6.8,−0.1 (−1.45%),4.15 K
Thu 07 Nov '19,6.9,7.0,6.6,6.9,+0.1 (+1.47%),2.18 K
Wed 06 Nov '19,6.8,6.9,6.7,6.8,−0.2 (−2.86%),551
Fri 01 Nov '19,6.8,7.0,6.8,7.0,0.0 (0.00%),13.34 K
Thu 31 Oct '19,7.0,7.0,7.0,7.0,0.0 (0.00%),104
Wed 30 Oct '19,6.9,7.1,6.7,7.0,0.0 (0.00%),23.73 K
Tue 29 Oct '19,7.0,7.1,7.0,7.0,0.0 (0.00%),18
Mon 28 Oct '19,6.8,7.3,6.7,7.0,+0.2 (+2.94%),51.1 K
Fri 25 Oct '19,6.9,6.9,6.6,6.8,−0.1 (−1.45%),20.52 K
Thu 24 Oct '19,6.9,6.9,6.6,6.9,+0.1 (+1.47%),36.88 K
Wed 23 Oct '19,6.8,6.8,6.6,6.8,0.0 (0.00%),6.04 K
Tue 22 Oct '19,6.9,6.9,6.6,6.8,−0.1 (−1.45%),7.8 K
Mon 21 Oct '19,7.1,7.2,6.6,6.9,−0.1 (−1.43%),37.5 K
Fri 18 Oct '19,6.8,7.3,6.8,7.0,+0.2 (+2.94%),193.75 K
Thu 17 Oct '19,6.4,6.8,6.4,6.8,+0.5 (+7.94%),75.51 K
Wed 16 Oct '19,6.4,6.4,6.3,6.3,−0.1 (−1.56%),1.7 K
Tue 15 Oct '19,6.7,6.7,6.2,6.4,−0.3 (−4.48%),8.87 K
Mon 14 Oct '19,6.3,6.7,6.3,6.7,+0.4 (+6.35%),35.34 K
Fri 11 Oct '19,6.4,6.4,6.3,6.3,−0.1 (−1.56%),516
Thu 10 Oct '19,6.3,6.5,6.0,6.4,+0.1 (+1.59%),2.2 K
Wed 09 Oct '19,5.8,6.5,5.8,6.3,+0.6 (+10.53%),18.47 K
Mon 07 Oct '19,6.2,6.2,5.7,5.7,−0.1 (−1.72%),210
Thu 03 Oct '19,5.9,5.9,5.8,5.8,−0.2 (−3.33%),2.05 K
Wed 02 Oct '19,5.7,6.0,5.7,6.0,+0.4 (+7.14%),22.23 K
Mon 30 Sep '19,6.1,6.1,5.6,5.6,−0.7 (−11.11%),1.03 K
Thu 26 Sep '19,6.2,6.3,6.2,6.3,+0.1 (+1.61%),201
Wed 25 Sep '19,6.2,6.2,6.2,6.2,0.0 (0.00%),1
Tue 24 Sep '19,5.8,6.2,5.6,6.2,+0.3 (+5.08%),2.5 K
Fri 20 Sep '19,5.8,6.3,5.8,5.9,−0.3 (−4.84%),502
Thu 19 Sep '19,5.8,6.2,5.8,6.2,+0.4 (+6.90%),2.55 K
Mon 16 Sep '19,5.8,5.8,5.8,5.8,−0.2 (−3.33%),200
Thu 12 Sep '19,5.9,6.0,5.9,6.0,0.0 (0.00%),1.29 K
Wed 11 Sep '19,6.0,6.0,5.9,6.0,+0.1 (+1.69%),1.01 K
Tue 10 Sep '19,6.2,6.2,5.9,5.9,+0.1 (+1.72%),5.6 K
Mon 09 Sep '19,5.9,6.5,5.8,5.8,−0.1 (−1.69%),26.19 K
Fri 06 Sep '19,5.9,5.9,5.9,5.9,0.0 (0.00%),98
Thu 05 Sep '19,6.0,6.0,5.9,5.9,−0.1 (−1.67%),1.75 K
Wed 04 Sep '19,6.0,6.0,6.0,6.0,0.0 (0.00%),6.91 K
Tue 03 Sep '19,6.0,6.0,5.9,6.0,0.0 (0.00%),18.9 K
Fri 30 Aug '19,6.3,6.3,6.0,6.0,−0.3 (−4.76%),24.54 K
Wed 28 Aug '19,6.3,6.3,6.3,6.3,−0.1 (−1.56%),1
Tue 27 Aug '19,6.4,6.4,6.4,6.4,0.0 (0.00%),1
Mon 26 Aug '19,6.4,6.4,6.4,6.4,+0.2 (+3.23%),67
Fri 23 Aug '19,6.4,6.4,6.2,6.2,−0.1 (−1.59%),400
Wed 21 Aug '19,6.4,6.4,6.3,6.3,−0.2 (−3.08%),2.1 K
Mon 19 Aug '19,6.5,6.5,6.3,6.5,−0.1 (−1.52%),10.1 K
Thu 15 Aug '19,6.4,6.6,6.3,6.6,+0.2 (+3.12%),12.5 K
Wed 14 Aug '19,6.4,6.4,6.4,6.4,−0.3 (−4.48%),90
Tue 13 Aug '19,6.8,6.9,6.2,6.7,−0.1 (−1.47%),54.06 K
Fri 09 Aug '19,6.5,6.8,6.4,6.8,+0.3 (+4.62%),9.2 K
Wed 07 Aug '19,6.8,6.9,6.5,6.5,−0.2 (−2.99%),2.8 K
Tue 06 Aug '19,6.9,6.9,6.7,6.7,+0.2 (+3.08%),1.39 K
Mon 05 Aug '19,6.5,6.9,6.4,6.5,−0.3 (−4.41%),17.11 K
Thu 01 Aug '19,6.6,6.8,6.5,6.8,−0.1 (−1.45%),15.46 K
Wed 31 Jul '19,6.9,6.9,6.5,6.9,+0.1 (+1.47%),23.41 K
Tue 30 Jul '19,6.8,6.9,6.6,6.8,−0.3 (−4.23%),29.31 K
Mon 29 Jul '19,7.0,7.1,6.9,7.1,+0.1 (+1.43%),21.73 K
Fri 26 Jul '19,7.0,7.2,6.7,7.0,0.0 (0.00%),37.13 K
Thu 25 Jul '19,6.8,7.0,6.6,7.0,0.0 (0.00%),32.8 K
Wed 24 Jul '19,6.8,7.4,6.8,7.0,+0.1 (+1.45%),308.83 K
Tue 23 Jul '19,6.0,7.0,6.0,6.9,+1.0 (+16.95%),300.19 K
Mon 22 Jul '19,6.0,6.2,5.8,5.9,0.0 (0.00%),16.26 K
Fri 19 Jul '19,6.0,6.5,5.8,5.9,0.0 (0.00%),67.03 K
Thu 18 Jul '19,6.0,6.0,5.7,5.9,+0.1 (+1.72%),42.95 K
Wed 17 Jul '19,5.6,5.9,5.6,5.8,+0.2 (+3.57%),42.9 K
Mon 15 Jul '19,5.5,6.0,5.5,5.6,−0.4 (−6.67%),3.54 K
Thu 11 Jul '19,5.5,6.0,5.5,6.0,+0.7 (+13.21%),30.24 K
Wed 10 Jul '19,5.3,5.3,5.3,5.3,−0.5 (−8.62%),10
Tue 09 Jul '19,5.7,6.0,5.5,5.8,+0.1 (+1.75%),9.55 K
Mon 08 Jul '19,5.7,5.7,5.1,5.7,0.0 (0.00%),13.64 K
Fri 05 Jul '19,5.7,5.8,5.6,5.7,−0.1 (−1.72%),3.15 K
Wed 03 Jul '19,5.7,5.8,5.7,5.8,+0.3 (+5.45%),6.9 K
Mon 01 Jul '19,5.5,5.5,5.5,5.5,0.0 (0.00%),499
Fri 28 Jun '19,5.1,5.5,5.1,5.5,+0.4 (+7.84%),201
Wed 26 Jun '19,5.5,5.5,5.1,5.1,−0.6 (−10.53%),577
Tue 25 Jun '19,5.7,5.7,5.5,5.7,0.0 (0.00%),1.32 K
Mon 24 Jun '19,5.5,5.8,5.5,5.7,+0.2 (+3.64%),726
Fri 21 Jun '19,5.5,5.7,5.5,5.5,−0.3 (−5.17%),612
Thu 20 Jun '19,5.6,5.9,5.5,5.8,+0.4 (+7.41%),7.48 K
Wed 19 Jun '19,5.4,5.6,5.4,5.4,−0.2 (−3.57%),2.8 K
Tue 18 Jun '19,5.7,5.7,5.6,5.6,+0.1 (+1.82%),9.1 K
Mon 17 Jun '19,5.6,5.6,5.0,5.5,0.0 (0.00%),18.27 K
Fri 14 Jun '19,5.8,5.8,5.5,5.5,+0.1 (+1.85%),410
Thu 13 Jun '19,5.2,5.5,5.2,5.4,+0.2 (+3.85%),40.57 K
Wed 12 Jun '19,5.1,5.2,5.0,5.2,+0.2 (+4.00%),20.39 K
Tue 11 Jun '19,5.0,5.0,5.0,5.0,−0.1 (−1.96%),9.42 K
Mon 10 Jun '19,5.0,5.1,5.0,5.1,+0.1 (+2.00%),2.2 K
Thu 06 Jun '19,5.0,5.0,5.0,5.0,−0.2 (−3.85%),3 K
Wed 05 Jun '19,5.1,5.2,5.1,5.2,+0.1 (+1.96%),1.7 K
Tue 04 Jun '19,4.9,5.2,4.9,5.1,+0.1 (+2.00%),18.82 K
Mon 03 Jun '19,5.0,5.5,4.9,5.0,0.0 (0.00%),22.03 K
Fri 31 May '19,5.2,5.2,5.0,5.0,−0.2 (−3.85%),7 K
Wed 29 May '19,5.0,5.2,5.0,5.2,+0.2 (+4.00%),4.29 K
Tue 28 May '19,5.3,5.3,5.0,5.0,−0.3 (−5.66%),8.3 K
Fri 24 May '19,5.6,5.6,5.0,5.3,−0.2 (−3.64%),10.3 K
Wed 22 May '19,5.5,5.5,5.5,5.5,0.0 (0.00%),770
Mon 20 May '19,5.5,5.5,5.5,5.5,+0.2 (+3.77%),600
Thu 16 May '19,5.2,5.3,5.2,5.3,+0.3 (+6.00%),2.1 K
Wed 15 May '19,5.1,5.1,5.0,5.0,−0.1 (−1.96%),1.3 K
Tue 14 May '19,5.0,5.2,5.0,5.1,−0.1 (−1.92%),3.71 K
Mon 13 May '19,5.5,5.6,5.0,5.2,−0.3 (−5.45%),22.27 K
Thu 09 May '19,5.5,5.5,5.5,5.5,−0.2 (−3.51%),1.43 K
Wed 08 May '19,5.6,5.7,5.5,5.7,+0.2 (+3.64%),13.54 K
Mon 06 May '19,5.8,5.8,5.5,5.5,−0.5 (−8.33%),8.81 K
Tue 30 Apr '19,6.1,6.1,5.8,6.0,+0.5 (+9.09%),1.07 K
Mon 29 Apr '19,6.0,6.0,5.5,5.5,−0.6 (−9.84%),3 K
Fri 26 Apr '19,5.8,6.1,5.8,6.1,−0.1 (−1.61%),885
Tue 23 Apr '19,5.7,6.2,5.7,6.2,0.0 (0.00%),235
Thu 18 Apr '19,6.2,6.2,6.2,6.2,+0.2 (+3.33%),121
Wed 17 Apr '19,6.0,6.0,5.9,6.0,0.0 (0.00%),6.71 K
Tue 16 Apr '19,6.1,6.1,6.0,6.0,−0.1 (−1.64%),455
Thu 11 Apr '19,6.0,6.2,5.9,6.1,+0.1 (+1.67%),8.51 K
Wed 10 Apr '19,5.9,6.0,5.9,6.0,−0.2 (−3.23%),5.2 K
Tue 09 Apr '19,6.2,6.2,5.9,6.2,0.0 (0.00%),482
Mon 08 Apr '19,5.9,6.2,5.9,6.2,0.0 (0.00%),544
Thu 04 Apr '19,6.2,6.2,6.2,6.2,+0.1 (+1.64%),102
Wed 03 Apr '19,6.1,6.2,6.0,6.1,+0.1 (+1.67%),5.5 K
Tue 02 Apr '19,5.9,6.1,5.9,6.0,0.0 (0.00%),1.2 K
Mon 01 Apr '19,6.0,6.0,6.0,6.0,−0.2 (−3.23%),3 K
Fri 29 Mar '19,5.9,6.2,5.6,6.2,0.0 (0.00%),17.84 K
Thu 28 Mar '19,6.0,6.2,5.9,6.2,+0.3 (+5.08%),8.88 K
Wed 27 Mar '19,5.9,5.9,5.6,5.9,+0.1 (+1.72%),5.82 K
Mon 25 Mar '19,6.0,6.1,5.8,5.8,−0.3 (−4.92%),2.02 K
Fri 22 Mar '19,5.8,6.1,5.6,6.1,+0.1 (+1.67%),1.63 K
Thu 21 Mar '19,5.8,6.0,5.8,6.0,−0.2 (−3.23%),600
Mon 18 Mar '19,6.0,6.2,6.0,6.2,0.0 (0.00%),301
Fri 15 Mar '19,6.0,6.2,6.0,6.2,+0.1 (+1.64%),551
Wed 13 Mar '19,6.1,6.1,6.1,6.1,−0.1 (−1.61%),2
Tue 12 Mar '19,6.0,6.2,5.8,6.2,+0.2 (+3.33%),2.8 K
Fri 08 Mar '19,6.0,6.1,6.0,6.0,0.0 (0.00%),3.1 K
Wed 06 Mar '19,6.1,6.1,6.0,6.0,−0.4 (−6.25%),1.82 K
Tue 05 Mar '19,6.3,6.4,6.3,6.4,−0.1 (−1.54%),14.89 K
Thu 28 Feb '19,6.4,6.6,6.2,6.5,0.0 (0.00%),16.61 K
Tue 26 Feb '19,6.3,6.5,6.3,6.5,−0.1 (−1.52%),9.15 K
Fri 22 Feb '19,6.6,6.6,6.6,6.6,+0.2 (+3.12%),121
Thu 21 Feb '19,6.4,6.4,6.4,6.4,−0.1 (−1.54%),5.5 K
Wed 20 Feb '19,6.8,6.8,6.5,6.5,−0.3 (−4.41%),22.78 K
Mon 18 Feb '19,6.9,6.9,6.4,6.8,0.0 (0.00%),14.94 K
Thu 14 Feb '19,6.9,6.9,6.8,6.8,−0.1 (−1.45%),10.08 K
Wed 13 Feb '19,6.9,7.2,6.8,6.9,−0.1 (−1.43%),17.39 K
Tue 12 Feb '19,7.0,7.3,6.9,7.0,−0.4 (−5.41%),3.81 K
Mon 11 Feb '19,7.3,7.4,7.3,7.4,+0.1 (+1.37%),400
Fri 08 Feb '19,7.4,7.4,6.9,7.3,0.0 (0.00%),8.41 K
Wed 06 Feb '19,7.4,7.4,6.8,7.3,−0.2 (−2.67%),34.1 K
Tue 05 Feb '19,7.2,7.5,7.0,7.5,+0.3 (+4.17%),8.84 K
Fri 01 Feb '19,7.5,7.6,7.2,7.2,−0.3 (−4.00%),15.73 K
Thu 31 Jan '19,7.3,7.5,7.0,7.5,+0.2 (+2.74%),16.02 K
Wed 30 Jan '19,7.7,7.7,7.0,7.3,−0.5 (−6.41%),63.65 K
Tue 29 Jan '19,7.8,8.0,7.7,7.8,+0.1 (+1.30%),62.51 K
Mon 28 Jan '19,8.0,8.2,7.4,7.7,−0.3 (−3.75%),80.86 K
Fri 25 Jan '19,7.6,8.2,7.6,8.0,+0.4 (+5.26%),390.7 K
Thu 24 Jan '19,7.1,7.8,7.1,7.6,+0.5 (+7.04%),187.34 K
Wed 23 Jan '19,7.1,7.4,7.0,7.1,+0.2 (+2.90%),110.41 K
Tue 22 Jan '19,7.3,7.6,6.6,6.9,−0.5 (−6.76%),117.46 K
Mon 21 Jan '19,6.1,7.4,6.1,7.4,+1.3 (+21.31%),338.41 K
Thu 17 Jan '19,5.8,6.1,5.8,6.1,−0.4 (−6.15%),8.45 K
Tue 15 Jan '19,6.3,6.5,6.3,6.5,+0.3 (+4.84%),11
Mon 14 Jan '19,5.8,6.2,5.8,6.2,+0.1 (+1.64%),1.59 K
Fri 11 Jan '19,6.0,6.1,5.9,6.1,+0.1 (+1.67%),313
Thu 10 Jan '19,6.2,6.2,6.0,6.0,−0.1 (−1.64%),300
Wed 09 Jan '19,5.8,6.1,5.8,6.1,−0.1 (−1.61%),287
Tue 08 Jan '19,5.8,6.2,5.8,6.2,+0.1 (+1.64%),198
Mon 07 Jan '19,6.2,6.2,5.9,6.1,−0.1 (−1.61%),8.31 K
Fri 04 Jan '19,6.0,6.3,6.0,6.2,−0.1 (−1.59%),6.7 K
Thu 03 Jan '19,6.0,6.3,6.0,6.3,0.0 (0.00%),1.09 K
Wed 02 Jan '19,6.3,6.3,6.3,6.3,−0.1 (−1.56%),1
Mon 31 Dec '18,6.4,6.4,5.8,6.4,−0.1 (−1.54%),8.65 K
Fri 28 Dec '18,6.5,6.5,6.5,6.5,0.0 (0.00%),2
Thu 27 Dec '18,6.5,6.5,6.5,6.5,−0.2 (−2.99%),100
Tue 25 Dec '18,6.7,6.7,6.7,6.7,+0.7 (+11.67%),1
Mon 24 Dec '18,6.1,6.3,5.9,6.0,0.0 (0.00%),311
Wed 19 Dec '18,6.0,6.1,6.0,6.0,−0.1 (−1.64%),111
Tue 18 Dec '18,6.0,6.1,6.0,6.1,−0.1 (−1.61%),200
Fri 14 Dec '18,5.9,6.2,5.7,6.2,+0.2 (+3.33%),1.1 K
Thu 13 Dec '18,6.2,6.2,6.0,6.0,−0.2 (−3.23%),27.85 K
Tue 11 Dec '18,6.0,6.2,6.0,6.2,−0.2 (−3.13%),7.15 K
Fri 07 Dec '18,6.4,6.4,6.4,6.4,+0.1 (+1.59%),1
Thu 06 Dec '18,5.9,6.3,5.9,6.3,+0.4 (+6.78%),10.13 K
Wed 05 Dec '18,5.9,6.0,5.9,5.9,−0.1 (−1.67%),3.77 K
Fri 30 Nov '18,6.2,6.2,6.0,6.0,0.0 (0.00%),3.11 K
Wed 28 Nov '18,6.2,6.2,6.0,6.0,0.0 (0.00%),700
Mon 26 Nov '18,6.1,6.2,6.0,6.0,−0.1 (−1.64%),7.8 K
Fri 23 Nov '18,6.1,6.1,6.0,6.1,−0.4 (−6.15%),3.1 K
Wed 21 Nov '18,6.3,6.5,6.2,6.5,+0.3 (+4.84%),3.36 K
Mon 19 Nov '18,6.2,6.2,6.2,6.2,+0.1 (+1.64%),780
Fri 16 Nov '18,6.1,6.5,6.1,6.1,−0.5 (−7.58%),15.6 K
Thu 15 Nov '18,6.7,6.7,6.2,6.6,+0.3 (+4.76%),170
Wed 14 Nov '18,6.3,6.3,6.3,6.3,−0.2 (−3.08%),381
Tue 13 Nov '18,6.5,6.5,6.4,6.5,0.0 (0.00%),425
Mon 12 Nov '18,6.5,6.5,6.5,6.5,+0.2 (+3.17%),5
Thu 08 Nov '18,6.3,6.3,6.3,6.3,−0.3 (−4.55%),500
Tue 06 Nov '18,6.5,6.6,6.2,6.6,−0.1 (−1.49%),30.08 K
Fri 02 Nov '18,6.8,6.8,6.5,6.7,−0.1 (−1.47%),6.39 K
Thu 01 Nov '18,6.4,6.8,6.4,6.8,+0.3 (+4.62%),23.07 K
Wed 31 Oct '18,6.7,6.7,6.5,6.5,−0.3 (−4.41%),302
Tue 30 Oct '18,6.7,6.8,6.4,6.8,+0.2 (+3.03%),6.13 K
Mon 29 Oct '18,6.4,6.8,6.4,6.6,+0.2 (+3.12%),33.73 K
Fri 26 Oct '18,6.2,6.5,6.2,6.4,+0.4 (+6.67%),5.99 K
Thu 25 Oct '18,6.3,6.3,6.0,6.0,−0.4 (−6.25%),6.95 K
Mon 22 Oct '18,6.3,6.4,6.0,6.4,0.0 (0.00%),11.38 K
Fri 19 Oct '18,6.1,6.4,6.0,6.4,+0.4 (+6.67%),3.39 K
Thu 18 Oct '18,6.4,6.5,6.0,6.0,−0.3 (−4.76%),19.22 K
Wed 17 Oct '18,6.5,6.5,6.2,6.3,−0.2 (−3.08%),15.88 K
Mon 15 Oct '18,6.4,6.5,6.4,6.5,−0.2 (−2.99%),3.8 K
Fri 12 Oct '18,6.5,6.7,6.4,6.7,−0.2 (−2.90%),15.05 K
Wed 10 Oct '18,6.6,6.9,6.6,6.9,0.0 (0.00%),203
Tue 09 Oct '18,6.7,6.9,6.5,6.9,0.0 (0.00%),12.98 K
Fri 05 Oct '18,6.8,6.9,6.8,6.9,−0.1 (−1.43%),5.55 K
Thu 04 Oct '18,6.9,7.0,6.9,7.0,+0.1 (+1.45%),631
Wed 03 Oct '18,6.9,6.9,6.8,6.9,0.0 (0.00%),14.7 K
Tue 02 Oct '18,6.8,6.9,6.8,6.9,0.0 (0.00%),1.4 K
Mon 01 Oct '18,7.0,7.3,6.7,6.9,−0.1 (−1.43%),48.5 K
Fri 28 Sep '18,6.8,7.0,6.8,7.0,+0.2 (+2.94%),2.35 K
Thu 27 Sep '18,6.6,6.8,6.6,6.8,0.0 (0.00%),400
Wed 26 Sep '18,6.9,6.9,6.5,6.8,+0.1 (+1.49%),1 K
Tue 25 Sep '18,6.7,6.7,6.1,6.7,−0.3 (−4.29%),31.65 K
Fri 21 Sep '18,7.0,7.0,6.8,7.0,0.0 (0.00%),301
Wed 19 Sep '18,6.9,7.0,6.9,7.0,+0.1 (+1.45%),201
Tue 18 Sep '18,6.8,7.0,6.7,6.9,−0.1 (−1.43%),19.49 K
Mon 17 Sep '18,6.8,7.0,6.8,7.0,−0.1 (−1.41%),202
Fri 14 Sep '18,7.2,7.2,7.1,7.1,−0.1 (−1.39%),1 K
Thu 13 Sep '18,7.3,7.3,6.8,7.2,+0.2 (+2.86%),2.8 K
Wed 12 Sep '18,7.0,7.0,6.9,7.0,0.0 (0.00%),4.9 K
Tue 11 Sep '18,7.3,7.3,6.9,7.0,−0.3 (−4.11%),1.92 K
Mon 10 Sep '18,7.4,7.4,7.0,7.3,−0.1 (−1.35%),5.28 K
Fri 07 Sep '18,7.4,7.4,7.0,7.4,0.0 (0.00%),6.92 K
Thu 06 Sep '18,7.4,7.4,7.0,7.4,0.0 (0.00%),749
Wed 05 Sep '18,7.4,7.4,7.0,7.4,0.0 (0.00%),5.85 K
Tue 04 Sep '18,7.4,7.4,7.0,7.4,+0.1 (+1.37%),1.91 K
Mon 03 Sep '18,7.5,7.5,7.0,7.3,−0.2 (−2.67%),9.44 K
Fri 31 Aug '18,7.7,7.7,7.0,7.5,−0.1 (−1.32%),11.89 K
Thu 30 Aug '18,7.2,7.7,7.2,7.6,+0.6 (+8.57%),28.12 K
Wed 29 Aug '18,6.9,7.5,6.9,7.0,+0.1 (+1.45%),10.09 K
Mon 27 Aug '18,6.9,6.9,6.9,6.9,0.0 (0.00%),50
Thu 23 Aug '18,6.9,6.9,6.9,6.9,0.0 (0.00%),3.84 K
Tue 21 Aug '18,6.9,7.0,6.8,6.9,−0.1 (−1.43%),2.3 K
Mon 20 Aug '18,7.0,7.0,6.7,7.0,+0.1 (+1.45%),7.97 K
Fri 17 Aug '18,7.0,7.0,6.9,6.9,−0.1 (−1.43%),5.35 K
Thu 16 Aug '18,7.2,7.2,7.0,7.0,−0.2 (−2.78%),5.2 K
Wed 15 Aug '18,7.0,7.2,7.0,7.2,−0.3 (−4.00%),10.97 K
Tue 14 Aug '18,7.0,7.5,7.0,7.5,+0.3 (+4.17%),10.94 K
Mon 13 Aug '18,7.5,7.5,7.0,7.2,−0.3 (−4.00%),5.48 K
Fri 10 Aug '18,7.8,7.8,7.0,7.5,−0.3 (−3.85%),9.34 K
Thu 09 Aug '18,7.2,7.8,7.2,7.8,0.0 (0.00%),296
Wed 08 Aug '18,8.0,8.0,7.2,7.8,−0.2 (−2.50%),313
Tue 07 Aug '18,7.5,8.0,7.0,8.0,0.0 (0.00%),29.1 K
Mon 06 Aug '18,8.0,8.0,8.0,8.0,0.0 (0.00%),400
Fri 03 Aug '18,7.9,8.0,7.9,8.0,0.0 (0.00%),950
Thu 02 Aug '18,7.8,8.0,7.6,8.0,0.0 (0.00%),1.76 K
Mon 30 Jul '18,8.0,8.0,8.0,8.0,−0.3 (−3.61%),2.53 K
Thu 26 Jul '18,8.0,8.3,8.0,8.3,0.0 (0.00%),1.02 K
Wed 25 Jul '18,8.0,8.3,8.0,8.3,−0.1 (−1.19%),5.5 K
Tue 24 Jul '18,8.4,8.4,7.8,8.4,0.0 (0.00%),1.1 K
Mon 23 Jul '18,9.0,9.0,8.0,8.4,−0.4 (−4.55%),1.4 K
Fri 20 Jul '18,8.4,9.0,7.5,8.8,+0.4 (+4.76%),24.74 K
Wed 18 Jul '18,8.4,8.8,8.2,8.4,0.0 (0.00%),11.4 K
Mon 16 Jul '18,8.3,8.4,8.3,8.4,+0.1 (+1.20%),302
Fri 13 Jul '18,7.5,8.4,7.5,8.3,+0.3 (+3.75%),1.1 K
Thu 12 Jul '18,8.2,8.2,7.8,8.0,−0.1 (−1.23%),2.2 K
Wed 11 Jul '18,7.6,8.2,7.6,8.1,−0.3 (−3.57%),1.43 K
Tue 10 Jul '18,8.2,8.4,8.2,8.4,+0.2 (+2.44%),703
Mon 09 Jul '18,8.2,8.2,8.2,8.2,+0.2 (+2.50%),105
Fri 06 Jul '18,7.9,8.4,7.9,8.0,+0.1 (+1.27%),11.32 K
Thu 05 Jul '18,7.5,7.9,7.5,7.9,0.0 (0.00%),6.57 K
Wed 04 Jul '18,7.5,7.9,7.5,7.9,−0.1 (−1.25%),7.3 K
Tue 03 Jul '18,8.0,8.0,7.6,8.0,0.0 (0.00%),609
Mon 02 Jul '18,7.6,8.0,7.6,8.0,+0.1 (+1.27%),1.06 K
Fri 29 Jun '18,7.9,8.1,7.9,7.9,+0.2 (+2.60%),2.2 K
Thu 28 Jun '18,8.1,8.1,7.7,7.7,−0.5 (−6.10%),447
Tue 26 Jun '18,8.2,8.2,7.8,8.2,+0.2 (+2.50%),3.45 K
Mon 25 Jun '18,7.5,8.0,7.4,8.0,−0.4 (−4.76%),2.7 K
Fri 22 Jun '18,7.9,8.9,7.2,8.4,+0.6 (+7.69%),19.27 K
Thu 21 Jun '18,7.4,7.8,7.3,7.8,+0.4 (+5.41%),5.64 K
Wed 20 Jun '18,7.7,8.0,7.1,7.4,−0.4 (−5.13%),42.02 K
Tue 19 Jun '18,7.8,8.2,7.6,7.8,0.0 (0.00%),37.1 K
Mon 18 Jun '18,7.9,8.0,7.5,7.8,−0.2 (−2.50%),16.66 K
Thu 14 Jun '18,7.9,8.0,7.5,8.0,+0.3 (+3.90%),14.68 K
Wed 13 Jun '18,7.8,8.1,7.7,7.7,+0.2 (+2.67%),3.23 K
Tue 12 Jun '18,7.6,7.8,7.5,7.5,−0.1 (−1.32%),13.63 K
Mon 11 Jun '18,8.0,8.0,7.4,7.6,−0.4 (−5.00%),110.26 K
Fri 08 Jun '18,8.4,8.4,8.0,8.0,−0.8 (−9.09%),12.13 K
Thu 07 Jun '18,8.3,8.8,8.1,8.8,+0.1 (+1.15%),7.86 K
Wed 06 Jun '18,8.8,8.8,8.2,8.7,−0.1 (−1.14%),3.9 K
Tue 05 Jun '18,9.0,9.0,8.7,8.8,−0.1 (−1.12%),3.92 K
Mon 04 Jun '18,9.0,9.0,8.5,8.9,−0.1 (−1.11%),684
Fri 01 Jun '18,9.0,9.0,8.7,9.0,0.0 (0.00%),5.27 K
Thu 31 May '18,9.8,9.8,9.0,9.0,−0.8 (−8.16%),19.07 K
Wed 30 May '18,9.7,9.8,9.5,9.8,0.0 (0.00%),600
Fri 25 May '18,9.2,9.8,9.2,9.8,−0.1 (−1.01%),10
Thu 24 May '18,9.8,9.9,9.8,9.9,−0.1 (−1.00%),596
Wed 23 May '18,10.0,10.0,9.9,10.0,0.0 (0.00%),1.21 K
Tue 22 May '18,10.0,10.2,9.9,10.0,−0.2 (−1.96%),1.47 K
Mon 21 May '18,10.5,10.5,10.0,10.2,+0.2 (+2.00%),5.5 K
Fri 18 May '18,10.3,10.8,10.0,10.0,−0.5 (−4.76%),29.5 K
Thu 17 May '18,10.3,10.5,10.3,10.5,−0.2 (−1.87%),3.4 K
Tue 15 May '18,11.4,11.4,10.0,10.7,−0.6 (−5.31%),19.33 K
Mon 14 May '18,11.0,11.5,10.3,11.3,+0.3 (+2.73%),12.01 K
Fri 11 May '18,10.2,11.0,10.2,11.0,+0.1 (+0.92%),210
Thu 10 May '18,11.0,11.1,10.1,10.9,−0.1 (−0.91%),1.44 K
Wed 09 May '18,11.3,11.3,10.2,11.0,−0.3 (−2.65%),914
Mon 07 May '18,11.3,11.3,11.3,11.3,+0.2 (+1.80%),100
Fri 04 May '18,10.9,11.3,10.8,11.1,0.0 (0.00%),8.7 K
Thu 03 May '18,10.9,11.8,10.8,11.1,+0.6 (+5.71%),80.66 K
Wed 02 May '18,10.9,10.9,10.2,10.5,−0.4 (−3.67%),9.82 K
Tue 01 May '18,10.8,10.9,10.6,10.9,0.0 (0.00%),1.13 K
Fri 27 Apr '18,10.8,10.9,10.8,10.9,+0.1 (+0.93%),653
Thu 26 Apr '18,10.8,10.8,10.8,10.8,−0.1 (−0.92%),700
Wed 25 Apr '18,11.0,11.0,10.7,10.9,−0.1 (−0.91%),2.41 K
Mon 23 Apr '18,10.9,11.0,10.9,11.0,+0.2 (+1.85%),600
Thu 19 Apr '18,10.8,11.0,10.3,10.8,0.0 (0.00%),40.92 K
Wed 18 Apr '18,11.0,11.0,10.3,10.8,0.0 (0.00%),26.78 K
Tue 17 Apr '18,10.9,11.0,10.3,10.8,0.0 (0.00%),11 K
Mon 16 Apr '18,10.7,10.8,10.3,10.8,+0.6 (+5.88%),5.99 K
Thu 12 Apr '18,10.2,10.3,10.2,10.2,−0.5 (−4.67%),1.03 K
Wed 11 Apr '18,10.2,10.7,10.0,10.7,+0.3 (+2.88%),712
Tue 10 Apr '18,10.2,10.9,10.2,10.4,+0.2 (+1.96%),51.84 K
Mon 09 Apr '18,10.3,10.4,10.2,10.2,+0.2 (+2.00%),300
Fri 06 Apr '18,10.4,10.4,9.9,10.0,+0.1 (+1.01%),9.31 K
Thu 05 Apr '18,10.0,10.0,9.9,9.9,−0.1 (−1.00%),13.27 K
Wed 04 Apr '18,10.3,10.5,9.9,10.0,0.0 (0.00%),9.01 K
Tue 03 Apr '18,10.0,10.3,9.9,10.0,0.0 (0.00%),55.91 K
Mon 02 Apr '18,10.0,10.0,10.0,10.0,0.0 (0.00%),10.9 K
Thu 29 Mar '18,10.4,10.7,9.8,10.0,−0.4 (−3.85%),35.5 K
Wed 28 Mar '18,10.2,10.4,10.0,10.4,+0.4 (+4.00%),4.52 K
Tue 27 Mar '18,10.0,10.3,9.8,10.0,−0.6 (−5.66%),41.88 K
Mon 26 Mar '18,10.0,10.7,9.9,10.6,−0.1 (−0.93%),43.03 K
Fri 23 Mar '18,10.7,10.7,10.3,10.7,−0.1 (−0.93%),1.26 K
Thu 22 Mar '18,10.7,10.8,10.3,10.8,0.0 (0.00%),26.12 K
Mon 19 Mar '18,10.6,10.8,10.6,10.8,−0.1 (−0.92%),1.01 K
Thu 15 Mar '18,10.9,10.9,10.9,10.9,0.0 (0.00%),20
Wed 14 Mar '18,10.5,10.9,10.5,10.9,−0.1 (−0.91%),6.83 K
Tue 13 Mar '18,10.5,11.0,10.5,11.0,+0.5 (+4.76%),38.11 K
Mon 12 Mar '18,10.4,10.6,10.0,10.5,+0.5 (+5.00%),12.18 K
Fri 09 Mar '18,10.1,10.4,10.0,10.0,−0.4 (−3.85%),14.1 K
Thu 08 Mar '18,10.2,10.4,10.0,10.4,+0.1 (+0.97%),18.8 K
Wed 07 Mar '18,10.7,10.7,10.3,10.3,−1.0 (−8.85%),1.16 K
Mon 05 Mar '18,10.9,11.5,10.6,11.3,+0.1 (+0.89%),10.45 K
Thu 01 Mar '18,10.5,11.5,10.0,11.2,+0.6 (+5.66%),34.31 K
Wed 28 Feb '18,11.1,11.6,10.5,10.6,−1.9 (−15.20%),52.45 K
Tue 27 Feb '18,11.9,12.5,11.3,12.5,0.0 (0.00%),9.78 K
Fri 23 Feb '18,12.0,12.7,11.4,12.5,−0.4 (−3.10%),15.66 K
Thu 22 Feb '18,13.0,13.4,12.5,12.9,−0.1 (−0.77%),23.97 K
Tue 20 Feb '18,12.7,13.0,12.4,13.0,0.0 (0.00%),30.53 K
Mon 19 Feb '18,12.7,13.0,12.7,13.0,0.0 (0.00%),608
Thu 15 Feb '18,13.0,13.4,13.0,13.0,−0.7 (−5.11%),13.8 K
Wed 14 Feb '18,13.0,13.7,12.7,13.7,+0.2 (+1.48%),12.81 K
Fri 09 Feb '18,13.5,13.7,13.5,13.5,0.0 (0.00%),6.5 K
Thu 08 Feb '18,12.7,13.5,12.7,13.5,0.0 (0.00%),6.02 K
Wed 07 Feb '18,12.9,13.5,12.9,13.5,−0.2 (−1.46%),657
Fri 02 Feb '18,13.4,13.8,12.9,13.7,+0.8 (+6.20%),8.17 K
Wed 31 Jan '18,12.4,13.4,12.4,12.9,+0.3 (+2.38%),21.59 K
Mon 29 Jan '18,12.6,12.6,12.6,12.6,+0.6 (+5.00%),100
Fri 26 Jan '18,12.0,12.0,12.0,12.0,0.0 (0.00%),3.52 K
Thu 25 Jan '18,12.0,12.0,12.0,12.0,−0.1 (−0.83%),438
Tue 23 Jan '18,12.1,12.1,12.1,12.1,0.0 (0.00%),580
Mon 22 Jan '18,12.2,12.2,12.1,12.1,−0.5 (−3.97%),3 K
Fri 19 Jan '18,12.2,12.6,12.2,12.6,+0.4 (+3.28%),13.7 K
Thu 18 Jan '18,12.2,12.4,12.2,12.2,−0.6 (−4.69%),5.5 K
Tue 16 Jan '18,12.8,12.8,12.2,12.8,+0.1 (+0.79%),14.14 K
Fri 12 Jan '18,13.0,13.0,12.7,12.7,−0.3 (−2.31%),12.89 K
Thu 11 Jan '18,13.2,13.2,12.7,13.0,−0.2 (−1.52%),1.16 K
Tue 09 Jan '18,13.2,13.3,13.2,13.2,−0.1 (−0.75%),2.95 K
Fri 05 Jan '18,13.5,13.9,12.8,13.3,−0.2 (−1.48%),18.81 K
Thu 04 Jan '18,13.5,13.5,13.0,13.5,+0.1 (+0.75%),19.55 K
Wed 03 Jan '18,14.0,14.1,13.3,13.4,−0.4 (−2.90%),20.41 K
Mon 01 Jan '18,14.1,14.2,13.8,13.8,−0.3 (−2.13%),11.93 K
Fri 29 Dec '17,14.0,14.5,13.5,14.1,+0.1 (+0.71%),44.62 K
Thu 28 Dec '17,14.4,14.8,13.9,14.0,0.0 (0.00%),123.41 K
Wed 27 Dec '17,13.6,14.9,13.6,14.0,+0.4 (+2.94%),230.23 K
Tue 26 Dec '17,13.0,13.8,13.0,13.6,+1.3 (+10.57%),42.28 K
Thu 21 Dec '17,12.3,12.3,12.3,12.3,0.0 (0.00%),1.19 K
Wed 20 Dec '17,12.3,12.3,12.3,12.3,+0.8 (+6.96%),1 K
Tue 19 Dec '17,11.6,11.6,11.5,11.5,0.0 (0.00%),200
Mon 18 Dec '17,12.1,12.1,11.5,11.5,−0.6 (−4.96%),2.4 K
Fri 15 Dec '17,13.3,13.3,12.1,12.1,−1.2 (−9.02%),31.77 K
Thu 14 Dec '17,11.8,13.3,11.8,13.3,+2.0 (+17.70%),93.04 K
Wed 13 Dec '17,11.3,11.3,11.0,11.3,−0.3 (−2.59%),7.38 K
Tue 12 Dec '17,11.1,11.7,11.1,11.6,+0.5 (+4.50%),2.81 K
Mon 11 Dec '17,11.1,11.1,11.1,11.1,−0.1 (−0.89%),1.13 K
Fri 08 Dec '17,11.5,11.8,11.2,11.2,−0.6 (−5.08%),9.87 K
Thu 07 Dec '17,12.0,12.0,11.7,11.8,−0.2 (−1.67%),1.88 K
Wed 06 Dec '17,11.0,13.0,11.0,12.0,0.0 (0.00%),237
Tue 05 Dec '17,12.6,12.6,12.0,12.0,−0.5 (−4.00%),22.74 K
Mon 04 Dec '17,12.7,12.7,12.5,12.5,−0.3 (−2.34%),6.45 K
Thu 30 Nov '17,12.8,13.2,12.8,12.8,−0.2 (−1.54%),141
Tue 28 Nov '17,13.3,13.3,13.0,13.0,−0.5 (−3.70%),5.6 K
Thu 23 Nov '17,13.5,14.0,13.5,13.5,−0.2 (−1.46%),1.72 K
Wed 22 Nov '17,13.3,13.7,13.3,13.7,+0.1 (+0.74%),2.6 K
Tue 21 Nov '17,14.4,14.4,13.5,13.6,−0.8 (−5.56%),12.69 K
Mon 20 Nov '17,14.4,14.4,13.7,14.4,+0.2 (+1.41%),19.09 K
Fri 17 Nov '17,14.5,14.5,14.2,14.2,−0.1 (−0.70%),4.36 K
Thu 16 Nov '17,13.4,14.7,13.2,14.3,+1.2 (+9.16%),53.63 K
Wed 15 Nov '17,11.9,13.2,11.9,13.1,+1.2 (+10.08%),88.02 K
Tue 14 Nov '17,12.8,12.8,11.9,11.9,−0.7 (−5.56%),59.7 K
Mon 13 Nov '17,13.4,13.8,12.2,12.6,−1.4 (−10.00%),46.28 K
Fri 10 Nov '17,14.6,15.2,13.5,14.0,−0.2 (−1.41%),31.22 K
Thu 09 Nov '17,16.9,16.9,14.2,14.2,−4.4 (−23.66%),235.58 K
Tue 07 Nov '17,18.5,18.6,18.3,18.6,−0.2 (−1.06%),15.3 K
Mon 06 Nov '17,18.8,19.0,18.5,18.8,−0.2 (−1.05%),10.26 K
Thu 02 Nov '17,19.0,19.0,18.6,19.0,+0.1 (+0.53%),34.28 K
Wed 01 Nov '17,19.5,19.7,18.9,18.9,−0.6 (−3.08%),147.4 K
Tue 31 Oct '17,19.3,19.6,19.0,19.5,+0.4 (+2.09%),108.65 K
Mon 30 Oct '17,18.5,19.3,18.5,19.1,+0.6 (+3.24%),262.2 K
Fri 27 Oct '17,18.0,18.8,18.0,18.5,+0.6 (+3.35%),190.9 K
Thu 26 Oct '17,17.4,18.0,17.4,17.9,+0.3 (+1.70%),1.72 K
Wed 25 Oct '17,18.2,18.2,17.6,17.6,−0.5 (−2.76%),23.91 K
Tue 24 Oct '17,18.2,18.2,17.2,18.1,+0.2 (+1.12%),31.47 K
Mon 23 Oct '17,18.0,18.3,17.7,17.9,+0.1 (+0.56%),9.6 K
Fri 20 Oct '17,18.0,18.2,17.2,17.8,0.0 (0.00%),8.7 K
Thu 19 Oct '17,18.2,18.3,17.7,17.8,0.0 (0.00%),1.32 K
Tue 17 Oct '17,17.9,18.4,17.7,17.8,+0.1 (+0.56%),67.03 K
Mon 16 Oct '17,17.0,17.8,17.0,17.7,+0.3 (+1.72%),5.59 K
Fri 13 Oct '17,16.1,17.5,15.0,17.4,+1.4 (+8.75%),74 K
Thu 12 Oct '17,16.6,17.5,16.0,16.0,−1.4 (−8.05%),43.64 K
Wed 11 Oct '17,17.3,18.0,17.0,17.4,−0.1 (−0.57%),65 K
Tue 10 Oct '17,18.0,18.5,17.5,17.5,−0.5 (−2.78%),97.1 K
Mon 09 Oct '17,19.0,19.3,18.0,18.0,−1.0 (−5.26%),67.73 K
Fri 06 Oct '17,18.4,19.3,18.0,19.0,+0.3 (+1.60%),88.29 K
Wed 04 Oct '17,18.3,19.2,17.9,18.7,+0.7 (+3.89%),116.71 K
Tue 03 Oct '17,19.5,20.4,17.5,18.0,−1.4 (−7.22%),496.68 K
Mon 02 Oct '17,16.0,19.4,15.9,19.4,+3.7 (+23.57%),1.06 M
Fri 29 Sep '17,16.0,16.2,15.3,15.7,−0.1 (−0.63%),155.55 K
Thu 28 Sep '17,16.3,16.3,15.4,15.8,−0.6 (−3.66%),96.71 K
Wed 27 Sep '17,15.3,16.5,15.3,16.4,+1.2 (+7.89%),659.96 K
Tue 26 Sep '17,14.9,15.4,14.9,15.2,+0.5 (+3.40%),226.02 K
Mon 25 Sep '17,15.0,15.0,14.5,14.7,−0.1 (−0.68%),71.37 K
Fri 22 Sep '17,15.1,15.1,14.5,14.8,−0.2 (−1.33%),22.5 K
Thu 21 Sep '17,14.4,15.3,14.3,15.0,+1.0 (+7.14%),41.17 K
Wed 20 Sep '17,15.3,15.3,14.0,14.0,−1.3 (−8.50%),247.8 K
Tue 19 Sep '17,15.2,16.0,14.9,15.3,+0.1 (+0.66%),464.53 K
Mon 18 Sep '17,14.8,15.8,14.8,15.2,+0.4 (+2.70%),469.07 K
Fri 15 Sep '17,13.7,14.9,13.1,14.8,+1.3 (+9.63%),453.07 K
Thu 14 Sep '17,12.8,13.6,12.8,13.5,+0.7 (+5.47%),498.15 K
Wed 13 Sep '17,12.0,12.8,12.0,12.8,+0.8 (+6.67%),533.77 K
Tue 12 Sep '17,11.6,12.0,11.6,12.0,+0.5 (+4.35%),72.26 K
Mon 11 Sep '17,11.8,11.9,11.5,11.5,−0.2 (−1.71%),77.77 K
Fri 08 Sep '17,11.7,12.1,11.5,11.7,+0.1 (+0.86%),92.81 K
Thu 07 Sep '17,10.6,11.7,10.5,11.6,+0.8 (+7.41%),100.65 K
Wed 06 Sep '17,10.5,11.3,10.5,10.8,−0.3 (−2.70%),22.7 K
Mon 04 Sep '17,11.2,11.2,11.1,11.1,0.0 (0.00%),8.66 K
Thu 31 Aug '17,10.8,11.1,10.6,11.1,+0.3 (+2.78%),81.63 K
Wed 30 Aug '17,10.6,10.8,10.6,10.8,0.0 (0.00%),1.06 K
Tue 29 Aug '17,10.6,10.9,10.5,10.8,−0.3 (−2.70%),52 K
Mon 28 Aug '17,10.6,11.3,10.6,11.1,+0.6 (+5.71%),119.91 K
Fri 25 Aug '17,10.4,10.6,10.4,10.5,+0.2 (+1.94%),96.36 K
Thu 24 Aug '17,10.2,10.3,10.2,10.3,+0.2 (+1.98%),4.5 K
Wed 23 Aug '17,10.2,10.2,10.1,10.1,−0.4 (−3.81%),45.1 K
Tue 22 Aug '17,10.3,10.5,10.3,10.5,0.0 (0.00%),201
Fri 18 Aug '17,10.1,10.5,10.1,10.5,0.0 (0.00%),24.69 K
Thu 17 Aug '17,10.2,10.5,10.1,10.5,+0.2 (+1.94%),2.16 K
Wed 16 Aug '17,10.6,10.6,10.3,10.3,−0.4 (−3.74%),3.9 K
Tue 15 Aug '17,10.9,10.9,10.6,10.7,−0.1 (−0.93%),11.78 K
Mon 14 Aug '17,11.0,11.0,10.6,10.8,−0.1 (−0.92%),237.24 K
Fri 11 Aug '17,9.8,11.1,9.8,10.9,+1.7 (+18.48%),1.05 M
Thu 10 Aug '17,9.1,9.2,8.7,9.2,+0.1 (+1.10%),60.4 K
Tue 08 Aug '17,8.9,9.1,8.8,9.1,0.0 (0.00%),4.01 K
Fri 04 Aug '17,8.8,9.1,8.8,9.1,−0.1 (−1.09%),2.12 K
Wed 02 Aug '17,8.8,9.2,8.8,9.2,+0.2 (+2.22%),5.6 K
Tue 01 Aug '17,9.1,9.2,8.9,9.0,−0.1 (−1.10%),31.81 K
Mon 31 Jul '17,9.2,9.2,9.0,9.1,−0.2 (−2.15%),6.48 K
Fri 28 Jul '17,9.4,9.4,9.3,9.3,+0.1 (+1.09%),4.78 K
Thu 27 Jul '17,9.8,9.8,9.2,9.2,−0.2 (−2.13%),19.97 K
Wed 26 Jul '17,9.5,9.8,9.4,9.4,−0.1 (−1.05%),26.89 K
Tue 25 Jul '17,9.7,9.7,9.4,9.5,−0.2 (−2.06%),9.21 K
Mon 24 Jul '17,9.2,9.8,9.2,9.7,+0.5 (+5.43%),133 K
Fri 21 Jul '17,9.3,9.4,9.2,9.2,0.0 (0.00%),15.5 K
Thu 20 Jul '17,9.2,9.5,9.0,9.2,0.0 (0.00%),40.69 K
Tue 18 Jul '17,9.5,9.5,9.2,9.2,0.0 (0.00%),3.95 K
Mon 17 Jul '17,9.5,9.5,9.2,9.2,−0.4 (−4.17%),39.2 K
Fri 14 Jul '17,9.0,9.7,9.0,9.6,+0.7 (+7.87%),943.38 K
Thu 13 Jul '17,7.8,9.0,7.7,8.9,+1.2 (+15.58%),568.16 K
Wed 12 Jul '17,7.2,7.8,7.2,7.7,+0.5 (+6.94%),41.72 K
Mon 10 Jul '17,7.4,7.4,7.2,7.2,−0.1 (−1.37%),378
Fri 07 Jul '17,7.5,7.5,7.0,7.3,−0.1 (−1.35%),9.51 K
Thu 06 Jul '17,7.0,7.5,7.0,7.4,+0.4 (+5.71%),57.21 K
Wed 05 Jul '17,7.0,7.0,6.8,7.0,+0.1 (+1.45%),901
Tue 04 Jul '17,7.1,7.2,6.8,6.9,0.0 (0.00%),5.46 K
Mon 03 Jul '17,6.9,7.1,6.9,6.9,0.0 (0.00%),8.55 K
Fri 30 Jun '17,6.9,7.0,6.7,6.9,−0.1 (−1.43%),10.8 K
Thu 29 Jun '17,6.8,7.1,6.7,7.0,+0.1 (+1.45%),2.29 K
Wed 28 Jun '17,7.0,7.0,6.8,6.9,−0.1 (−1.43%),16.3 K
Tue 27 Jun '17,7.2,7.2,6.9,7.0,0.0 (0.00%),5.13 K
Fri 23 Jun '17,7.2,7.2,7.0,7.0,−0.1 (−1.41%),1.23 K
Thu 22 Jun '17,7.2,7.2,6.9,7.1,−0.1 (−1.39%),4.54 K
Wed 21 Jun '17,7.1,7.2,6.8,7.2,0.0 (0.00%),6.21 K
Tue 20 Jun '17,7.0,7.2,7.0,7.2,+0.2 (+2.86%),1 K
Mon 19 Jun '17,7.2,7.2,7.0,7.0,0.0 (0.00%),355
Fri 16 Jun '17,7.1,7.1,7.0,7.0,−0.2 (−2.78%),4.88 K
Thu 15 Jun '17,7.3,7.3,7.0,7.2,−0.1 (−1.37%),2.17 K
Tue 13 Jun '17,7.4,7.4,7.0,7.3,−0.1 (−1.35%),12.41 K
Mon 12 Jun '17,7.5,7.5,7.3,7.4,−0.3 (−3.90%),5.68 K
Thu 08 Jun '17,7.7,7.7,7.4,7.7,+0.1 (+1.32%),312
Wed 07 Jun '17,7.6,7.6,7.3,7.6,0.0 (0.00%),1.11 K
Tue 06 Jun '17,7.5,7.6,7.5,7.6,+0.1 (+1.33%),1.11 K
Fri 02 Jun '17,7.5,7.7,7.5,7.5,−0.2 (−2.60%),960
Thu 01 Jun '17,7.6,7.7,7.6,7.7,+0.1 (+1.32%),901
Wed 31 May '17,7.6,7.6,7.6,7.6,−0.1 (−1.30%),1 K
Tue 30 May '17,7.6,7.7,7.6,7.7,−0.1 (−1.28%),426
Fri 26 May '17,7.8,7.8,7.7,7.8,0.0 (0.00%),5.01 K
Wed 24 May '17,7.7,7.8,7.5,7.8,−0.1 (−1.27%),26.77 K
Tue 23 May '17,7.6,7.9,7.6,7.9,+0.3 (+3.95%),2.1 K
Mon 22 May '17,8.0,8.0,7.6,7.6,0.0 (0.00%),1.2 K
Fri 19 May '17,7.8,7.9,7.6,7.6,−0.2 (−2.56%),39.6 K
Thu 18 May '17,7.7,8.0,7.7,7.8,0.0 (0.00%),2.71 K
Wed 17 May '17,8.0,8.2,7.6,7.8,−0.1 (−1.27%),87.4 K
Tue 16 May '17,8.5,8.5,7.9,7.9,−0.5 (−5.95%),150.67 K
Mon 15 May '17,7.5,8.6,7.4,8.4,+0.4 (+5.00%),307.96 K
Fri 12 May '17,7.7,8.1,7.6,8.0,+0.3 (+3.90%),69.98 K
Tue 09 May '17,7.6,7.7,7.6,7.7,0.0 (0.00%),2.3 K
Mon 08 May '17,7.7,7.7,7.5,7.7,0.0 (0.00%),6.11 K
Fri 05 May '17,8.0,8.0,7.7,7.7,−0.2 (−2.53%),7.1 K
Thu 04 May '17,8.0,8.0,7.6,7.9,0.0 (0.00%),4.36 K
Wed 03 May '17,7.5,8.2,7.5,7.9,−0.1 (−1.25%),13.15 K
Tue 02 May '17,7.8,8.0,7.6,8.0,+0.3 (+3.90%),31.15 K
Fri 28 Apr '17,7.9,8.0,7.5,7.7,−0.2 (−2.53%),25.05 K
Thu 27 Apr '17,7.7,8.0,7.4,7.9,+0.2 (+2.60%),38.73 K
Wed 26 Apr '17,7.7,7.8,7.4,7.7,0.0 (0.00%),20.75 K
Tue 25 Apr '17,6.8,8.1,6.8,7.7,+0.6 (+8.45%),281.6 K
Mon 24 Apr '17,6.9,7.1,6.2,7.1,+0.3 (+4.41%),137.03 K
Fri 21 Apr '17,5.9,6.8,5.9,6.8,+0.8 (+13.33%),154.86 K
Thu 20 Apr '17,6.0,6.0,5.7,6.0,+0.1 (+1.69%),12.3 K
Wed 19 Apr '17,5.9,5.9,5.8,5.9,+0.1 (+1.72%),10.08 K
Tue 18 Apr '17,5.7,5.9,5.4,5.8,+0.4 (+7.41%),12.13 K
Mon 17 Apr '17,5.6,6.0,5.4,5.4,+0.1 (+1.89%),23.39 K
Wed 12 Apr '17,5.5,5.6,5.2,5.3,−0.1 (−1.85%),75.5 K
Tue 11 Apr '17,5.6,5.6,5.2,5.4,−0.2 (−3.57%),14.62 K
Fri 07 Apr '17,5.7,5.7,5.6,5.6,+0.3 (+5.66%),560
Thu 06 Apr '17,5.4,5.7,5.1,5.3,+0.1 (+1.92%),34.21 K
Wed 05 Apr '17,5.2,5.5,5.0,5.2,0.0 (0.00%),48.36 K
Tue 04 Apr '17,5.1,5.3,4.9,5.2,−0.1 (−1.89%),11.97 K
Mon 03 Apr '17,5.0,5.3,5.0,5.3,−0.1 (−1.85%),6.1 K
Fri 31 Mar '17,5.0,5.5,5.0,5.4,+0.3 (+5.88%),15.47 K
Thu 30 Mar '17,5.2,5.7,5.0,5.1,−0.4 (−7.27%),28.16 K
Wed 29 Mar '17,6.2,6.2,5.5,5.5,−0.7 (−11.29%),5.11 K
Tue 28 Mar '17,5.2,6.2,5.0,6.2,+1.0 (+19.23%),85.64 K
Mon 27 Mar '17,5.0,5.2,5.0,5.2,+0.2 (+4.00%),1.1 K
Fri 24 Mar '17,4.8,5.0,4.8,5.0,+0.1 (+2.04%),6.76 K
Thu 23 Mar '17,4.9,4.9,4.8,4.9,−0.1 (−2.00%),38.36 K
Wed 22 Mar '17,4.8,5.0,4.8,5.0,+0.1 (+2.04%),7.01 K
Tue 21 Mar '17,5.2,5.2,4.8,4.9,0.0 (0.00%),43.91 K
Mon 20 Mar '17,5.0,5.0,4.9,4.9,−0.1 (−2.00%),32 K
Fri 17 Mar '17,5.0,5.0,4.7,5.0,0.0 (0.00%),21.38 K
Wed 15 Mar '17,5.0,5.0,5.0,5.0,−0.1 (−1.96%),3.25 K
Mon 13 Mar '17,5.1,5.1,5.1,5.1,0.0 (0.00%),11.6 K
Fri 10 Mar '17,5.1,5.1,5.1,5.1,0.0 (0.00%),10 K
Wed 08 Mar '17,5.1,5.1,5.1,5.1,−0.2 (−3.77%),100
Tue 07 Mar '17,5.1,5.3,5.1,5.3,−0.2 (−3.64%),1.3 K
Mon 06 Mar '17,5.5,5.5,5.0,5.5,+0.1 (+1.85%),6.4 K
Thu 02 Mar '17,5.0,5.5,5.0,5.4,+0.4 (+8.00%),110
Wed 01 Mar '17,5.0,5.1,4.9,5.0,−0.1 (−1.96%),9.73 K
Tue 28 Feb '17,5.4,5.4,5.1,5.1,−0.4 (−7.27%),3.41 K
Mon 27 Feb '17,5.5,5.5,5.5,5.5,0.0 (0.00%),210
Wed 22 Feb '17,5.5,5.5,5.4,5.5,0.0 (0.00%),697
Tue 21 Feb '17,5.5,5.5,5.5,5.5,0.0 (0.00%),300
Mon 20 Feb '17,5.5,5.5,5.5,5.5,0.0 (0.00%),100
Wed 15 Feb '17,5.3,5.7,5.3,5.5,0.0 (0.00%),11.2 K
Wed 08 Feb '17,5.5,5.5,5.5,5.5,+0.2 (+3.77%),400
Tue 07 Feb '17,5.5,5.5,5.3,5.3,−0.1 (−1.85%),9.06 K
Thu 02 Feb '17,5.8,5.8,5.4,5.4,−0.3 (−5.26%),35.94 K
Wed 01 Feb '17,5.8,5.8,5.6,5.7,−0.3 (−5.00%),7.42 K
Tue 31 Jan '17,6.0,6.1,6.0,6.0,0.0 (0.00%),1.3 K
Mon 30 Jan '17,5.8,6.1,5.8,6.0,+0.2 (+3.45%),21.6 K
Fri 27 Jan '17,5.7,5.8,5.7,5.8,−0.1 (−1.69%),6.53 K
Thu 26 Jan '17,5.9,6.0,5.7,5.9,+0.1 (+1.72%),12.36 K
Wed 25 Jan '17,5.9,5.9,5.8,5.8,−0.2 (−3.33%),2.5 K
Tue 24 Jan '17,5.6,6.0,5.6,6.0,−0.7 (−10.45%),15.04 K
Thu 19 Jan '17,6.8,6.8,6.6,6.7,−0.5 (−6.94%),14.86 K
Wed 18 Jan '17,7.2,7.3,7.2,7.2,0.0 (0.00%),1.7 K
Tue 17 Jan '17,7.2,7.2,7.2,7.2,0.0 (0.00%),100
Mon 16 Jan '17,7.2,7.2,7.2,7.2,+0.8 (+12.50%),50
Thu 12 Jan '17,6.4,6.4,6.4,6.4,−0.6 (−8.57%),100
Tue 10 Jan '17,7.0,7.0,7.0,7.0,0.0 (0.00%),100
Mon 09 Jan '17,6.3,7.0,6.3,7.0,−0.3 (−4.11%),102
Thu 05 Jan '17,7.3,7.3,7.3,7.3,0.0 (0.00%),100
Wed 04 Jan '17,7.3,7.3,7.3,7.3,0.0 (0.00%),200
Tue 03 Jan '17,7.0,7.3,7.0,7.3,0.0 (0.00%),201
Mon 02 Jan '17,7.3,7.3,7.3,7.3,−0.3 (−3.95%),1 K
Mon 26 Dec '16,7.1,7.6,7.1,7.6,+0.5 (+7.04%),100
Thu 22 Dec '16,6.9,7.1,6.9,7.1,+0.7 (+10.94%),100
Tue 20 Dec '16,6.7,6.7,6.4,6.4,−0.7 (−9.86%),7.92 K
Fri 16 Dec '16,6.7,7.1,6.7,7.1,+0.3 (+4.41%),24.98 K
Wed 14 Dec '16,6.9,6.9,6.8,6.8,−0.2 (−2.86%),599
Fri 09 Dec '16,7.0,7.0,7.0,7.0,+0.1 (+1.45%),2 K
Wed 07 Dec '16,7.4,7.4,6.9,6.9,−0.3 (−4.17%),1.3 K
Mon 05 Dec '16,6.8,7.2,6.8,7.2,−0.1 (−1.37%),225
Thu 01 Dec '16,7.2,7.3,7.2,7.3,+0.7 (+10.61%),1.1 K
Tue 29 Nov '16,7.0,7.2,6.6,6.6,−0.1 (−1.49%),1.6 K
Mon 28 Nov '16,6.8,6.8,6.7,6.7,0.0 (0.00%),200
Thu 24 Nov '16,6.7,6.7,6.7,6.7,0.0 (0.00%),600
Wed 23 Nov '16,7.0,7.0,6.7,6.7,−0.6 (−8.22%),1.1 K
Mon 21 Nov '16,6.9,7.8,6.9,7.3,+0.4 (+5.80%),3.72 K
Wed 16 Nov '16,7.0,7.0,6.9,6.9,−0.1 (−1.43%),115
Mon 14 Nov '16,7.0,7.0,7.0,7.0,0.0 (0.00%),40
Wed 09 Nov '16,7.0,7.0,7.0,7.0,−0.2 (−2.78%),4.51 K
Mon 07 Nov '16,7.2,7.2,7.2,7.2,+0.4 (+5.88%),100
Fri 04 Nov '16,7.0,7.0,6.8,6.8,−0.7 (−9.33%),14.05 K
Thu 03 Nov '16,7.0,7.5,6.9,7.5,0.0 (0.00%),1.1 K
Wed 02 Nov '16,7.0,7.5,7.0,7.5,+0.1 (+1.35%),1.1 K
Tue 01 Nov '16,7.1,7.4,7.1,7.4,−0.1 (−1.33%),600
Mon 31 Oct '16,7.6,7.6,7.1,7.5,+0.1 (+1.35%),11 K
Fri 28 Oct '16,7.2,7.6,7.2,7.4,+0.2 (+2.78%),151
Wed 26 Oct '16,7.0,7.6,7.0,7.2,+0.2 (+2.86%),2.17 K
Mon 24 Oct '16,7.0,7.7,7.0,7.0,−0.6 (−7.89%),5.48 K
Fri 14 Oct '16,7.4,7.6,7.4,7.6,+0.1 (+1.33%),15.4 K
Tue 11 Oct '16,7.5,7.5,7.5,7.5,0.0 (0.00%),100
Fri 07 Oct '16,7.2,7.5,7.0,7.5,+0.2 (+2.74%),34.48 K
Wed 05 Oct '16,7.4,7.5,7.3,7.3,−0.1 (−1.35%),4.1 K
Tue 04 Oct '16,7.3,7.4,7.3,7.4,−0.4 (−5.13%),4.01 K
Fri 30 Sep '16,7.2,7.8,7.2,7.8,+0.3 (+4.00%),14.84 K
Tue 27 Sep '16,7.2,7.5,7.1,7.5,−0.1 (−1.32%),7 K
Fri 23 Sep '16,7.1,7.6,7.1,7.6,+0.2 (+2.70%),226
Thu 22 Sep '16,7.1,7.4,7.1,7.4,0.0 (0.00%),3.76 K
Wed 21 Sep '16,7.5,7.7,7.4,7.4,−0.2 (−2.63%),6.6 K
Tue 20 Sep '16,7.3,7.6,7.2,7.6,+0.2 (+2.70%),22.46 K
Mon 19 Sep '16,7.2,7.4,7.1,7.4,0.0 (0.00%),1.7 K
Wed 14 Sep '16,7.4,7.4,6.9,7.4,+0.1 (+1.37%),800
Tue 13 Sep '16,7.3,7.3,7.3,7.3,+0.3 (+4.29%),500
Thu 08 Sep '16,7.0,7.0,7.0,7.0,0.0 (0.00%),1.3 K
Wed 07 Sep '16,7.0,7.0,7.0,7.0,0.0 (0.00%),100
Tue 06 Sep '16,7.0,7.0,7.0,7.0,−0.2 (−2.78%),1 K
Thu 01 Sep '16,7.0,7.2,7.0,7.2,0.0 (0.00%),200
Tue 30 Aug '16,7.0,7.2,6.7,7.2,−0.3 (−4.00%),17.2 K
Fri 26 Aug '16,7.5,7.5,7.5,7.5,0.0 (0.00%),10
Thu 25 Aug '16,7.5,7.5,7.5,7.5,0.0 (0.00%),100
Tue 23 Aug '16,7.0,7.5,7.0,7.5,+0.4 (+5.63%),22.08 K
Fri 19 Aug '16,7.1,7.3,7.0,7.1,−0.1 (−1.39%),39.77 K
Thu 18 Aug '16,7.3,7.3,7.2,7.2,+0.1 (+1.41%),3.25 K
Tue 16 Aug '16,7.5,7.5,7.1,7.1,−0.6 (−7.79%),30.95 K
Mon 15 Aug '16,7.7,7.7,7.7,7.7,+0.7 (+10.00%),2.3 K
Fri 12 Aug '16,7.3,7.3,7.0,7.0,−0.4 (−5.41%),27.75 K
Wed 10 Aug '16,7.4,7.9,7.4,7.4,−0.5 (−6.33%),7.6 K
Tue 09 Aug '16,7.7,7.9,7.3,7.9,+0.5 (+6.76%),16.53 K
Mon 08 Aug '16,7.2,7.9,7.2,7.4,−0.2 (−2.63%),10.79 K
Fri 05 Aug '16,7.2,7.6,7.2,7.6,+0.4 (+5.56%),1.03 K
Thu 04 Aug '16,7.7,7.7,7.2,7.2,−0.1 (−1.37%),10.55 K
Tue 02 Aug '16,7.5,7.5,7.3,7.3,0.0 (0.00%),4.68 K
Mon 01 Aug '16,7.3,7.3,7.3,7.3,−0.5 (−6.41%),1
Fri 29 Jul '16,7.7,7.8,7.3,7.8,+0.1 (+1.30%),13.3 K
Wed 27 Jul '16,7.7,7.7,7.7,7.7,+0.5 (+6.94%),1 K
Tue 26 Jul '16,7.2,7.2,7.2,7.2,−0.2 (−2.70%),500
Thu 21 Jul '16,7.2,7.4,7.1,7.4,0.0 (0.00%),3.2 K
Wed 20 Jul '16,7.3,7.4,7.1,7.4,+0.1 (+1.37%),10.98 K
Mon 18 Jul '16,7.3,7.4,7.2,7.3,0.0 (0.00%),8.51 K
Fri 15 Jul '16,7.3,7.5,7.2,7.3,+0.1 (+1.39%),3.31 K
Wed 13 Jul '16,7.2,7.2,7.2,7.2,−0.3 (−4.00%),15
Tue 12 Jul '16,7.5,7.5,7.5,7.5,+0.8 (+11.94%),1 K
Thu 07 Jul '16,7.4,7.4,6.7,6.7,−0.1 (−1.47%),3 K
Tue 05 Jul '16,6.9,6.9,6.8,6.8,−0.1 (−1.45%),5.7 K
Mon 04 Jul '16,6.9,6.9,6.9,6.9,+0.1 (+1.47%),500
Thu 30 Jun '16,6.8,6.8,6.8,6.8,−0.2 (−2.86%),6
Wed 29 Jun '16,7.2,7.2,7.0,7.0,−0.2 (−2.78%),8.29 K
Tue 28 Jun '16,7.7,7.7,7.2,7.2,−0.4 (−5.26%),2.04 K
Mon 27 Jun '16,7.6,7.6,7.6,7.6,−0.1 (−1.30%),1
Fri 24 Jun '16,7.8,7.8,7.7,7.7,−0.3 (−3.75%),40
Thu 23 Jun '16,8.2,8.2,8.0,8.0,−0.2 (−2.44%),3
Wed 22 Jun '16,8.2,8.2,7.7,8.2,0.0 (0.00%),2.67 K
Tue 21 Jun '16,8.2,8.2,8.2,8.2,0.0 (0.00%),15
Fri 17 Jun '16,8.3,8.3,8.2,8.2,−0.1 (−1.20%),18
Wed 15 Jun '16,8.3,8.3,8.3,8.3,+0.3 (+3.75%),6
Tue 14 Jun '16,8.0,8.3,8.0,8.0,0.0 (0.00%),348
Mon 13 Jun '16,7.9,8.0,7.9,8.0,−0.3 (−3.61%),102
Fri 10 Jun '16,8.4,8.4,7.9,8.3,−0.1 (−1.19%),132
Wed 08 Jun '16,8.4,8.4,8.4,8.4,+0.1 (+1.20%),3
Tue 07 Jun '16,8.4,8.4,7.9,8.3,0.0 (0.00%),3.02 K
Mon 06 Jun '16,8.0,8.3,8.0,8.3,−0.3 (−3.49%),5.32 K
Fri 03 Jun '16,8.5,8.6,8.2,8.6,+0.2 (+2.38%),1.95 K
Wed 01 Jun '16,8.2,8.4,8.2,8.4,+0.1 (+1.20%),4.06 K
Tue 31 May '16,8.3,8.3,8.3,8.3,+0.5 (+6.41%),7
Thu 26 May '16,8.1,8.4,7.8,7.8,−0.4 (−4.88%),21.61 K
Wed 25 May '16,8.6,8.6,8.2,8.2,−0.1 (−1.20%),221
Wed 18 May '16,8.3,8.3,8.3,8.3,+0.3 (+3.75%),5.2 K
Tue 17 May '16,8.4,8.6,8.0,8.0,−0.3 (−3.61%),4.4 K
Fri 13 May '16,8.3,8.3,7.9,8.3,+0.5 (+6.41%),13.91 K
Thu 12 May '16,8.3,8.4,7.8,7.8,−0.4 (−4.88%),4.2 K
Wed 11 May '16,8.3,8.3,7.6,8.2,0.0 (0.00%),12.96 K
Tue 10 May '16,7.8,8.2,7.7,8.2,−0.1 (−1.20%),2.12 K
Mon 09 May '16,7.9,8.3,7.9,8.3,+0.4 (+5.06%),402
Fri 06 May '16,8.0,8.2,7.9,7.9,−0.4 (−4.82%),1.07 K
Wed 04 May '16,7.8,8.3,7.8,8.3,0.0 (0.00%),2.74 K
Mon 02 May '16,7.8,8.3,7.8,8.3,−0.1 (−1.19%),225
Fri 29 Apr '16,8.1,8.5,7.2,8.4,+0.3 (+3.70%),40.59 K
Wed 27 Apr '16,7.6,8.1,7.6,8.1,+0.1 (+1.25%),21.61 K
Tue 26 Apr '16,7.0,8.0,7.0,8.0,0.0 (0.00%),12.79 K
Mon 25 Apr '16,7.8,8.0,7.7,8.0,−0.2 (−2.44%),12.3 K
Fri 22 Apr '16,8.0,8.4,7.8,8.2,+0.2 (+2.50%),46.56 K
Wed 20 Apr '16,8.0,8.1,8.0,8.0,−0.6 (−6.98%),50.65 K
Tue 19 Apr '16,8.8,8.8,8.5,8.6,0.0 (0.00%),3.49 K
Mon 18 Apr '16,7.9,8.6,7.9,8.6,−0.2 (−2.27%),1.12 K
Thu 14 Apr '16,8.5,8.8,7.9,8.8,+0.6 (+7.32%),14.91 K
Tue 12 Apr '16,8.4,8.4,8.2,8.2,−0.2 (−2.38%),8.55 K
Mon 11 Apr '16,8.0,8.5,7.5,8.4,+0.4 (+5.00%),1.5 K
Thu 07 Apr '16,8.0,8.2,8.0,8.0,−0.3 (−3.61%),2.8 K
Tue 05 Apr '16,8.0,8.3,8.0,8.3,0.0 (0.00%),858
Mon 04 Apr '16,8.2,8.3,8.2,8.3,+0.6 (+7.79%),200
Thu 31 Mar '16,7.6,7.7,7.6,7.7,+0.1 (+1.32%),1.47 K
Wed 30 Mar '16,7.8,7.8,7.0,7.6,0.0 (0.00%),1.55 K
Tue 29 Mar '16,7.6,7.6,7.3,7.6,0.0 (0.00%),12.41 K
Mon 28 Mar '16,7.6,7.8,7.6,7.6,−0.3 (−3.80%),1.11 K
Wed 23 Mar '16,7.8,7.9,7.8,7.9,+0.1 (+1.28%),111
Mon 21 Mar '16,7.1,7.9,7.1,7.8,−0.1 (−1.27%),1.91 K
Thu 17 Mar '16,6.8,7.9,6.8,7.9,−0.1 (−1.25%),2
Fri 11 Mar '16,8.0,8.0,8.0,8.0,+1.0 (+14.29%),120
Wed 09 Mar '16,5.8,7.0,5.8,7.0,0.0 (0.00%),202
Tue 08 Mar '16,6.5,7.0,6.5,7.0,0.0 (0.00%),1.32 K
Thu 03 Mar '16,7.2,7.2,7.0,7.0,−0.2 (−2.78%),2.75 K
Mon 29 Feb '16,7.3,7.3,7.2,7.2,−0.6 (−7.69%),3.15 K
Thu 25 Feb '16,8.0,8.0,7.1,7.8,+0.6 (+8.33%),644
Wed 24 Feb '16,8.2,8.2,7.2,7.2,−1.0 (−12.20%),5.59 K
Mon 22 Feb '16,8.5,8.6,7.5,8.2,−0.3 (−3.53%),5.37 K
Fri 19 Feb '16,7.0,8.9,7.0,8.5,+0.7 (+8.97%),62.97 K
Wed 17 Feb '16,7.4,7.8,7.4,7.8,+0.1 (+1.30%),8.35 K
Tue 16 Feb '16,7.0,7.8,6.8,7.7,+0.7 (+10.00%),12.46 K
Mon 15 Feb '16,6.9,7.3,6.7,7.0,+0.3 (+4.48%),5.13 K
Thu 11 Feb '16,6.9,7.2,6.7,6.7,−0.3 (−4.29%),12.58 K
Wed 10 Feb '16,7.0,7.0,6.9,7.0,0.0 (0.00%),562
Tue 09 Feb '16,7.2,7.4,7.0,7.0,−0.3 (−4.11%),9.01 K
Mon 08 Feb '16,7.6,7.6,7.3,7.3,−0.3 (−3.95%),5.02 K
Fri 05 Feb '16,7.5,7.7,7.4,7.6,−0.1 (−1.30%),6.22 K
Tue 02 Feb '16,7.1,7.7,7.0,7.7,+0.1 (+1.32%),11.8 K
Mon 01 Feb '16,7.2,7.6,7.1,7.6,−0.3 (−3.80%),32.1 K
Thu 28 Jan '16,7.2,7.9,7.2,7.9,+0.8 (+11.27%),10.28 K
Wed 27 Jan '16,7.3,8.0,7.1,7.1,−0.2 (−2.74%),3.29 K
Tue 26 Jan '16,7.3,7.3,6.9,7.3,0.0 (0.00%),5.31 K
Thu 21 Jan '16,7.3,7.3,7.0,7.3,0.0 (0.00%),891
Wed 20 Jan '16,7.2,7.3,7.2,7.3,+0.1 (+1.39%),3.01 K
Tue 19 Jan '16,7.2,7.2,7.2,7.2,+0.4 (+5.88%),1
Mon 18 Jan '16,7.4,7.4,6.8,6.8,−0.6 (−8.11%),4.5 K
Tue 12 Jan '16,7.4,7.8,7.4,7.4,−0.4 (−5.13%),3.25 K
Fri 08 Jan '16,7.8,7.8,7.8,7.8,−0.1 (−1.27%),250
Tue 05 Jan '16,7.9,7.9,7.9,7.9,0.0 (0.00%),200
Thu 31 Dec '15,8.0,9.4,7.9,7.9,+0.1 (+1.28%),12.86 K
Tue 29 Dec '15,7.8,7.9,7.8,7.8,−0.2 (−2.50%),467
Mon 28 Dec '15,8.0,8.0,8.0,8.0,+0.3 (+3.90%),1
Mon 21 Dec '15,8.0,8.0,7.7,7.7,−0.3 (−3.75%),2.2 K
Thu 17 Dec '15,8.3,8.3,8.0,8.0,−0.3 (−3.61%),101
Wed 16 Dec '15,8.0,8.3,8.0,8.3,+0.6 (+7.79%),300
Mon 14 Dec '15,8.1,8.1,7.7,7.7,−0.4 (−4.94%),4 K
Wed 09 Dec '15,8.1,8.1,8.1,8.1,0.0 (0.00%),100
Tue 08 Dec '15,8.1,8.4,8.1,8.1,−0.1 (−1.22%),75
Mon 07 Dec '15,8.2,8.2,8.1,8.2,0.0 (0.00%),7.53 K
Wed 02 Dec '15,8.2,8.2,8.2,8.2,0.0 (0.00%),10
Tue 01 Dec '15,8.1,8.4,8.1,8.2,−0.2 (−2.38%),1.9 K
Fri 27 Nov '15,8.2,8.4,8.0,8.4,+0.3 (+3.70%),23.02 K
Thu 26 Nov '15,8.2,8.5,8.1,8.1,0.0 (0.00%),4.07 K
Mon 23 Nov '15,8.5,8.5,8.1,8.1,−0.3 (−3.57%),1.01 K
Fri 20 Nov '15,8.5,8.5,8.4,8.4,+0.3 (+3.70%),11
Tue 17 Nov '15,8.2,8.2,8.1,8.1,0.0 (0.00%),10.7 K
Fri 13 Nov '15,8.3,8.3,8.0,8.1,−0.1 (−1.22%),10.31 K
Thu 12 Nov '15,8.5,8.5,8.2,8.2,−0.8 (−8.89%),32.98 K
Wed 11 Nov '15,8.6,9.0,8.6,9.0,+0.4 (+4.65%),1.01 K
Tue 03 Nov '15,8.6,8.6,8.6,8.6,0.0 (0.00%),100
Fri 30 Oct '15,8.5,8.6,8.5,8.6,+0.1 (+1.18%),1.4 K
Thu 29 Oct '15,8.6,8.7,8.5,8.5,−0.1 (−1.16%),200
Tue 27 Oct '15,8.6,8.6,8.6,8.6,+0.1 (+1.18%),3
Thu 22 Oct '15,8.9,8.9,8.5,8.5,−0.7 (−7.61%),5
Mon 19 Oct '15,8.8,9.3,8.4,9.2,+0.8 (+9.52%),62.82 K
Fri 16 Oct '15,8.5,8.5,8.4,8.4,−0.1 (−1.18%),7.31 K
Thu 15 Oct '15,8.5,8.5,8.5,8.5,0.0 (0.00%),10.27 K
Wed 14 Oct '15,8.3,8.5,8.2,8.5,−0.2 (−2.30%),3.44 K
Mon 12 Oct '15,8.9,8.9,8.7,8.7,−0.2 (−2.25%),6.66 K
Fri 09 Oct '15,8.8,8.9,8.8,8.9,+0.1 (+1.14%),820
Wed 07 Oct '15,8.8,8.8,8.8,8.8,−0.7 (−7.37%),283
Tue 06 Oct '15,9.0,9.5,9.0,9.5,+0.7 (+7.95%),5 K
Mon 05 Oct '15,9.1,9.1,8.8,8.8,−0.2 (−2.22%),1.21 K
Fri 02 Oct '15,8.9,9.0,8.9,9.0,+0.2 (+2.27%),5.89 K
Wed 30 Sep '15,8.9,8.9,8.8,8.8,0.0 (0.00%),1.22 K
Tue 29 Sep '15,9.0,9.0,8.8,8.8,0.0 (0.00%),754
Mon 28 Sep '15,8.7,10.5,8.7,8.8,+0.2 (+2.33%),15.51 K
Fri 25 Sep '15,8.6,8.7,8.6,8.6,0.0 (0.00%),14.81 K
Wed 23 Sep '15,8.6,8.8,8.6,8.6,0.0 (0.00%),6.6 K
Tue 22 Sep '15,8.7,8.7,8.6,8.6,0.0 (0.00%),2 K
Mon 21 Sep '15,8.3,8.6,8.0,8.6,+0.2 (+2.38%),7.97 K
Fri 18 Sep '15,8.7,8.7,8.3,8.4,−0.4 (−4.55%),87.31 K
Thu 17 Sep '15,9.0,9.2,8.8,8.8,−0.4 (−4.35%),9.02 K
Wed 16 Sep '15,9.1,9.3,8.8,9.2,+0.1 (+1.10%),19.1 K
Tue 15 Sep '15,9.1,9.1,9.1,9.1,+0.1 (+1.11%),100
Fri 11 Sep '15,9.4,9.5,9.0,9.0,−0.5 (−5.26%),40.22 K
Wed 09 Sep '15,9.6,9.9,9.5,9.5,+0.3 (+3.26%),5.35 K
Mon 07 Sep '15,9.5,9.5,9.2,9.2,−0.3 (−3.16%),10.85 K
Thu 03 Sep '15,9.5,9.5,9.5,9.5,0.0 (0.00%),810
Wed 02 Sep '15,9.5,9.6,9.5,9.5,0.0 (0.00%),5.2 K
Mon 31 Aug '15,9.7,9.7,9.5,9.5,−0.2 (−2.06%),500
Fri 28 Aug '15,9.6,10.1,9.5,9.7,+0.2 (+2.11%),13.15 K
Thu 27 Aug '15,9.5,9.5,9.5,9.5,−0.1 (−1.04%),2.05 K
Wed 26 Aug '15,9.7,9.7,9.6,9.6,+0.1 (+1.05%),3 K
Tue 25 Aug '15,9.6,9.6,9.5,9.5,−0.2 (−2.06%),6.52 K
Mon 24 Aug '15,10.0,10.0,9.7,9.7,−0.3 (−3.00%),2.51 K
Fri 21 Aug '15,10.0,10.0,9.8,10.0,+0.4 (+4.17%),1.9 K
Thu 20 Aug '15,9.9,10.2,9.6,9.6,−0.4 (−4.00%),54.14 K
Wed 19 Aug '15,9.9,10.1,9.9,10.0,−0.1 (−0.99%),15.8 K
Mon 17 Aug '15,10.0,10.3,9.9,10.1,+0.4 (+4.12%),26.78 K
Fri 14 Aug '15,9.8,10.1,9.4,9.7,−0.2 (−2.02%),45.96 K
Thu 13 Aug '15,10.1,10.1,9.8,9.9,−0.1 (−1.00%),371
Wed 12 Aug '15,9.8,10.0,9.7,10.0,+0.2 (+2.04%),26.78 K
Tue 11 Aug '15,10.0,10.0,9.8,9.8,−0.1 (−1.01%),2.91 K
Mon 10 Aug '15,10.0,10.0,9.9,9.9,+0.2 (+2.06%),260
Fri 07 Aug '15,9.7,9.7,9.7,9.7,−0.1 (−1.02%),2 K
Thu 06 Aug '15,9.8,9.8,9.7,9.8,0.0 (0.00%),4.83 K
Wed 05 Aug '15,10.0,10.0,9.8,9.8,−0.2 (−2.00%),21.78 K
Tue 04 Aug '15,10.5,10.5,10.0,10.0,−1.3 (−11.50%),31.87 K
Mon 03 Aug '15,11.2,11.5,11.0,11.3,+0.3 (+2.73%),43.21 K
Thu 30 Jul '15,11.1,11.1,11.0,11.0,−0.5 (−4.35%),4.36 K
Wed 29 Jul '15,11.0,11.6,11.0,11.5,+0.6 (+5.50%),13.83 K
Tue 28 Jul '15,10.8,11.6,10.7,10.9,+0.1 (+0.93%),14.15 K
Mon 27 Jul '15,10.6,10.8,10.6,10.8,−0.1 (−0.92%),12.29 K
Fri 24 Jul '15,10.5,10.9,10.5,10.9,+0.3 (+2.83%),5.6 K
Wed 22 Jul '15,10.5,10.6,10.5,10.6,0.0 (0.00%),5.17 K
Mon 20 Jul '15,10.7,10.7,10.6,10.6,+0.1 (+0.95%),468
Fri 17 Jul '15,10.5,10.6,10.5,10.5,−0.1 (−0.94%),3.13 K
Thu 16 Jul '15,10.2,10.7,10.2,10.6,+0.1 (+0.95%),4.5 K
Wed 15 Jul '15,10.1,10.5,10.1,10.5,+0.2 (+1.94%),1.56 K
Tue 14 Jul '15,10.1,10.3,10.1,10.3,+0.1 (+0.98%),2.35 K
Mon 13 Jul '15,9.8,10.3,9.8,10.2,+0.4 (+4.08%),4.37 K
Thu 09 Jul '15,9.8,9.8,9.8,9.8,+0.1 (+1.03%),2
Wed 08 Jul '15,9.7,9.7,9.7,9.7,0.0 (0.00%),3
Tue 07 Jul '15,9.9,9.9,9.7,9.7,−0.3 (−3.00%),6.66 K
Mon 06 Jul '15,10.5,10.5,9.8,10.0,−0.5 (−4.76%),5.06 K
Fri 03 Jul '15,10.0,10.5,10.0,10.5,+0.4 (+3.96%),6.1 K
Thu 02 Jul '15,10.1,10.3,10.1,10.1,−0.1 (−0.98%),13
Tue 30 Jun '15,10.3,10.3,10.0,10.2,−0.4 (−3.77%),21.51 K
Fri 26 Jun '15,10.4,10.6,10.2,10.6,0.0 (0.00%),2.72 K
Thu 25 Jun '15,10.1,10.6,10.1,10.6,+0.3 (+2.91%),6.54 K
Wed 24 Jun '15,10.6,10.6,10.2,10.3,−0.1 (−0.96%),3.2 K
Tue 23 Jun '15,10.7,10.7,10.4,10.4,−0.1 (−0.95%),5.61 K
Mon 22 Jun '15,10.5,10.5,10.5,10.5,0.0 (0.00%),500
Fri 19 Jun '15,10.6,10.6,10.5,10.5,0.0 (0.00%),665
Thu 18 Jun '15,10.4,10.5,10.0,10.5,+0.1 (+0.96%),3.24 K
Wed 17 Jun '15,10.5,10.5,10.4,10.4,−0.4 (−3.70%),499
Mon 15 Jun '15,10.8,10.8,10.8,10.8,+0.2 (+1.89%),2
Fri 12 Jun '15,10.5,10.6,10.0,10.6,+0.1 (+0.95%),4.6 K
Thu 11 Jun '15,10.5,10.5,10.0,10.5,+0.1 (+0.96%),6.51 K
Wed 10 Jun '15,10.4,10.4,10.1,10.4,−0.4 (−3.70%),1.09 K
Tue 09 Jun '15,10.5,10.8,10.5,10.8,0.0 (0.00%),62
Mon 08 Jun '15,10.8,10.9,10.6,10.8,+0.1 (+0.93%),540
Fri 05 Jun '15,10.6,10.7,10.6,10.7,+0.2 (+1.90%),2.24 K
Thu 04 Jun '15,10.5,10.5,10.4,10.5,−0.2 (−1.87%),2.4 K
Wed 03 Jun '15,10.7,10.7,10.5,10.7,−0.1 (−0.93%),1.73 K
Mon 01 Jun '15,10.8,10.8,10.5,10.8,0.0 (0.00%),205
Fri 29 May '15,10.6,10.9,10.6,10.8,+0.1 (+0.93%),800
Wed 27 May '15,10.5,10.7,10.4,10.7,+0.2 (+1.90%),14.59 K
Tue 26 May '15,10.2,10.5,10.2,10.5,+0.2 (+1.94%),7.75 K
Mon 25 May '15,10.1,10.4,10.0,10.3,+0.3 (+3.00%),8.04 K
Fri 22 May '15,10.0,10.0,9.8,10.0,0.0 (0.00%),12.62 K
Thu 21 May '15,9.8,10.1,9.8,10.0,+0.2 (+2.04%),12.89 K
Wed 20 May '15,9.9,10.0,9.7,9.8,−0.1 (−1.01%),24.64 K
Tue 19 May '15,10.8,10.8,9.7,9.9,−0.9 (−8.33%),69.18 K
Mon 18 May '15,11.2,11.4,10.7,10.8,−0.4 (−3.57%),26.11 K
Fri 15 May '15,11.9,11.9,11.2,11.2,+0.1 (+0.90%),4.12 K
Thu 14 May '15,11.1,11.1,11.1,11.1,+0.3 (+2.78%),200
Wed 13 May '15,12.0,12.0,10.8,10.8,−0.9 (−7.69%),27.09 K
Tue 12 May '15,11.9,12.0,11.7,11.7,−0.3 (−2.50%),77.72 K
Mon 11 May '15,12.0,12.0,11.9,12.0,0.0 (0.00%),400
Thu 07 May '15,11.8,12.2,11.7,12.0,+0.2 (+1.69%),3.69 K
Wed 06 May '15,12.2,12.2,11.7,11.8,−0.2 (−1.67%),17.98 K
Tue 05 May '15,11.8,12.0,11.8,12.0,+0.3 (+2.56%),2.6 K
Thu 30 Apr '15,11.7,12.2,11.7,11.7,−0.2 (−1.68%),70.66 K
Wed 29 Apr '15,11.8,11.9,11.7,11.9,+0.1 (+0.85%),5.69 K
Tue 28 Apr '15,12.3,12.5,11.8,11.8,−0.7 (−5.60%),94.55 K
Mon 27 Apr '15,12.3,12.5,12.3,12.5,0.0 (0.00%),10.46 K
Fri 24 Apr '15,13.0,13.0,12.3,12.5,−0.4 (−3.10%),8.11 K
Thu 23 Apr '15,12.7,12.9,12.7,12.9,0.0 (0.00%),2 K
Wed 22 Apr '15,12.9,12.9,12.9,12.9,−0.1 (−0.77%),1
Mon 20 Apr '15,13.8,14.0,12.9,13.0,−0.8 (−5.80%),56.26 K
Fri 17 Apr '15,13.0,13.8,13.0,13.8,0.0 (0.00%),5
Thu 16 Apr '15,12.8,13.9,12.8,13.8,+0.9 (+6.98%),1.74 K
Tue 14 Apr '15,12.5,12.9,12.5,12.9,+0.2 (+1.57%),80.5 K
Fri 10 Apr '15,12.7,12.7,12.7,12.7,−0.1 (−0.78%),300
Thu 09 Apr '15,12.1,12.8,12.0,12.8,+0.6 (+4.92%),4.32 K
Wed 08 Apr '15,12.1,12.2,12.1,12.2,−0.6 (−4.69%),6 K
Thu 02 Apr '15,12.9,13.5,12.1,12.8,0.0 (0.00%),65.58 K
Wed 01 Apr '15,12.4,12.8,11.0,12.8,+1.4 (+12.28%),43.19 K
Tue 31 Mar '15,11.9,11.9,10.0,11.4,−1.1 (−8.80%),203.39 K
Mon 30 Mar '15,13.0,13.0,11.9,12.5,−0.5 (−3.85%),1.95 K
Fri 27 Mar '15,12.6,13.0,12.0,13.0,0.0 (0.00%),3.21 K
Thu 26 Mar '15,13.0,13.0,13.0,13.0,0.0 (0.00%),2
Tue 24 Mar '15,12.3,13.0,12.3,13.0,−0.3 (−2.26%),153
Fri 20 Mar '15,12.5,13.4,12.5,13.3,+0.6 (+4.72%),1.18 K
Thu 19 Mar '15,12.7,13.5,12.7,12.7,−0.8 (−5.93%),900
Tue 17 Mar '15,13.5,13.5,13.5,13.5,−0.1 (−0.74%),50
Mon 16 Mar '15,12.8,13.8,12.7,13.6,+0.6 (+4.62%),933
Fri 13 Mar '15,13.5,13.8,13.0,13.0,−0.5 (−3.70%),2.04 K
Thu 12 Mar '15,12.8,13.7,12.8,13.5,+1.4 (+11.57%),68.05 K
Wed 11 Mar '15,11.7,12.1,11.7,12.1,−0.4 (−3.20%),8.35 K
Tue 10 Mar '15,12.5,12.5,12.5,12.5,−0.6 (−4.58%),3.55 K
Fri 06 Mar '15,13.8,13.8,13.1,13.1,−0.2 (−1.50%),1.7 K
Tue 03 Mar '15,13.3,13.3,13.3,13.3,−0.4 (−2.92%),1 K
Thu 26 Feb '15,13.7,13.8,13.7,13.7,+0.1 (+0.74%),11.9 K
Wed 25 Feb '15,13.5,13.6,13.4,13.6,−0.2 (−1.45%),16.7 K
Tue 24 Feb '15,13.1,13.9,13.1,13.8,+0.5 (+3.76%),4.73 K
Mon 23 Feb '15,13.5,13.7,13.0,13.3,−0.7 (−5.00%),70.3 K
Fri 20 Feb '15,14.0,14.0,13.7,14.0,0.0 (0.00%),2.5 K
Thu 19 Feb '15,14.3,14.5,14.0,14.0,−0.4 (−2.78%),16.28 K
Wed 18 Feb '15,14.4,15.0,14.4,14.4,0.0 (0.00%),3.33 K
Fri 13 Feb '15,14.4,14.4,14.4,14.4,−0.3 (−2.04%),100
Wed 11 Feb '15,15.0,15.0,14.7,14.7,−0.1 (−0.68%),470
Tue 10 Feb '15,14.1,14.8,14.0,14.8,+0.3 (+2.07%),4.21 K
Mon 09 Feb '15,14.1,14.5,14.1,14.5,−0.9 (−5.84%),3.63 K
Fri 06 Feb '15,14.5,15.4,14.5,15.4,+0.6 (+4.05%),75.4 K
Thu 05 Feb '15,14.0,14.8,14.0,14.8,−0.4 (−2.63%),400
Mon 02 Feb '15,14.1,15.2,14.0,15.2,+1.2 (+8.57%),984
Fri 30 Jan '15,15.0,15.0,14.0,14.0,−1.6 (−10.26%),4.3 K
Wed 28 Jan '15,15.0,15.6,15.0,15.6,−0.1 (−0.64%),3.8 K
Tue 27 Jan '15,15.0,15.7,15.0,15.7,+0.7 (+4.67%),401
Mon 26 Jan '15,15.4,15.4,15.0,15.0,−0.9 (−5.66%),3
Thu 22 Jan '15,15.5,15.9,15.5,15.9,+0.8 (+5.30%),600
Wed 21 Jan '15,15.1,16.0,14.7,15.1,−0.1 (−0.66%),4.66 K
Tue 20 Jan '15,15.2,15.2,15.2,15.2,0.0 (0.00%),1
Mon 19 Jan '15,15.2,16.2,14.7,15.2,−1.1 (−6.75%),5.55 K
Fri 16 Jan '15,16.3,16.4,16.3,16.3,+0.2 (+1.24%),1.4 K
Tue 13 Jan '15,16.1,16.4,15.3,16.1,+0.1 (+0.63%),1.69 K
Mon 12 Jan '15,16.0,16.7,16.0,16.0,−0.4 (−2.44%),1.32 K
Fri 09 Jan '15,16.4,16.5,16.0,16.4,+0.2 (+1.23%),1.32 K
Thu 08 Jan '15,16.2,16.2,15.3,16.2,+0.5 (+3.18%),201
Wed 07 Jan '15,15.7,16.5,15.5,15.7,−0.4 (−2.48%),4.9 K
Tue 06 Jan '15,16.1,16.5,15.0,16.1,+1.3 (+8.78%),35.75 K
Fri 02 Jan '15,14.8,15.5,14.2,14.8,+0.7 (+4.96%),8.4 K
Wed 31 Dec '14,14.1,14.5,14.0,14.1,0.0 (0.00%),2.85 K
Tue 30 Dec '14,14.1,14.5,14.0,14.1,0.0 (0.00%),151
Mon 29 Dec '14,14.1,14.2,14.0,14.1,−0.4 (−2.76%),1.4 K
Fri 26 Dec '14,14.5,14.5,14.2,14.5,+0.1 (+0.69%),60
Wed 24 Dec '14,14.4,14.4,14.1,14.4,+0.3 (+2.13%),181
Tue 23 Dec '14,14.1,14.1,14.1,14.1,+0.1 (+0.71%),1.84 K
Mon 22 Dec '14,14.0,14.5,13.5,14.0,0.0 (0.00%),2.1 K
Fri 19 Dec '14,14.0,14.5,14.0,14.0,−0.5 (−3.45%),8.18 K
Thu 18 Dec '14,14.5,14.5,14.1,14.5,+0.4 (+2.84%),6
Wed 17 Dec '14,14.1,14.6,14.1,14.1,0.0 (0.00%),4.6 K
Tue 16 Dec '14,14.1,14.1,14.1,14.1,0.0 (0.00%),100
Mon 15 Dec '14,14.1,14.2,14.1,14.1,+0.1 (+0.71%),782
Fri 12 Dec '14,14.0,14.3,13.9,14.0,−0.4 (−2.78%),7.32 K
Thu 11 Dec '14,14.4,14.5,14.2,14.4,−0.1 (−0.69%),1.28 K
Wed 10 Dec '14,14.5,14.5,14.5,14.5,+0.3 (+2.11%),1 K
Tue 09 Dec '14,14.2,14.3,14.2,14.2,0.0 (0.00%),200
Mon 08 Dec '14,14.2,14.5,14.1,14.2,−0.2 (−1.39%),819
Fri 05 Dec '14,14.4,14.4,14.4,14.4,−0.1 (−0.69%),15
Thu 04 Dec '14,14.5,14.5,14.5,14.5,−0.1 (−0.68%),16
Wed 03 Dec '14,14.6,14.9,13.9,14.6,+0.1 (+0.69%),1.92 K
Tue 02 Dec '14,14.5,15.0,13.5,14.5,−0.4 (−2.68%),2.23 K
Mon 01 Dec '14,14.9,15.0,13.5,14.9,+0.2 (+1.36%),1.55 K
Fri 28 Nov '14,14.7,15.0,13.0,14.7,+0.7 (+5.00%),85.6 K
Thu 27 Nov '14,14.0,14.0,12.5,14.0,−0.8 (−5.41%),34.9 K
Wed 26 Nov '14,14.8,15.0,13.4,14.8,0.0 (0.00%),2.3 K
Tue 25 Nov '14,14.8,15.0,13.6,14.8,−0.1 (−0.67%),6.19 K
Mon 24 Nov '14,14.9,15.0,14.0,14.9,0.0 (0.00%),18.98 K
Fri 21 Nov '14,14.9,15.0,14.6,14.9,−0.5 (−3.25%),36.46 K
Thu 20 Nov '14,15.4,15.5,15.0,15.4,+0.3 (+1.99%),24.12 K
Wed 19 Nov '14,15.1,15.5,14.5,15.1,+0.4 (+2.72%),10.1 K
Tue 18 Nov '14,14.7,15.7,14.7,14.7,−1.1 (−6.96%),24.51 K
Mon 17 Nov '14,15.8,16.0,15.0,15.8,+0.3 (+1.94%),472
Fri 14 Nov '14,15.5,16.2,15.5,15.5,0.0 (0.00%),4.5 K
Thu 13 Nov '14,15.5,16.5,15.5,15.5,−0.8 (−4.91%),12.41 K
Wed 12 Nov '14,16.3,16.4,15.8,16.3,+0.7 (+4.49%),4.31 K
Tue 11 Nov '14,15.6,16.2,15.4,15.6,−0.1 (−0.64%),7.28 K
Mon 10 Nov '14,15.7,16.4,15.6,15.7,−0.8 (−4.85%),80.9 K
Fri 07 Nov '14,16.5,16.8,16.2,16.5,−0.1 (−0.60%),12.32 K
Wed 05 Nov '14,16.6,16.7,16.2,16.6,−0.3 (−1.78%),8 K
Tue 04 Nov '14,16.9,17.0,16.3,16.9,−0.5 (−2.87%),91.87 K
Mon 03 Nov '14,17.4,17.8,17.4,17.4,−0.2 (−1.14%),19.13 K
Fri 31 Oct '14,17.6,17.9,17.3,17.6,0.0 (0.00%),72.69 K
Thu 30 Oct '14,17.6,17.9,17.5,17.6,+0.1 (+0.57%),10.46 K
Wed 29 Oct '14,17.5,17.9,17.3,17.5,0.0 (0.00%),44.17 K
Tue 28 Oct '14,17.5,18.3,17.5,17.5,−0.4 (−2.23%),54.07 K
Mon 27 Oct '14,17.9,18.5,17.8,17.9,−0.1 (−0.56%),143.85 K
Fri 24 Oct '14,18.0,18.4,17.7,18.0,+0.2 (+1.12%),55.6 K
Thu 23 Oct '14,17.8,18.5,17.7,17.8,−0.2 (−1.11%),81.93 K
Tue 21 Oct '14,18.0,19.0,17.2,18.0,+1.2 (+7.14%),604.32 K
Mon 20 Oct '14,16.8,17.2,15.3,16.8,+1.3 (+8.39%),343.04 K
Fri 17 Oct '14,15.5,16.5,14.8,15.5,+0.3 (+1.97%),73.42 K
Thu 16 Oct '14,15.2,15.3,15.1,15.2,−0.5 (−3.18%),10.3 K
Wed 15 Oct '14,15.7,15.8,15.2,15.7,+0.7 (+4.67%),16.98 K
Tue 14 Oct '14,15.0,15.0,14.8,15.0,+0.4 (+2.74%),11.9 K
Mon 13 Oct '14,14.6,15.3,14.6,14.6,−0.4 (−2.67%),14.88 K
Fri 10 Oct '14,15.0,15.3,14.4,15.0,+0.5 (+3.45%),1.61 K
Thu 09 Oct '14,14.5,15.5,14.3,14.5,−0.8 (−5.23%),13.24 K
Tue 07 Oct '14,15.3,15.4,15.3,15.3,−0.2 (−1.29%),23.67 K
Fri 03 Oct '14,15.5,15.6,15.4,15.5,+0.3 (+1.97%),11.37 K
Thu 02 Oct '14,15.2,15.7,15.0,15.2,+0.4 (+2.70%),51.85 K
Wed 01 Oct '14,14.8,15.2,13.9,14.8,+0.2 (+1.37%),16.94 K
Tue 30 Sep '14,14.6,14.7,13.8,14.6,+0.7 (+5.04%),3.77 K
Mon 29 Sep '14,13.9,14.9,12.8,13.9,−0.7 (−4.79%),9.52 K
Fri 26 Sep '14,14.6,15.0,14.5,14.6,+0.2 (+1.39%),13.03 K
Thu 25 Sep '14,14.4,15.0,14.4,14.4,−0.2 (−1.37%),24.09 K
Wed 24 Sep '14,14.6,15.4,14.6,14.6,−0.2 (−1.35%),3.3 K
Tue 23 Sep '14,14.8,15.4,14.6,14.8,+0.1 (+0.68%),4.66 K
Mon 22 Sep '14,14.7,15.4,14.7,14.7,−0.2 (−1.34%),16.35 K
Fri 19 Sep '14,14.9,15.5,14.9,14.9,−0.1 (−0.67%),2.79 K
Thu 18 Sep '14,15.0,15.5,15.0,15.0,+0.2 (+1.35%),9.85 K
Wed 17 Sep '14,14.8,15.5,14.8,14.8,−0.3 (−1.99%),5.4 K
Tue 16 Sep '14,15.1,15.6,15.1,15.1,−0.3 (−1.95%),13.59 K
Mon 15 Sep '14,15.4,15.6,15.0,15.4,+0.1 (+0.65%),7.32 K
Fri 12 Sep '14,15.3,15.8,14.7,15.3,−0.2 (−1.29%),30.49 K
Thu 11 Sep '14,15.5,15.5,14.9,15.5,+0.3 (+1.97%),23.8 K
Wed 10 Sep '14,15.2,15.3,15.0,15.2,−0.2 (−1.30%),323
Tue 09 Sep '14,15.4,15.5,14.7,15.4,+0.5 (+3.36%),17.03 K
Fri 05 Sep '14,14.9,15.5,14.9,14.9,−0.1 (−0.67%),21.56 K
Thu 04 Sep '14,15.0,15.7,14.1,15.0,−1.0 (−6.25%),28.62 K
Wed 03 Sep '14,16.0,16.0,15.7,16.0,0.0 (0.00%),4.52 K
Tue 02 Sep '14,16.0,16.1,15.5,16.0,+0.3 (+1.91%),24.49 K
Mon 01 Sep '14,15.7,16.0,15.5,15.7,−0.1 (−0.63%),4.44 K
Fri 29 Aug '14,15.8,16.1,15.6,15.8,−0.1 (−0.63%),20.79 K
Thu 28 Aug '14,15.9,16.1,15.5,15.9,−0.3 (−1.85%),12.19 K
Wed 27 Aug '14,16.2,16.7,16.0,16.2,−0.3 (−1.82%),45.99 K
Tue 26 Aug '14,16.5,16.9,16.2,16.5,+0.5 (+3.13%),147.93 K
Mon 25 Aug '14,16.0,16.3,15.5,16.0,+0.7 (+4.58%),177.13 K
Fri 22 Aug '14,15.3,16.0,14.5,15.3,+1.0 (+6.99%),216.59 K
Thu 21 Aug '14,14.3,14.6,13.9,14.3,+0.6 (+4.38%),138.62 K
Wed 20 Aug '14,13.7,14.0,13.4,13.7,+0.1 (+0.74%),57.02 K
Tue 19 Aug '14,13.6,13.6,13.5,13.6,−0.3 (−2.16%),1.88 K
Mon 18 Aug '14,13.9,13.9,13.5,13.9,+0.1 (+0.72%),19.99 K
Fri 15 Aug '14,13.8,14.2,13.6,13.8,+0.2 (+1.47%),45.04 K
Thu 14 Aug '14,13.6,14.3,13.6,13.6,−0.5 (−3.55%),207.91 K
Wed 13 Aug '14,14.1,14.4,13.3,14.1,+0.9 (+6.82%),331.76 K
Tue 12 Aug '14,13.2,13.3,12.6,13.2,+0.6 (+4.76%),235.75 K
Mon 11 Aug '14,12.6,12.9,12.1,12.6,+0.9 (+7.69%),331.4 K
Fri 08 Aug '14,11.7,12.0,11.6,11.7,−0.3 (−2.50%),70.12 K
Thu 07 Aug '14,12.0,12.0,11.8,12.0,+0.1 (+0.84%),6.18 K
Wed 06 Aug '14,11.9,12.0,11.6,11.9,+0.1 (+0.85%),14.25 K
Tue 05 Aug '14,11.8,11.9,11.8,11.8,−0.1 (−0.84%),5.35 K
Mon 04 Aug '14,11.9,12.0,11.8,11.9,+0.1 (+0.85%),6.84 K
Fri 01 Aug '14,11.8,12.0,11.7,11.8,+0.2 (+1.72%),2.14 K
Thu 31 Jul '14,11.6,12.3,11.5,11.6,−0.4 (−3.33%),59.13 K
Wed 30 Jul '14,12.0,12.2,12.0,12.0,+0.2 (+1.69%),2 K
Mon 28 Jul '14,11.8,12.2,11.7,11.8,−0.2 (−1.67%),3.16 K
Fri 25 Jul '14,12.0,12.4,11.9,12.0,−0.2 (−1.64%),3.49 K
Thu 24 Jul '14,12.2,12.5,12.0,12.2,+0.4 (+3.39%),98.55 K
Wed 23 Jul '14,11.8,11.9,11.5,11.8,+0.1 (+0.85%),3.16 K
Tue 22 Jul '14,11.7,11.9,11.4,11.7,+0.3 (+2.63%),8.82 K
Mon 21 Jul '14,11.4,11.9,11.2,11.4,−0.1 (−0.87%),11.23 K
Fri 18 Jul '14,11.5,11.6,11.5,11.5,−0.1 (−0.86%),9.38 K
Thu 17 Jul '14,11.6,11.7,11.6,11.6,0.0 (0.00%),2.65 K
Wed 16 Jul '14,11.6,11.6,11.6,11.6,0.0 (0.00%),200
Tue 15 Jul '14,11.6,11.6,11.6,11.6,0.0 (0.00%),1 K
Mon 14 Jul '14,11.6,11.6,11.6,11.6,−0.1 (−0.85%),1
Fri 11 Jul '14,11.7,12.3,11.5,11.7,+0.1 (+0.86%),23.26 K
Thu 10 Jul '14,11.6,12.3,11.6,11.6,−0.5 (−4.13%),55.26 K
Wed 09 Jul '14,12.1,12.3,11.5,12.1,+0.4 (+3.42%),127.85 K
Tue 08 Jul '14,11.7,11.7,11.6,11.7,+0.2 (+1.74%),4.34 K
Mon 07 Jul '14,11.5,11.6,11.5,11.5,+0.1 (+0.88%),1.97 K
Fri 04 Jul '14,11.4,11.7,11.4,11.4,−0.3 (−2.56%),11.1 K
Thu 03 Jul '14,11.7,11.7,11.7,11.7,+0.2 (+1.74%),5.06 K
Wed 02 Jul '14,11.5,11.8,11.2,11.5,0.0 (0.00%),15.74 K
Tue 01 Jul '14,11.5,11.5,11.2,11.5,0.0 (0.00%),2.5 K
Mon 30 Jun '14,11.5,11.5,11.1,11.5,−0.1 (−0.86%),21.61 K
Fri 27 Jun '14,11.6,12.0,11.5,11.6,−0.3 (−2.52%),11.11 K
Thu 26 Jun '14,11.9,12.0,11.7,11.9,0.0 (0.00%),9.66 K
Wed 25 Jun '14,11.9,12.1,11.5,11.9,−0.1 (−0.83%),19.11 K
Tue 24 Jun '14,12.0,12.0,11.5,12.0,0.0 (0.00%),176
Mon 23 Jun '14,12.0,12.0,11.4,12.0,0.0 (0.00%),5.12 K
Fri 20 Jun '14,12.0,12.0,11.7,12.0,0.0 (0.00%),263
Thu 19 Jun '14,12.0,12.0,12.0,12.0,+0.1 (+0.84%),207
Wed 18 Jun '14,11.9,12.4,11.9,11.9,−0.2 (−1.65%),572
Tue 17 Jun '14,12.1,12.4,12.0,12.1,0.0 (0.00%),1.73 K
Mon 16 Jun '14,12.1,12.5,12.0,12.1,−0.2 (−1.63%),14.06 K
Fri 13 Jun '14,12.3,12.5,11.7,12.3,+0.4 (+3.36%),237.53 K
Wed 11 Jun '14,11.9,11.9,11.7,11.9,0.0 (0.00%),46
Tue 10 Jun '14,11.9,12.0,11.7,11.9,+0.2 (+1.71%),3.12 K
Mon 09 Jun '14,11.7,11.8,11.5,11.7,+0.2 (+1.74%),8.98 K
Fri 06 Jun '14,11.5,11.6,11.3,11.5,−0.1 (−0.86%),717
Thu 05 Jun '14,11.6,11.8,11.1,11.6,−0.2 (−1.69%),2.76 K
Wed 04 Jun '14,11.8,11.9,11.4,11.8,+0.5 (+4.42%),5.39 K
Tue 03 Jun '14,11.3,11.3,11.0,11.3,+0.1 (+0.89%),1.96 K
Mon 02 Jun '14,11.2,11.3,11.0,11.2,−0.1 (−0.88%),9.53 K
Fri 30 May '14,11.3,11.6,11.3,11.3,+0.2 (+1.80%),392
Thu 29 May '14,11.1,11.1,11.0,11.1,+0.1 (+0.91%),6.31 K
Wed 28 May '14,11.0,11.1,11.0,11.0,−0.1 (−0.90%),10.55 K
Tue 27 May '14,11.1,11.7,11.1,11.1,−0.6 (−5.13%),5.53 K
Mon 26 May '14,11.7,11.7,11.5,11.7,−0.1 (−0.85%),2.15 K
Fri 23 May '14,11.8,12.0,11.8,11.8,+0.3 (+2.61%),136
Thu 22 May '14,11.5,12.0,11.4,11.5,−0.1 (−0.86%),1.2 K
Wed 21 May '14,11.6,12.2,11.5,11.6,−0.4 (−3.33%),7.3 K
Tue 20 May '14,12.0,12.2,11.8,12.0,+0.1 (+0.84%),7.64 K
Mon 19 May '14,11.9,11.9,11.8,11.9,+0.1 (+0.85%),3 K
Fri 16 May '14,11.8,12.0,11.7,11.8,−0.2 (−1.67%),706
Tue 13 May '14,12.0,12.0,12.0,12.0,+0.2 (+1.69%),1
Mon 12 May '14,11.8,12.0,11.8,11.8,−0.2 (−1.67%),9.01 K
Fri 09 May '14,12.0,12.3,12.0,12.0,0.0 (0.00%),1.41 K
Thu 08 May '14,12.0,12.4,12.0,12.0,+0.2 (+1.69%),27.71 K
Wed 07 May '14,11.8,12.5,11.8,11.8,−0.2 (−1.67%),11.94 K
Tue 06 May '14,12.0,12.6,11.7,12.0,−0.6 (−4.76%),130.88 K
Mon 05 May '14,12.6,13.6,12.5,12.6,−0.6 (−4.55%),112.8 K
Fri 02 May '14,13.2,13.8,13.0,13.2,+0.3 (+2.33%),248.11 K
Wed 30 Apr '14,12.9,13.5,12.6,12.9,+0.2 (+1.57%),258.38 K
Tue 29 Apr '14,12.7,12.9,12.4,12.7,+0.1 (+0.79%),26.75 K
Mon 28 Apr '14,12.6,12.6,12.5,12.6,+0.2 (+1.61%),14
Fri 25 Apr '14,12.4,12.7,12.0,12.4,−0.1 (−0.80%),1.88 K
Thu 24 Apr '14,12.5,12.6,11.9,12.5,+0.5 (+4.17%),13.78 K
Wed 23 Apr '14,12.0,12.7,12.0,12.0,−0.3 (−2.44%),5.96 K
Tue 22 Apr '14,12.3,12.5,12.2,12.3,−0.2 (−1.60%),7.05 K
Mon 21 Apr '14,12.5,13.0,12.4,12.5,0.0 (0.00%),21.32 K
Thu 17 Apr '14,12.5,12.9,11.9,12.5,+0.6 (+5.04%),177.34 K
Wed 16 Apr '14,11.9,12.0,11.6,11.9,+0.5 (+4.39%),7.21 K
Fri 11 Apr '14,11.4,12.3,10.6,11.4,+0.1 (+0.88%),211.63 K
Thu 10 Apr '14,11.3,11.6,10.2,11.3,+0.7 (+6.60%),44.39 K
Wed 09 Apr '14,10.6,10.9,10.1,10.6,+0.3 (+2.91%),35.48 K
Tue 08 Apr '14,10.3,10.7,10.2,10.3,+0.1 (+0.98%),10.31 K
Mon 07 Apr '14,10.2,10.9,10.2,10.2,−0.4 (−3.77%),5.15 K
Fri 04 Apr '14,10.6,10.7,10.0,10.6,+0.2 (+1.92%),32.3 K
Thu 03 Apr '14,10.4,10.4,10.0,10.4,−0.3 (−2.80%),5 K
Wed 02 Apr '14,10.7,10.9,10.7,10.7,+0.3 (+2.88%),428
Tue 01 Apr '14,10.4,10.5,9.9,10.4,+0.3 (+2.97%),35.9 K
Mon 31 Mar '14,10.1,10.2,9.9,10.1,−0.2 (−1.94%),5.76 K
Fri 28 Mar '14,10.3,10.3,10.0,10.3,+0.1 (+0.98%),1.2 K
Thu 27 Mar '14,10.2,10.3,9.8,10.2,+0.3 (+3.03%),1.5 K
Wed 26 Mar '14,9.9,10.0,9.8,9.9,−0.1 (−1.00%),1.34 K
Tue 25 Mar '14,10.0,10.3,9.8,10.0,+0.1 (+1.01%),15.82 K
Mon 24 Mar '14,9.9,10.0,9.9,9.9,−0.1 (−1.00%),4.61 K
Fri 21 Mar '14,10.0,10.3,10.0,10.0,0.0 (0.00%),4.4 K
Thu 20 Mar '14,10.0,10.4,9.9,10.0,0.0 (0.00%),6.45 K
Wed 19 Mar '14,10.0,10.5,9.9,10.0,−0.3 (−2.91%),2.1 K
Tue 18 Mar '14,10.3,10.5,10.2,10.3,+0.4 (+4.04%),26.88 K
Mon 17 Mar '14,9.9,10.3,9.9,9.9,−0.3 (−2.94%),1.7 K
Fri 14 Mar '14,10.2,10.2,10.0,10.2,+0.1 (+0.99%),14.13 K
Thu 13 Mar '14,10.1,10.5,10.1,10.1,0.0 (0.00%),1.8 K
Wed 12 Mar '14,10.1,10.1,10.1,10.1,0.0 (0.00%),1 K
Tue 11 Mar '14,10.1,10.1,10.1,10.1,−0.1 (−0.98%),285
Mon 10 Mar '14,10.2,10.5,10.0,10.2,−0.1 (−0.97%),11.76 K
Fri 07 Mar '14,10.3,10.6,10.2,10.3,−0.2 (−1.90%),3.05 K
Thu 06 Mar '14,10.5,10.6,10.2,10.5,+0.3 (+2.94%),5.26 K
Wed 05 Mar '14,10.2,10.7,10.2,10.2,−0.3 (−2.86%),529
Tue 04 Mar '14,10.5,10.5,9.6,10.5,0.0 (0.00%),32.05 K
Mon 03 Mar '14,10.5,10.8,10.2,10.5,−0.2 (−1.87%),1.56 K
Fri 28 Feb '14,10.7,10.7,10.5,10.7,+0.2 (+1.90%),2.48 K
Wed 26 Feb '14,10.5,10.5,10.4,10.5,+0.3 (+2.94%),6.2 K
Tue 25 Feb '14,10.2,10.2,10.2,10.2,0.0 (0.00%),622
Mon 24 Feb '14,10.2,10.2,10.2,10.2,+0.1 (+0.99%),250
Fri 21 Feb '14,10.1,10.8,10.1,10.1,0.0 (0.00%),4.22 K
Thu 20 Feb '14,10.1,10.8,10.0,10.1,−0.7 (−6.48%),5.53 K
Wed 19 Feb '14,10.8,11.4,10.8,10.8,−0.6 (−5.26%),3.66 K
Tue 18 Feb '14,11.4,11.4,11.4,11.4,0.0 (0.00%),10
Mon 17 Feb '14,11.4,11.5,11.1,11.4,−0.1 (−0.87%),630
Thu 13 Feb '14,11.5,11.5,10.9,11.5,+0.6 (+5.50%),2.4 K
Wed 12 Feb '14,10.9,11.5,10.9,10.9,−0.5 (−4.39%),2.01 K
Tue 11 Feb '14,11.4,11.7,11.4,11.4,+0.1 (+0.88%),2.23 K
Mon 10 Feb '14,11.3,11.7,11.3,11.3,−0.1 (−0.88%),110
Fri 07 Feb '14,11.4,11.7,11.4,11.4,−0.3 (−2.56%),7.39 K
Thu 06 Feb '14,11.7,12.3,11.6,11.7,0.0 (0.00%),654
Wed 05 Feb '14,11.7,12.0,11.6,11.7,+0.1 (+0.86%),8.63 K
Mon 03 Feb '14,11.6,12.0,11.6,11.6,−0.4 (−3.33%),220
Fri 31 Jan '14,12.0,12.5,11.5,12.0,0.0 (0.00%),5.04 K
Thu 30 Jan '14,12.0,12.2,11.4,12.0,0.0 (0.00%),334
Tue 28 Jan '14,12.0,12.4,11.5,12.0,−0.1 (−0.83%),5.72 K
Mon 27 Jan '14,12.1,12.4,12.1,12.1,−0.3 (−2.42%),35
Fri 24 Jan '14,12.4,12.4,12.1,12.4,−0.1 (−0.80%),840
Thu 23 Jan '14,12.5,12.5,12.4,12.5,+0.3 (+2.46%),3.29 K
Wed 22 Jan '14,12.2,12.4,12.0,12.2,+0.2 (+1.67%),2.45 K
Tue 21 Jan '14,12.0,12.4,11.9,12.0,0.0 (0.00%),1.33 K
Mon 20 Jan '14,12.0,12.2,12.0,12.0,−0.2 (−1.64%),1 K
Fri 17 Jan '14,12.2,12.7,12.1,12.2,−0.5 (−3.94%),12.5 K
Thu 16 Jan '14,12.7,12.8,12.1,12.7,+0.3 (+2.42%),10.5 K
Mon 13 Jan '14,12.4,12.7,12.3,12.4,−0.4 (−3.13%),2.85 K
Fri 10 Jan '14,12.8,12.8,12.8,12.8,+0.3 (+2.40%),108
Thu 09 Jan '14,12.5,13.0,12.4,12.5,−0.2 (−1.57%),2.4 K
Wed 08 Jan '14,12.7,13.3,12.3,12.7,0.0 (0.00%),93.43 K
Tue 07 Jan '14,12.7,12.9,12.0,12.7,+0.3 (+2.42%),8.87 K
Mon 06 Jan '14,12.4,13.3,12.3,12.4,0.0 (0.00%),324.55 K
Fri 03 Jan '14,12.4,12.8,11.0,12.4,+1.0 (+8.77%),157.5 K
Thu 02 Jan '14,11.4,11.5,10.7,11.4,+0.5 (+4.59%),1.76 K
Tue 31 Dec '13,10.9,11.4,10.6,10.9,0.0 (0.00%),7.05 K
Mon 30 Dec '13,10.9,11.7,10.8,10.9,+0.2 (+1.87%),1.84 K
Fri 27 Dec '13,10.7,11.2,10.6,10.7,−0.3 (−2.73%),8.27 K
Thu 26 Dec '13,11.0,11.1,10.3,11.0,−0.1 (−0.90%),14.94 K
Tue 24 Dec '13,11.1,11.1,10.3,11.1,+0.5 (+4.72%),1.78 K
Mon 23 Dec '13,10.6,10.8,10.5,10.6,−0.4 (−3.64%),235
Fri 20 Dec '13,11.0,11.8,10.7,11.0,+0.3 (+2.80%),64.41 K
Thu 19 Dec '13,10.7,10.8,10.7,10.7,+0.3 (+2.88%),30
Wed 18 Dec '13,10.4,10.8,10.2,10.4,−0.1 (−0.95%),243
Tue 17 Dec '13,10.5,10.5,10.5,10.5,0.0 (0.00%),200
Fri 13 Dec '13,10.5,10.9,10.1,10.5,−0.1 (−0.94%),3.2 K
Thu 12 Dec '13,10.6,10.9,10.6,10.6,−0.3 (−2.75%),1.3 K
Wed 11 Dec '13,10.9,10.9,10.9,10.9,+0.3 (+2.83%),2
Fri 06 Dec '13,10.6,10.9,10.1,10.6,−0.2 (−1.85%),303
Thu 05 Dec '13,10.8,11.0,10.7,10.8,+0.1 (+0.93%),2.77 K
Wed 04 Dec '13,10.7,10.7,10.7,10.7,+0.6 (+5.94%),600
Tue 03 Dec '13,10.1,10.8,10.1,10.1,−0.2 (−1.94%),7.7 K
Mon 02 Dec '13,10.3,11.0,10.1,10.3,0.0 (0.00%),11.3 K
Fri 29 Nov '13,10.3,11.2,10.3,10.3,−0.4 (−3.74%),1.5 K
Thu 28 Nov '13,10.7,10.7,10.2,10.7,+0.2 (+1.90%),110
Wed 27 Nov '13,10.5,11.0,10.0,10.5,−0.9 (−7.89%),16.39 K
Tue 26 Nov '13,11.4,11.4,10.5,11.4,+0.6 (+5.56%),2.22 K
Mon 25 Nov '13,10.8,10.8,10.8,10.8,−0.8 (−6.90%),1.18 K
Thu 21 Nov '13,11.6,11.6,10.6,11.6,+0.1 (+0.87%),400
Wed 20 Nov '13,11.5,11.5,11.2,11.5,−0.4 (−3.36%),400
Mon 18 Nov '13,11.9,11.9,11.9,11.9,+0.7 (+6.25%),100
Fri 15 Nov '13,11.2,11.5,11.2,11.2,−0.3 (−2.61%),2.4 K
Thu 14 Nov '13,11.5,12.4,11.5,11.5,−0.4 (−3.36%),2.15 K
Wed 13 Nov '13,11.9,12.4,11.8,11.9,−0.1 (−0.83%),1.13 K
Tue 12 Nov '13,12.0,12.5,11.9,12.0,−0.3 (−2.44%),1.02 K
Mon 11 Nov '13,12.3,12.3,12.3,12.3,−0.7 (−5.38%),200
Thu 07 Nov '13,13.0,13.0,12.1,13.0,+0.9 (+7.44%),45.3 K
Tue 05 Nov '13,12.1,12.1,11.6,12.1,+0.4 (+3.42%),102
Mon 04 Nov '13,11.7,11.7,11.6,11.7,+0.1 (+0.86%),844
Fri 01 Nov '13,11.6,12.0,11.4,11.6,−0.6 (−4.92%),13.51 K
Thu 31 Oct '13,12.2,12.7,12.2,12.2,+0.3 (+2.52%),301
Wed 30 Oct '13,11.9,12.4,11.9,11.9,−0.2 (−1.65%),2.7 K
Tue 29 Oct '13,12.1,12.8,12.0,12.1,+0.2 (+1.68%),13.81 K
Mon 28 Oct '13,11.9,12.0,11.8,11.9,−0.3 (−2.46%),10.3 K
Fri 25 Oct '13,12.2,12.4,12.1,12.2,+0.2 (+1.67%),5.37 K
Thu 24 Oct '13,12.0,12.0,11.8,12.0,+0.1 (+0.84%),110
Wed 23 Oct '13,11.9,12.2,11.8,11.9,−0.5 (−4.03%),1.46 K
Tue 22 Oct '13,12.4,12.7,11.7,12.4,+0.7 (+5.98%),24.7 K
Mon 21 Oct '13,11.7,11.8,11.7,11.7,−0.6 (−4.88%),2.7 K
Thu 17 Oct '13,12.3,12.4,12.2,12.3,+0.1 (+0.82%),50
Tue 15 Oct '13,12.2,12.4,12.0,12.2,+0.6 (+5.17%),255
Mon 14 Oct '13,11.6,12.0,11.6,11.6,−0.4 (−3.33%),5.21 K
Fri 11 Oct '13,12.0,12.2,11.9,12.0,+0.3 (+2.56%),7.74 K
Thu 10 Oct '13,11.7,11.8,11.4,11.7,+0.2 (+1.74%),25.75 K
Wed 09 Oct '13,11.5,11.9,11.4,11.5,+0.5 (+4.55%),15.25 K
Tue 08 Oct '13,11.0,11.3,11.0,11.0,−0.2 (−1.79%),96
Mon 07 Oct '13,11.2,11.3,11.2,11.2,+0.4 (+3.70%),4.63 K
Fri 04 Oct '13,10.8,11.1,10.6,10.8,+0.3 (+2.86%),10.11 K
Thu 03 Oct '13,10.5,10.9,10.3,10.5,−0.7 (−6.25%),15.77 K
Wed 02 Oct '13,11.2,11.2,11.2,11.2,+0.3 (+2.75%),1 K
Tue 01 Oct '13,10.9,11.1,10.4,10.9,+0.3 (+2.83%),39.71 K
Mon 30 Sep '13,10.6,10.6,10.6,10.6,−0.3 (−2.75%),990
Fri 27 Sep '13,10.9,11.0,10.3,10.9,+0.6 (+5.83%),3.39 K
Thu 26 Sep '13,10.3,10.9,10.1,10.3,−0.6 (−5.50%),14.2 K
Wed 25 Sep '13,10.9,10.9,10.9,10.9,0.0 (0.00%),2.5 K
Tue 24 Sep '13,10.9,11.6,10.9,10.9,0.0 (0.00%),103
Mon 23 Sep '13,10.9,11.2,10.0,10.9,−0.6 (−5.22%),900
Fri 20 Sep '13,11.5,11.7,10.9,11.5,+1.3 (+12.75%),4.72 K
Wed 18 Sep '13,10.2,10.9,10.1,10.2,−0.8 (−7.27%),5.21 K
Tue 17 Sep '13,11.0,11.2,10.9,11.0,+0.1 (+0.92%),49
Mon 16 Sep '13,10.9,10.9,10.3,10.9,−0.6 (−5.22%),1.11 K
Fri 13 Sep '13,11.5,11.8,11.4,11.5,+0.6 (+5.50%),800
Thu 12 Sep '13,10.9,11.4,10.3,10.9,+0.4 (+3.81%),7.22 K
Wed 11 Sep '13,10.5,10.9,10.0,10.5,+0.5 (+5.00%),775
Tue 10 Sep '13,10.0,10.0,9.5,10.0,+0.5 (+5.26%),3.75 K
Mon 09 Sep '13,9.5,9.5,9.5,9.5,−0.4 (−4.04%),2.1 K
Fri 06 Sep '13,9.9,10.0,9.9,9.9,−0.1 (−1.00%),2.1 K
Thu 05 Sep '13,10.0,10.0,10.0,10.0,+0.4 (+4.17%),130
Wed 04 Sep '13,9.6,10.0,9.4,9.6,+0.1 (+1.05%),1.63 K
Tue 03 Sep '13,9.5,9.9,9.3,9.5,−0.5 (−5.00%),7.11 K
Mon 02 Sep '13,10.0,10.0,10.0,10.0,−0.2 (−1.96%),17
Fri 30 Aug '13,10.2,10.2,10.2,10.2,+0.2 (+2.00%),274
Thu 29 Aug '13,10.0,10.2,9.9,10.0,+0.2 (+2.04%),4.52 K
Wed 28 Aug '13,9.8,9.9,9.7,9.8,−0.3 (−2.97%),640
Tue 27 Aug '13,10.1,10.1,9.9,10.1,−0.2 (−1.94%),12.1 K
Mon 26 Aug '13,10.3,10.4,10.2,10.3,−0.2 (−1.90%),7 K
Fri 23 Aug '13,10.5,11.0,10.5,10.5,−0.1 (−0.94%),702
Thu 22 Aug '13,10.6,11.0,10.5,10.6,−0.1 (−0.93%),984
Wed 21 Aug '13,10.7,10.8,10.7,10.7,−0.3 (−2.73%),1 K
Mon 19 Aug '13,11.0,11.1,10.9,11.0,−0.1 (−0.90%),5.81 K
Fri 16 Aug '13,11.1,11.1,11.0,11.1,0.0 (0.00%),7.25 K
Thu 15 Aug '13,11.1,12.0,11.0,11.1,−0.6 (−5.13%),10.99 K
Wed 14 Aug '13,11.7,12.0,11.7,11.7,−0.3 (−2.50%),151
Tue 13 Aug '13,12.0,12.0,11.7,12.0,−0.1 (−0.83%),4.64 K
Mon 12 Aug '13,12.1,12.5,12.1,12.1,−0.4 (−3.20%),960
Wed 07 Aug '13,12.5,12.9,12.2,12.5,+0.3 (+2.46%),4.01 K
Tue 06 Aug '13,12.2,12.8,12.2,12.2,−0.2 (−1.61%),4.54 K
Mon 05 Aug '13,12.4,13.0,12.0,12.4,−0.3 (−2.36%),9.64 K
Fri 02 Aug '13,12.7,13.0,12.7,12.7,−0.3 (−2.31%),1.21 K
Wed 31 Jul '13,13.0,13.0,13.0,13.0,0.0 (0.00%),100
Tue 30 Jul '13,13.0,13.3,13.0,13.0,−0.1 (−0.76%),4.7 K
Mon 29 Jul '13,13.1,13.5,13.0,13.1,+0.3 (+2.34%),82
Fri 26 Jul '13,12.8,13.4,12.8,12.8,−0.3 (−2.29%),1.96 K
Thu 25 Jul '13,13.1,13.5,13.0,13.1,+0.3 (+2.34%),6.04 K
Wed 24 Jul '13,12.8,13.5,12.8,12.8,−0.8 (−5.88%),4.08 K
Tue 23 Jul '13,13.6,13.6,13.3,13.6,+0.6 (+4.62%),1.77 K
Fri 19 Jul '13,13.0,13.6,12.7,13.0,−0.5 (−3.70%),17.21 K
Thu 18 Jul '13,13.5,13.6,12.7,13.5,−0.4 (−2.88%),1.31 K
Tue 16 Jul '13,13.9,14.5,13.1,13.9,+0.5 (+3.73%),5.17 K
Fri 12 Jul '13,13.4,13.4,12.7,13.4,+0.1 (+0.75%),5.72 K
Thu 11 Jul '13,13.3,13.4,13.3,13.3,+0.6 (+4.72%),62
Wed 10 Jul '13,12.7,13.5,12.5,12.7,−0.6 (−4.51%),1.13 K
Tue 09 Jul '13,13.3,13.5,12.6,13.3,+1.1 (+9.02%),730
Mon 08 Jul '13,12.2,13.5,12.2,12.2,−1.5 (−10.95%),354
Fri 05 Jul '13,13.7,13.7,13.7,13.7,+0.7 (+5.38%),10
Thu 04 Jul '13,13.0,13.8,13.0,13.0,−0.3 (−2.26%),3.38 K
Wed 03 Jul '13,13.3,13.8,13.2,13.3,0.0 (0.00%),3.77 K
Tue 02 Jul '13,13.3,14.0,13.3,13.3,−0.6 (−4.32%),7.17 K
Mon 01 Jul '13,13.9,14.1,13.5,13.9,+0.3 (+2.21%),2.12 K
Fri 28 Jun '13,13.6,13.6,13.6,13.6,−0.2 (−1.45%),100
Thu 27 Jun '13,13.8,14.1,13.2,13.8,+0.6 (+4.55%),5.67 K
Wed 26 Jun '13,13.2,13.8,13.1,13.2,−0.3 (−2.22%),3.35 K
Tue 25 Jun '13,13.5,14.1,13.5,13.5,0.0 (0.00%),8.78 K
Mon 24 Jun '13,13.5,14.3,13.5,13.5,−0.6 (−4.26%),2.2 K
Fri 21 Jun '13,14.1,14.7,13.8,14.1,−0.3 (−2.08%),320
Thu 20 Jun '13,14.4,14.6,13.7,14.4,+0.6 (+4.35%),825
Wed 19 Jun '13,13.8,14.5,13.6,13.8,−0.3 (−2.13%),2.47 K
Tue 18 Jun '13,14.1,14.5,14.0,14.1,0.0 (0.00%),1.03 K
Mon 17 Jun '13,14.1,14.9,14.0,14.1,−0.2 (−1.40%),6.15 K
Fri 14 Jun '13,14.3,14.8,14.3,14.3,−0.2 (−1.38%),13.22 K
Thu 13 Jun '13,14.5,14.9,14.2,14.5,+0.2 (+1.40%),2.23 K
Wed 12 Jun '13,14.3,15.1,14.1,14.3,−0.3 (−2.05%),5.27 K
Tue 11 Jun '13,14.6,15.4,14.5,14.6,−0.5 (−3.31%),32.34 K
Mon 10 Jun '13,15.1,15.5,15.1,15.1,+0.2 (+1.34%),246
Fri 07 Jun '13,14.9,15.3,14.7,14.9,−0.3 (−1.97%),7.91 K
Thu 06 Jun '13,15.2,15.6,14.4,15.2,−0.1 (−0.65%),5.34 K
Wed 05 Jun '13,15.3,15.9,15.2,15.3,−0.1 (−0.65%),46.23 K
Tue 04 Jun '13,15.4,15.5,15.0,15.4,+0.1 (+0.65%),20.12 K
Mon 03 Jun '13,15.3,15.6,14.7,15.3,+1.2 (+8.51%),101.51 K
Fri 31 May '13,14.1,14.9,14.1,14.1,0.0 (0.00%),8.93 K
Thu 30 May '13,14.1,14.9,14.1,14.1,−0.3 (−2.08%),1.22 K
Wed 29 May '13,14.4,14.9,14.1,14.4,−0.1 (−0.69%),10.75 K
Tue 28 May '13,14.5,14.5,14.0,14.5,−0.1 (−0.68%),5.4 K
Mon 27 May '13,14.6,14.9,14.1,14.6,−0.5 (−3.31%),5.4 K
Thu 23 May '13,15.1,15.1,15.1,15.1,+0.2 (+1.34%),100
Wed 22 May '13,14.9,15.0,14.7,14.9,+0.3 (+2.05%),502
Tue 21 May '13,14.6,15.3,14.6,14.6,−0.1 (−0.68%),4.81 K
Mon 20 May '13,14.7,15.4,14.7,14.7,−0.4 (−2.65%),10.95 K
Fri 17 May '13,15.1,15.6,14.8,15.1,+0.8 (+5.59%),12.41 K
Thu 16 May '13,14.3,14.9,14.2,14.3,0.0 (0.00%),920
Wed 15 May '13,14.3,14.6,14.1,14.3,−0.3 (−2.05%),12.77 K
Tue 14 May '13,14.6,15.7,14.6,14.6,−0.2 (−1.35%),18.8 K
Mon 13 May '13,14.8,14.8,14.8,14.8,0.0 (0.00%),1.9 K
Fri 10 May '13,14.8,15.5,14.7,14.8,−0.8 (−5.13%),6.24 K
Thu 09 May '13,15.6,16.4,14.5,15.6,+1.1 (+7.59%),304.57 K
Wed 08 May '13,14.5,14.8,13.8,14.5,−0.1 (−0.68%),26.15 K
Tue 07 May '13,14.6,14.8,14.0,14.6,+1.0 (+7.35%),8.9 K
Mon 06 May '13,13.6,14.0,13.5,13.6,−0.2 (−1.45%),29.37 K
Fri 03 May '13,13.8,14.5,13.7,13.8,−0.8 (−5.48%),1.56 K
Thu 02 May '13,14.6,14.9,13.6,14.6,−0.3 (−2.01%),1.7 K
Tue 30 Apr '13,14.9,14.9,14.7,14.9,+0.8 (+5.67%),9.4 K
Mon 29 Apr '13,14.1,14.9,13.5,14.1,−0.3 (−2.08%),10.2 K
Fri 26 Apr '13,14.4,14.6,14.3,14.4,−0.2 (−1.37%),2 K
Wed 24 Apr '13,14.6,15.1,14.5,14.6,−0.1 (−0.68%),15.42 K
Tue 23 Apr '13,14.7,15.6,14.4,14.7,+0.3 (+2.08%),171.07 K
Mon 22 Apr '13,14.4,14.8,13.8,14.4,+0.6 (+4.35%),128.18 K
Fri 19 Apr '13,13.8,14.0,12.7,13.8,+0.8 (+6.15%),44.21 K
Thu 18 Apr '13,13.0,13.2,12.6,13.0,+0.4 (+3.17%),2.1 K
Wed 17 Apr '13,12.6,12.7,12.5,12.6,0.0 (0.00%),5.3 K
Tue 16 Apr '13,12.6,12.8,12.6,12.6,−0.2 (−1.56%),500
Wed 10 Apr '13,12.8,13.2,12.7,12.8,+0.1 (+0.79%),1.03 K
Tue 09 Apr '13,12.7,12.7,12.5,12.7,+0.1 (+0.79%),110
Mon 08 Apr '13,12.6,12.7,12.5,12.6,−0.4 (−3.08%),1 K
Thu 04 Apr '13,13.0,13.0,13.0,13.0,−0.4 (−2.99%),350
Wed 03 Apr '13,13.4,13.4,13.4,13.4,0.0 (0.00%),1
Tue 02 Apr '13,13.4,13.8,12.4,13.4,+0.4 (+3.08%),14
Mon 01 Apr '13,13.0,13.9,12.5,13.0,+0.7 (+5.69%),5.15 K
Thu 28 Mar '13,12.3,12.5,12.3,12.3,+0.6 (+5.13%),101
Wed 27 Mar '13,11.7,11.8,11.5,11.7,0.0 (0.00%),700
Mon 25 Mar '13,11.7,11.7,11.5,11.7,+0.2 (+1.74%),2.5 K
Fri 22 Mar '13,11.5,11.8,11.5,11.5,0.0 (0.00%),4.17 K
Thu 21 Mar '13,11.5,11.6,11.5,11.5,0.0 (0.00%),1 K
Wed 20 Mar '13,11.5,11.5,11.5,11.5,−0.3 (−2.54%),2.3 K
Tue 19 Mar '13,11.8,11.8,11.5,11.8,+0.2 (+1.72%),9.28 K
Mon 18 Mar '13,11.6,11.8,11.5,11.6,−0.2 (−1.69%),1.88 K
Fri 15 Mar '13,11.8,11.8,11.8,11.8,−0.3 (−2.48%),800
Thu 14 Mar '13,12.1,12.1,12.1,12.1,0.0 (0.00%),100
Wed 13 Mar '13,12.1,12.1,12.1,12.1,0.0 (0.00%),2
Tue 12 Mar '13,12.1,12.4,12.0,12.1,+0.1 (+0.83%),4.6 K
Mon 11 Mar '13,12.0,12.0,12.0,12.0,+0.1 (+0.84%),102
Fri 08 Mar '13,11.9,11.9,11.9,11.9,0.0 (0.00%),1.2 K
Thu 07 Mar '13,11.9,12.0,11.9,11.9,−0.2 (−1.65%),1 K
Wed 06 Mar '13,12.1,12.2,11.9,12.1,+0.2 (+1.68%),29.32 K
Tue 05 Mar '13,11.9,11.9,11.9,11.9,−0.6 (−4.80%),218
Mon 04 Mar '13,12.5,12.5,11.9,12.5,+0.3 (+2.46%),858
Fri 01 Mar '13,12.2,12.2,11.8,12.2,+0.2 (+1.67%),106
Thu 28 Feb '13,12.0,12.1,12.0,12.0,−0.3 (−2.44%),394
Wed 27 Feb '13,12.3,12.4,12.3,12.3,−0.2 (−1.60%),1.11 K
Tue 26 Feb '13,12.5,12.5,12.1,12.5,0.0 (0.00%),5.02 K
Fri 22 Feb '13,12.5,12.8,12.5,12.5,−0.3 (−2.34%),704
Thu 21 Feb '13,12.8,12.8,12.2,12.8,+0.1 (+0.79%),540
Wed 20 Feb '13,12.7,12.8,12.5,12.7,+0.6 (+4.96%),2 K
Tue 19 Feb '13,12.1,12.6,11.7,12.1,−0.5 (−3.97%),7.26 K
Mon 18 Feb '13,12.6,13.4,12.6,12.6,−0.9 (−6.67%),6.38 K
Fri 15 Feb '13,13.5,13.5,13.0,13.5,−0.1 (−0.74%),1.65 K
Thu 14 Feb '13,13.6,13.8,13.0,13.6,+0.1 (+0.74%),1.76 K
Wed 13 Feb '13,13.5,14.0,13.5,13.5,+0.1 (+0.75%),503
Tue 12 Feb '13,13.4,13.5,13.2,13.4,+0.2 (+1.52%),1.81 K
Mon 11 Feb '13,13.2,13.8,13.0,13.2,+0.2 (+1.54%),2.51 K
Fri 08 Feb '13,13.0,13.0,12.9,13.0,0.0 (0.00%),1 K
Thu 07 Feb '13,13.0,13.2,12.8,13.0,−0.3 (−2.26%),31.03 K
Wed 06 Feb '13,13.3,13.9,13.2,13.3,−0.2 (−1.48%),1.35 K
Tue 05 Feb '13,13.5,14.1,13.0,13.5,−0.5 (−3.57%),10.12 K
Fri 01 Feb '13,14.0,14.8,13.9,14.0,−0.6 (−4.11%),11.77 K
Thu 31 Jan '13,14.6,14.9,13.9,14.6,+0.6 (+4.29%),9.08 K
Wed 30 Jan '13,14.0,14.8,14.0,14.0,−0.1 (−0.71%),17.23 K
Tue 29 Jan '13,14.1,14.8,14.1,14.1,−0.8 (−5.37%),2.4 K
Mon 28 Jan '13,14.9,15.0,14.9,14.9,0.0 (0.00%),1.86 K
Thu 24 Jan '13,14.9,15.6,14.9,14.9,−0.1 (−0.67%),844
Wed 23 Jan '13,15.0,15.6,15.0,15.0,0.0 (0.00%),18.46 K
Tue 22 Jan '13,15.0,15.8,15.0,15.0,−0.4 (−2.60%),19.6 K
Mon 21 Jan '13,15.4,16.0,15.4,15.4,−0.2 (−1.28%),25.55 K
Fri 18 Jan '13,15.6,15.6,15.5,15.6,−0.4 (−2.50%),20.35 K
Thu 17 Jan '13,16.0,16.2,15.6,16.0,+1.0 (+6.67%),15.79 K
Wed 16 Jan '13,15.0,15.5,15.0,15.0,−0.1 (−0.66%),7.55 K
Tue 15 Jan '13,15.1,15.8,15.0,15.1,−0.3 (−1.95%),5.15 K
Fri 11 Jan '13,15.4,15.9,15.2,15.4,0.0 (0.00%),17.23 K
Thu 10 Jan '13,15.4,15.7,15.2,15.4,−0.1 (−0.65%),2.5 K
Wed 09 Jan '13,15.5,15.5,15.5,15.5,0.0 (0.00%),15.1 K
Tue 08 Jan '13,15.5,16.1,15.5,15.5,−0.1 (−0.64%),5.15 K
Mon 07 Jan '13,15.6,15.7,15.5,15.6,−0.1 (−0.64%),8.5 K
Fri 04 Jan '13,15.7,16.6,15.7,15.7,−0.8 (−4.85%),1.28 K
Thu 03 Jan '13,16.5,16.8,16.0,16.5,+0.1 (+0.61%),9.61 K
Wed 02 Jan '13,16.4,16.5,15.7,16.4,+0.8 (+5.13%),46.55 K
Mon 31 Dec '12,15.6,15.9,15.6,15.6,−0.2 (−1.27%),21.9 K
Fri 28 Dec '12,15.8,15.8,15.4,15.8,0.0 (0.00%),30.8 K
Wed 26 Dec '12,15.8,15.8,15.4,15.8,+0.3 (+1.94%),191
Mon 24 Dec '12,15.5,16.7,15.4,15.5,−1.0 (−6.06%),78.75 K
Fri 21 Dec '12,16.5,17.0,16.5,16.5,0.0 (0.00%),2.96 K
Thu 20 Dec '12,16.5,17.0,16.2,16.5,+1.5 (+10.00%),113.43 K
Wed 19 Dec '12,15.0,15.9,14.8,15.0,+0.2 (+1.35%),6.76 K
Tue 18 Dec '12,14.8,16.5,14.6,14.8,−1.1 (−6.92%),2.31 K
Mon 17 Dec '12,15.9,16.0,15.1,15.9,−2.0 (−11.17%),960
Thu 13 Dec '12,17.9,17.9,17.3,17.9,+0.6 (+3.47%),501
Wed 12 Dec '12,17.3,18.6,15.0,17.3,+1.1 (+6.79%),16.64 K
Mon 10 Dec '12,16.2,16.2,16.2,16.2,−0.2 (−1.22%),25
Fri 07 Dec '12,16.4,16.4,16.1,16.4,+1.4 (+9.33%),120
Thu 06 Dec '12,15.0,16.4,15.0,15.0,+0.5 (+3.45%),973
Wed 05 Dec '12,14.5,15.5,14.5,14.5,0.0 (0.00%),1 K
Tue 04 Dec '12,14.5,14.5,14.5,14.5,+0.5 (+3.57%),3.98 K
Fri 30 Nov '12,14.0,15.4,14.0,14.0,−1.1 (−7.28%),103
Thu 29 Nov '12,15.1,15.5,14.5,15.1,+1.3 (+9.42%),5.87 K
Wed 28 Nov '12,13.8,14.5,13.8,13.8,−0.9 (−6.12%),2.2 K
Mon 26 Nov '12,14.7,14.8,14.7,14.7,−0.8 (−5.16%),121
Thu 22 Nov '12,15.5,15.5,15.5,15.5,−0.1 (−0.64%),20
Wed 21 Nov '12,15.6,16.2,15.0,15.6,+0.3 (+1.96%),2 K
Tue 20 Nov '12,15.3,16.3,15.1,15.3,−0.7 (−4.37%),1.1 K
Mon 19 Nov '12,16.0,16.5,15.8,16.0,−0.5 (−3.03%),1.97 K
Fri 16 Nov '12,16.5,16.5,16.5,16.5,−0.9 (−5.17%),400
Wed 14 Nov '12,17.4,17.4,17.1,17.4,+1.1 (+6.75%),7.75 K
Mon 12 Nov '12,16.3,17.0,16.3,16.3,−0.7 (−4.12%),1.48 K
Fri 09 Nov '12,17.0,17.0,16.1,17.0,+0.3 (+1.80%),27.9 K
Wed 07 Nov '12,16.7,18.0,15.0,16.7,−0.7 (−4.02%),38.9 K
Tue 06 Nov '12,17.4,17.6,17.4,17.4,−0.2 (−1.14%),2.56 K
Mon 05 Nov '12,17.6,17.6,17.5,17.6,+0.1 (+0.57%),300
Fri 02 Nov '12,17.5,18.4,17.4,17.5,−0.1 (−0.57%),7.7 K
Thu 01 Nov '12,17.6,17.9,17.6,17.6,−1.0 (−5.38%),11.11 K
Wed 31 Oct '12,18.6,18.9,17.6,18.6,+0.8 (+4.49%),1.91 K
Tue 30 Oct '12,17.8,17.9,17.7,17.8,−1.0 (−5.32%),2.64 K
Fri 26 Oct '12,18.8,18.8,18.8,18.8,+0.4 (+2.17%),200
Thu 25 Oct '12,18.4,19.0,17.5,18.4,+0.4 (+2.22%),18.54 K
Wed 24 Oct '12,18.0,19.0,17.1,18.0,+0.1 (+0.56%),14 K
Tue 23 Oct '12,17.9,19.0,17.0,17.9,−0.8 (−4.28%),11 K
Mon 22 Oct '12,18.7,19.0,18.2,18.7,−1.1 (−5.56%),1.06 K
Fri 19 Oct '12,19.8,20.2,19.0,19.8,−0.2 (−1.00%),6.25 K
Thu 18 Oct '12,20.0,20.0,19.4,20.0,+0.5 (+2.56%),3.03 K
Wed 17 Oct '12,19.5,20.4,19.3,19.5,−0.4 (−2.01%),620
Tue 16 Oct '12,19.9,20.0,19.8,19.9,0.0 (0.00%),1.5 K
Mon 15 Oct '12,19.9,21.4,19.5,19.9,−0.8 (−3.86%),6.8 K
Fri 12 Oct '12,20.7,21.9,20.7,20.7,−0.3 (−1.43%),99.36 K
Thu 11 Oct '12,21.0,21.2,19.4,21.0,+0.7 (+3.45%),69.42 K
Wed 10 Oct '12,20.3,21.0,20.0,20.3,−0.4 (−1.93%),54.09 K
Tue 09 Oct '12,20.7,22.0,20.6,20.7,+0.2 (+0.98%),34.24 K
Mon 08 Oct '12,20.5,21.1,20.5,20.5,0.0 (0.00%),2.3 K
Fri 05 Oct '12,20.5,21.7,20.0,20.5,−0.3 (−1.44%),58.75 K
Thu 04 Oct '12,20.8,21.9,20.0,20.8,−0.9 (−4.15%),79.05 K
Wed 03 Oct '12,21.7,22.3,20.8,21.7,−0.2 (−0.91%),34.56 K
Tue 02 Oct '12,21.9,22.4,20.2,21.9,−0.1 (−0.45%),50.94 K
Mon 01 Oct '12,22.0,22.7,21.8,22.0,+0.2 (+0.92%),311.74 K
Fri 28 Sep '12,21.8,22.5,21.0,21.8,+0.9 (+4.31%),201.96 K
Thu 27 Sep '12,20.9,21.8,18.6,20.9,+1.6 (+8.29%),230.31 K
Wed 26 Sep '12,19.3,19.7,18.0,19.3,+2.7 (+16.27%),250.97 K
Tue 25 Sep '12,16.6,17.6,16.0,16.6,+0.3 (+1.84%),11.29 K
Mon 24 Sep '12,16.3,17.5,16.0,16.3,−0.9 (−5.23%),32.9 K
Fri 21 Sep '12,17.2,19.0,16.0,17.2,+1.7 (+10.97%),358.83 K
Thu 20 Sep '12,15.5,16.0,14.3,15.5,−0.4 (−2.52%),21.01 K
Wed 19 Sep '12,15.9,16.0,14.9,15.9,+0.1 (+0.63%),37.34 K
Tue 18 Sep '12,15.8,16.5,15.5,15.8,−1.1 (−6.51%),23.2 K
Mon 17 Sep '12,16.9,16.9,14.8,16.9,+1.1 (+6.96%),81 K
Fri 14 Sep '12,15.8,16.1,15.3,15.8,+0.7 (+4.64%),87.6 K
Thu 13 Sep '12,15.1,15.3,13.7,15.1,+1.2 (+8.63%),127.9 K
Wed 12 Sep '12,13.9,14.8,13.7,13.9,−0.1 (−0.71%),17.2 K
Tue 11 Sep '12,14.0,15.5,13.8,14.0,−1.2 (−7.89%),19.52 K
Mon 10 Sep '12,15.2,16.0,15.1,15.2,+0.3 (+2.01%),3.28 K
Fri 07 Sep '12,14.9,15.0,13.2,14.9,+1.5 (+11.19%),57.43 K
Thu 06 Sep '12,13.4,13.5,12.4,13.4,+0.1 (+0.75%),11.3 K
Wed 05 Sep '12,13.3,13.7,12.5,13.3,−0.7 (−5.00%),17.7 K
Tue 04 Sep '12,14.0,14.4,11.8,14.0,+1.9 (+15.70%),106.75 K
Mon 03 Sep '12,12.1,12.4,11.3,12.1,+0.6 (+5.22%),34.71 K
Thu 30 Aug '12,11.5,11.6,10.3,11.5,0.0 (0.00%),62.71 K
Wed 29 Aug '12,11.5,11.6,11.3,11.5,+0.2 (+1.77%),7.85 K
Tue 28 Aug '12,11.3,11.6,10.6,11.3,0.0 (0.00%),3.2 K
Mon 27 Aug '12,11.3,11.5,10.6,11.3,+1.0 (+9.71%),20.76 K
Fri 24 Aug '12,10.3,10.4,10.2,10.3,−0.4 (−3.74%),2.74 K
Thu 23 Aug '12,10.7,10.8,10.1,10.7,+0.1 (+0.94%),25.51 K
Wed 22 Aug '12,10.6,10.9,10.0,10.6,+0.5 (+4.95%),32.07 K
Tue 21 Aug '12,10.1,10.1,10.0,10.1,+0.1 (+1.00%),701
Mon 20 Aug '12,10.0,10.0,9.7,10.0,0.0 (0.00%),1.81 K
Fri 17 Aug '12,10.0,10.1,10.0,10.0,−0.2 (−1.96%),5.2 K
Thu 16 Aug '12,10.2,10.2,10.2,10.2,+0.2 (+2.00%),550
Wed 15 Aug '12,10.0,10.2,9.7,10.0,0.0 (0.00%),5.83 K
Tue 14 Aug '12,10.0,10.0,9.5,10.0,+0.1 (+1.01%),1.03 K
Mon 13 Aug '12,9.9,9.9,9.9,9.9,+0.1 (+1.02%),100
Fri 10 Aug '12,9.8,10.2,9.6,9.8,+0.1 (+1.03%),4.29 K
Thu 09 Aug '12,9.7,10.3,9.7,9.7,+0.1 (+1.04%),3.11 K
Wed 08 Aug '12,9.6,9.7,9.5,9.6,+0.2 (+2.13%),775
Tue 07 Aug '12,9.4,9.4,9.3,9.4,−0.6 (−6.00%),200
Mon 06 Aug '12,10.0,10.5,9.2,10.0,+0.9 (+9.89%),55.72 K
Fri 03 Aug '12,9.1,9.3,9.0,9.1,+0.2 (+2.25%),230
Thu 02 Aug '12,8.9,8.9,8.9,8.9,+0.2 (+2.30%),100
Tue 31 Jul '12,8.7,9.0,8.7,8.7,−0.3 (−3.33%),5.28 K
Mon 30 Jul '12,9.0,9.0,8.9,9.0,+0.1 (+1.12%),5.31 K
Fri 27 Jul '12,8.9,9.0,8.5,8.9,+0.2 (+2.30%),1 K
Thu 26 Jul '12,8.7,9.1,8.7,8.7,−0.3 (−3.33%),1.81 K
Wed 25 Jul '12,9.0,9.0,9.0,9.0,−0.1 (−1.10%),6.7 K
Tue 24 Jul '12,9.1,9.1,9.0,9.1,+0.1 (+1.11%),400
Mon 23 Jul '12,9.0,9.1,8.7,9.0,0.0 (0.00%),4.53 K
Fri 20 Jul '12,9.0,9.0,9.0,9.0,+0.3 (+3.45%),1
Thu 19 Jul '12,8.7,8.7,8.7,8.7,−0.1 (−1.14%),10 K
Wed 18 Jul '12,8.8,9.0,8.6,8.8,−0.1 (−1.12%),800
Tue 17 Jul '12,8.9,9.4,8.9,8.9,−0.2 (−2.20%),664
Mon 16 Jul '12,9.1,9.4,9.0,9.1,0.0 (0.00%),725
Fri 13 Jul '12,9.1,9.1,9.1,9.1,−0.2 (−2.15%),2
Thu 12 Jul '12,9.3,9.3,9.3,9.3,+0.3 (+3.33%),400
Tue 10 Jul '12,9.0,9.0,9.0,9.0,+0.5 (+5.88%),300
Mon 09 Jul '12,8.5,8.8,8.5,8.5,−0.9 (−9.57%),509
Fri 06 Jul '12,9.4,9.5,9.4,9.4,+0.1 (+1.08%),613
Thu 05 Jul '12,9.3,9.3,9.3,9.3,−0.1 (−1.06%),201
Mon 02 Jul '12,9.4,9.4,9.4,9.4,+0.1 (+1.08%),500
Fri 29 Jun '12,9.3,10.2,9.3,9.3,−0.2 (−2.11%),8.71 K
Thu 28 Jun '12,9.5,9.6,9.5,9.5,0.0 (0.00%),100
Wed 27 Jun '12,9.5,9.8,9.1,9.5,+0.4 (+4.40%),3.2 K
Tue 26 Jun '12,9.1,9.9,9.1,9.1,−0.4 (−4.21%),1.51 K
Mon 25 Jun '12,9.5,9.5,9.5,9.5,0.0 (0.00%),9 M
Fri 22 Jun '12,9.5,9.8,9.5,9.5,−0.4 (−4.04%),2.2 K
Thu 21 Jun '12,9.9,10.9,9.8,9.9,−1.0 (−9.17%),6.5 K
Wed 20 Jun '12,10.9,11.5,9.8,10.9,+0.7 (+6.86%),18.76 K
Tue 19 Jun '12,10.2,11.0,9.0,10.2,+1.5 (+17.24%),15.2 K
Mon 18 Jun '12,8.7,10.0,8.6,8.7,−0.7 (−7.45%),301
Fri 15 Jun '12,9.4,11.0,9.2,9.4,−0.1 (−1.05%),16.88 K
Thu 14 Jun '12,9.5,9.7,8.7,9.5,+1.1 (+13.10%),2.04 K
Wed 13 Jun '12,8.4,8.5,8.3,8.4,+0.4 (+5.00%),4.49 K
Mon 11 Jun '12,8.0,8.4,8.0,8.0,−0.1 (−1.23%),2.4 K
Fri 08 Jun '12,8.1,8.4,8.0,8.1,+0.2 (+2.53%),4.03 K
Thu 07 Jun '12,7.9,8.3,7.9,7.9,−0.1 (−1.25%),202
Wed 06 Jun '12,8.0,8.3,7.9,8.0,0.0 (0.00%),1.6 K
Tue 05 Jun '12,8.0,8.5,7.9,8.0,−0.5 (−5.88%),703
Fri 01 Jun '12,8.5,8.5,8.1,8.5,+0.1 (+1.19%),7.47 K
Thu 31 May '12,8.4,8.5,8.4,8.4,+0.4 (+5.00%),129
Wed 30 May '12,8.0,8.7,8.0,8.0,0.0 (0.00%),5.95 K
Tue 29 May '12,8.0,8.8,8.0,8.0,−0.8 (−9.09%),27.93 K
Mon 28 May '12,8.8,8.9,8.8,8.8,0.0 (0.00%),21.39 K
Fri 25 May '12,8.8,9.1,8.3,8.8,+0.8 (+10.00%),4.46 K
Thu 24 May '12,8.0,8.6,8.0,8.0,−0.4 (−4.76%),12.71 K
Wed 23 May '12,8.4,8.5,8.3,8.4,+0.1 (+1.20%),100
Tue 22 May '12,8.3,9.0,8.2,8.3,−0.8 (−8.79%),1.72 K
Fri 18 May '12,9.1,9.3,9.0,9.1,+0.1 (+1.11%),311
Thu 17 May '12,9.0,9.3,9.0,9.0,−0.3 (−3.23%),1.13 K
Wed 16 May '12,9.3,9.4,9.0,9.3,+0.3 (+3.33%),11.68 K
Tue 15 May '12,9.0,9.0,9.0,9.0,+0.4 (+4.65%),312
Mon 14 May '12,8.6,9.6,8.6,8.6,+0.1 (+1.18%),4.54 K
Fri 11 May '12,8.5,8.7,8.3,8.5,−0.5 (−5.56%),18.23 K
Thu 10 May '12,9.0,9.1,9.0,9.0,0.0 (0.00%),2.7 K
Wed 09 May '12,9.0,9.7,9.0,9.0,−1.0 (−10.00%),600
Tue 08 May '12,10.0,10.2,10.0,10.0,−0.2 (−1.96%),1.92 K
Fri 04 May '12,10.2,10.2,10.2,10.2,−0.3 (−2.86%),4 K
Thu 03 May '12,10.5,10.5,10.5,10.5,−0.1 (−0.94%),100
Wed 02 May '12,10.6,11.0,10.5,10.6,−0.4 (−3.64%),251
Mon 30 Apr '12,11.0,11.0,11.0,11.0,+0.5 (+4.76%),5
Fri 27 Apr '12,10.5,10.5,10.5,10.5,−0.1 (−0.94%),300
Thu 26 Apr '12,10.6,10.6,10.2,10.6,+0.2 (+1.92%),19.42 K
Wed 25 Apr '12,10.4,10.4,10.4,10.4,−0.1 (−0.95%),1.3 K
Tue 24 Apr '12,10.5,10.5,10.4,10.5,−0.1 (−0.94%),202
Mon 23 Apr '12,10.6,10.6,10.6,10.6,0.0 (0.00%),3.4 K
Fri 20 Apr '12,10.6,10.6,10.6,10.6,−0.5 (−4.50%),700
Thu 19 Apr '12,11.1,11.5,10.1,11.1,+0.7 (+6.73%),12.4 K
Wed 18 Apr '12,10.4,10.6,10.3,10.4,−0.3 (−2.80%),2.7 K
Tue 17 Apr '12,10.7,10.7,10.6,10.7,−0.2 (−1.83%),4.45 K
Mon 16 Apr '12,10.9,11.0,10.9,10.9,+0.1 (+0.93%),8.03 K
Wed 11 Apr '12,10.8,11.0,10.1,10.8,−0.2 (−1.82%),49.02 K
Tue 10 Apr '12,11.0,11.0,10.1,11.0,−0.1 (−0.90%),13.08 K
Mon 09 Apr '12,11.1,11.4,11.0,11.1,−0.3 (−2.63%),7 K
Thu 05 Apr '12,11.4,12.3,11.4,11.4,−0.2 (−1.72%),394
Wed 04 Apr '12,11.6,12.8,11.2,11.6,+0.1 (+0.87%),21.86 K
Tue 03 Apr '12,11.5,11.5,11.5,11.5,−0.8 (−6.50%),2.5 K
Mon 02 Apr '12,12.3,12.3,11.3,12.3,+0.6 (+5.13%),10.2 K
Fri 30 Mar '12,11.7,13.0,11.5,11.7,−0.8 (−6.40%),10.91 K
Thu 29 Mar '12,12.5,13.5,12.5,12.5,−0.9 (−6.72%),1.21 K
Wed 28 Mar '12,13.4,13.8,13.0,13.4,+0.1 (+0.75%),200
Tue 27 Mar '12,13.3,14.5,13.3,13.3,+0.2 (+1.53%),15.35 K
Mon 26 Mar '12,13.1,13.3,12.5,13.1,+0.6 (+4.80%),8.54 K
Thu 22 Mar '12,12.5,12.5,11.7,12.5,+0.2 (+1.63%),7.2 K
Wed 21 Mar '12,12.3,12.5,12.0,12.3,+0.3 (+2.50%),9.87 K
Tue 20 Mar '12,12.0,12.5,11.7,12.0,0.0 (0.00%),518
Fri 16 Mar '12,12.0,12.5,12.0,12.0,+0.1 (+0.84%),819
Thu 15 Mar '12,11.9,12.8,11.9,11.9,−0.1 (−0.83%),4.1 K
Wed 14 Mar '12,12.0,12.9,12.0,12.0,−0.5 (−4.00%),1.1 K
Tue 13 Mar '12,12.5,12.5,12.5,12.5,+0.3 (+2.46%),7.2 K
Fri 09 Mar '12,12.2,13.0,12.1,12.2,0.0 (0.00%),2.02 K
Thu 08 Mar '12,12.2,12.3,12.1,12.2,−1.2 (−8.96%),2.05 K
Tue 06 Mar '12,13.4,13.5,13.4,13.4,+1.1 (+8.94%),152
Mon 05 Mar '12,12.3,12.3,12.3,12.3,−0.7 (−5.38%),400
Mon 27 Feb '12,14.2,14.2,13.0,13.0,+0.2 (+1.56%),8
Fri 24 Feb '12,14.2,14.2,12.5,12.8,−1.4 (−9.86%),1.21 K
Thu 23 Feb '12,14.2,15.1,13.8,14.2,∅ (∅%),73.7 K
