date,open,high,low,close,change,volume
Mon 13 Jul '26,67.5,69.8,67.0,69.7,+0.1 (+0.14%),1.03 K
Fri 10 Jul '26,67.5,69.7,67.5,69.6,+2.6 (+3.88%),982
Thu 09 Jul '26,69.8,69.8,67.0,67.0,−2.8 (−4.01%),2.16 K
Wed 08 Jul '26,69.9,69.9,66.5,69.8,−0.1 (−0.14%),2.08 K
Tue 07 Jul '26,70.0,70.0,67.1,69.9,+2.4 (+3.56%),3.58 K
Mon 06 Jul '26,68.0,68.9,67.4,67.5,−0.5 (−0.74%),2.03 K
Fri 03 Jul '26,69.0,69.8,68.0,68.0,0.0 (0.00%),7.64 K
Thu 02 Jul '26,67.6,70.0,67.6,68.0,−2.3 (−3.27%),3.37 K
Wed 01 Jul '26,70.3,70.3,70.3,70.3,+0.7 (+1.01%),101
Tue 30 Jun '26,67.6,70.5,67.6,69.6,−1.4 (−1.97%),771
Fri 26 Jun '26,69.8,71.3,67.5,71.0,+1.0 (+1.43%),4.33 K
Thu 25 Jun '26,68.0,71.5,68.0,70.0,−1.7 (−2.37%),4.53 K
Wed 24 Jun '26,67.8,71.9,67.8,71.7,+4.0 (+5.91%),1.95 K
Tue 23 Jun '26,68.0,68.0,67.7,67.7,−0.3 (−0.44%),4.2 K
Mon 22 Jun '26,68.0,68.0,67.8,68.0,0.0 (0.00%),9.21 K
Fri 19 Jun '26,70.5,70.5,68.0,68.0,0.0 (0.00%),15.75 K
Thu 18 Jun '26,69.0,71.0,68.0,68.0,−2.0 (−2.86%),39.63 K
Wed 17 Jun '26,71.0,72.9,70.0,70.0,−0.8 (−1.13%),108
Tue 16 Jun '26,71.0,71.0,70.0,70.8,−0.2 (−0.28%),2.52 K
Mon 15 Jun '26,69.7,71.0,69.7,71.0,+1.3 (+1.87%),2.33 K
Fri 12 Jun '26,69.0,69.7,69.0,69.7,+2.9 (+4.34%),6 K
Thu 11 Jun '26,67.2,67.2,66.8,66.8,−1.2 (−1.76%),9.14 K
Wed 10 Jun '26,67.1,69.7,67.1,68.0,+0.9 (+1.34%),9.76 K
Tue 09 Jun '26,68.0,68.0,67.1,67.1,−1.9 (−2.75%),606
Mon 08 Jun '26,69.0,69.0,68.0,69.0,−1.0 (−1.43%),4.71 K
Fri 05 Jun '26,70.0,70.0,70.0,70.0,0.0 (0.00%),1.51 K
Thu 04 Jun '26,69.0,72.5,69.0,70.0,−2.8 (−3.85%),388
Wed 03 Jun '26,73.0,73.0,72.8,72.8,+1.3 (+1.82%),81
Tue 02 Jun '26,72.0,72.0,69.5,71.5,−0.8 (−1.11%),1.31 K
Mon 01 Jun '26,72.0,75.0,72.0,72.3,−0.7 (−0.96%),14.1 K
Fri 29 May '26,73.0,73.2,72.1,73.0,+0.8 (+1.11%),21.66 K
Wed 27 May '26,70.0,72.2,70.0,72.2,+1.2 (+1.69%),7.28 K
Tue 26 May '26,72.0,72.0,68.4,71.0,−0.8 (−1.11%),3.75 K
Mon 25 May '26,72.0,72.2,71.8,71.8,+0.4 (+0.56%),4.43 K
Fri 22 May '26,71.5,71.5,69.0,71.4,+2.4 (+3.48%),13.3 K
Thu 21 May '26,71.4,71.4,69.0,69.0,+0.4 (+0.58%),2.71 K
Wed 20 May '26,71.9,71.9,68.6,68.6,−0.4 (−0.58%),9.54 K
Tue 19 May '26,72.0,72.0,68.8,69.0,+1.0 (+1.47%),2.58 K
Mon 18 May '26,72.0,72.0,68.0,68.0,−3.0 (−4.23%),12.2 K
Fri 15 May '26,72.0,72.0,71.0,71.0,0.0 (0.00%),753
Thu 14 May '26,72.0,72.0,71.0,71.0,−1.0 (−1.39%),1.68 K
Wed 13 May '26,72.0,72.3,72.0,72.0,0.0 (0.00%),10.51 K
Tue 12 May '26,73.0,73.0,71.1,72.0,−1.0 (−1.37%),5.09 K
Mon 11 May '26,72.0,73.1,72.0,73.0,+1.0 (+1.39%),2.16 K
Fri 08 May '26,73.1,73.1,72.0,72.0,0.0 (0.00%),1.4 K
Thu 07 May '26,73.3,73.4,71.3,72.0,−0.3 (−0.41%),2.17 K
Wed 06 May '26,72.1,72.5,72.1,72.3,+0.3 (+0.42%),4.23 K
Tue 05 May '26,71.0,72.5,70.2,72.0,+0.6 (+0.84%),1.4 K
Mon 04 May '26,71.9,72.9,71.4,71.4,−0.3 (−0.42%),12.45 K
Thu 30 Apr '26,71.9,73.9,71.7,71.7,−0.3 (−0.42%),19.91 K
Wed 29 Apr '26,70.0,72.0,68.9,72.0,+2.0 (+2.86%),8.53 K
Tue 28 Apr '26,70.0,70.0,69.4,70.0,+0.3 (+0.43%),6.83 K
Mon 27 Apr '26,72.0,72.0,69.6,69.7,−1.3 (−1.83%),47.24 K
Fri 24 Apr '26,72.0,72.0,71.0,71.0,−0.5 (−0.70%),848
Thu 23 Apr '26,70.5,71.7,70.2,71.5,−0.2 (−0.28%),282
Wed 22 Apr '26,72.0,72.0,71.7,71.7,+1.5 (+2.14%),480
Tue 21 Apr '26,69.5,73.0,69.5,70.2,+0.2 (+0.29%),12.26 K
Mon 20 Apr '26,70.5,70.5,69.0,70.0,−0.1 (−0.14%),44.49 K
Fri 17 Apr '26,71.5,71.5,69.5,70.1,−1.4 (−1.96%),73.32 K
Thu 16 Apr '26,73.2,73.2,71.4,71.5,−0.5 (−0.69%),6.66 K
Wed 15 Apr '26,73.0,73.1,72.0,72.0,−1.9 (−2.57%),10 K
Fri 10 Apr '26,74.5,74.5,71.0,73.9,−2.0 (−2.64%),25.65 K
Thu 09 Apr '26,76.7,76.7,75.0,75.9,−0.1 (−0.13%),89.33 K
Wed 08 Apr '26,74.1,76.6,74.1,76.0,+1.9 (+2.56%),41.34 K
Tue 07 Apr '26,72.3,74.3,72.0,74.1,+1.8 (+2.49%),5.91 K
Mon 06 Apr '26,73.0,73.0,69.0,72.3,+1.3 (+1.83%),58.33 K
Thu 02 Apr '26,75.0,75.0,71.0,71.0,0.0 (0.00%),16.72 K
Tue 31 Mar '26,70.5,71.8,69.7,71.0,+1.2 (+1.72%),156.15 K
Mon 30 Mar '26,69.7,70.0,69.0,69.8,+0.1 (+0.14%),2.81 K
Fri 27 Mar '26,69.7,69.7,69.7,69.7,0.0 (0.00%),15
Thu 26 Mar '26,69.9,69.9,65.1,69.7,−0.3 (−0.43%),15.61 K
Wed 25 Mar '26,69.7,70.0,68.0,70.0,+5.0 (+7.69%),19.36 K
Tue 24 Mar '26,64.6,66.9,64.6,65.0,−1.0 (−1.52%),3.95 K
Mon 23 Mar '26,64.0,66.0,63.0,66.0,−0.5 (−0.75%),3.3 K
Fri 20 Mar '26,64.6,66.5,64.5,66.5,+1.9 (+2.94%),4.22 K
Thu 19 Mar '26,66.6,66.6,64.6,64.6,−2.0 (−3.00%),1.21 K
Wed 18 Mar '26,65.0,66.9,64.0,66.6,+2.6 (+4.06%),4.08 K
Tue 17 Mar '26,68.0,68.0,64.0,64.0,−3.0 (−4.48%),3
Mon 16 Mar '26,67.9,67.9,64.0,67.0,−0.9 (−1.33%),7.54 K
Fri 13 Mar '26,67.6,75.4,67.2,67.9,+0.3 (+0.44%),5.48 K
Thu 12 Mar '26,68.3,70.0,67.6,67.6,−0.5 (−0.73%),6.24 K
Wed 11 Mar '26,69.9,69.9,68.1,68.1,−0.8 (−1.16%),5.39 K
Tue 10 Mar '26,76.0,76.0,68.2,68.9,−0.1 (−0.14%),5.03 K
Mon 09 Mar '26,70.0,70.0,68.0,69.0,−1.2 (−1.71%),15.41 K
Fri 06 Mar '26,70.2,70.2,70.2,70.2,−3.5 (−4.75%),61
Thu 05 Mar '26,70.0,74.0,70.0,73.7,+3.7 (+5.29%),3.16 K
Wed 04 Mar '26,67.8,71.0,67.8,70.0,+2.0 (+2.94%),16.33 K
Tue 03 Mar '26,67.1,72.0,67.1,68.0,−7.0 (−9.33%),20.3 K
Fri 27 Feb '26,77.5,77.5,75.0,75.0,−2.5 (−3.23%),7.51 K
Thu 26 Feb '26,75.1,78.0,75.1,77.5,+1.5 (+1.97%),4.91 K
Wed 25 Feb '26,77.0,78.0,76.0,76.0,−1.0 (−1.30%),6.64 K
Tue 24 Feb '26,79.1,79.1,77.0,77.0,−0.5 (−0.65%),2.27 K
Mon 23 Feb '26,79.3,79.3,77.5,77.5,−1.5 (−1.90%),7.63 K
Fri 20 Feb '26,79.5,79.5,78.0,79.0,0.0 (0.00%),10.28 K
Thu 19 Feb '26,78.1,79.7,78.1,79.0,+1.0 (+1.28%),5.52 K
Wed 18 Feb '26,77.9,79.3,77.9,78.0,−0.9 (−1.14%),102
Tue 17 Feb '26,77.5,78.9,77.5,78.9,+0.4 (+0.51%),2.49 K
Mon 16 Feb '26,77.0,79.6,76.8,78.5,+1.6 (+2.08%),8.92 K
Fri 13 Feb '26,77.0,77.0,75.1,76.9,−0.1 (−0.13%),1.02 K
Thu 12 Feb '26,77.8,77.8,76.5,77.0,+2.0 (+2.67%),21.14 K
Wed 11 Feb '26,74.7,75.0,74.7,75.0,0.0 (0.00%),418
Tue 10 Feb '26,75.5,75.5,75.0,75.0,0.0 (0.00%),13.41 K
Mon 09 Feb '26,74.5,76.0,74.5,75.0,+0.5 (+0.67%),10.61 K
Fri 06 Feb '26,75.0,75.1,74.4,74.5,−0.5 (−0.67%),7.68 K
Thu 05 Feb '26,76.0,76.0,75.0,75.0,0.0 (0.00%),6.27 K
Tue 03 Feb '26,75.0,76.9,75.0,75.0,+0.4 (+0.54%),42.67 K
Mon 02 Feb '26,75.0,75.0,74.6,74.6,−0.4 (−0.53%),3.6 K
Fri 30 Jan '26,77.0,77.0,75.0,75.0,+0.1 (+0.13%),6.89 K
Thu 29 Jan '26,75.0,75.0,74.7,74.9,+0.3 (+0.40%),52.4 K
Wed 28 Jan '26,75.0,75.0,74.6,74.6,−0.3 (−0.40%),10.48 K
Tue 27 Jan '26,75.0,75.0,74.1,74.9,−0.1 (−0.13%),33.99 K
Mon 26 Jan '26,79.9,79.9,75.0,75.0,−1.3 (−1.70%),46.95 K
Fri 23 Jan '26,76.0,78.1,75.7,76.3,+0.4 (+0.53%),43.12 K
Thu 22 Jan '26,76.0,76.9,75.7,75.9,−0.1 (−0.13%),8.68 K
Wed 21 Jan '26,77.6,77.6,75.8,76.0,−1.8 (−2.31%),5.73 K
Tue 20 Jan '26,78.0,78.0,77.8,77.8,−0.1 (−0.13%),6.39 K
Mon 19 Jan '26,79.0,79.0,77.9,77.9,−1.1 (−1.39%),8.36 K
Fri 16 Jan '26,80.0,80.0,79.0,79.0,0.0 (0.00%),27.45 K
Wed 14 Jan '26,79.0,79.9,78.9,79.0,0.0 (0.00%),15.74 K
Tue 13 Jan '26,80.0,80.0,79.0,79.0,−0.9 (−1.13%),25.37 K
Mon 12 Jan '26,81.9,81.9,79.6,79.9,−0.1 (−0.12%),11.47 K
Fri 09 Jan '26,81.0,82.6,79.9,80.0,−1.0 (−1.23%),18.24 K
Thu 08 Jan '26,81.5,83.0,79.6,81.0,−0.5 (−0.61%),31.14 K
Wed 07 Jan '26,83.6,83.6,81.5,81.5,0.0 (0.00%),361
Tue 06 Jan '26,83.6,83.6,81.5,81.5,−1.5 (−1.81%),3.92 K
Mon 05 Jan '26,83.6,83.6,83.0,83.0,−0.8 (−0.95%),14.53 K
Fri 02 Jan '26,84.0,84.0,83.0,83.8,+2.8 (+3.46%),15.04 K
Wed 31 Dec '25,83.9,83.9,80.7,81.0,−1.9 (−2.29%),1.9 K
Tue 30 Dec '25,82.0,84.0,82.0,82.9,−0.6 (−0.72%),16.59 K
Mon 29 Dec '25,84.0,84.0,80.3,83.5,−0.4 (−0.48%),5.38 K
Fri 26 Dec '25,83.9,84.3,80.0,83.9,+3.5 (+4.35%),1.69 K
Wed 24 Dec '25,83.9,84.8,80.4,80.4,+0.4 (+0.50%),1.72 K
Tue 23 Dec '25,81.0,81.0,80.0,80.0,−1.0 (−1.23%),1.8 K
Mon 22 Dec '25,81.0,81.0,81.0,81.0,−3.0 (−3.57%),199
Fri 19 Dec '25,83.0,84.0,83.0,84.0,+2.5 (+3.07%),391
Thu 18 Dec '25,82.0,82.1,81.5,81.5,−1.3 (−1.57%),735
Wed 17 Dec '25,83.9,84.0,82.8,82.8,+2.8 (+3.50%),255
Tue 16 Dec '25,83.0,83.0,79.9,80.0,−2.5 (−3.03%),47.44 K
Mon 15 Dec '25,84.0,84.0,82.5,82.5,0.0 (0.00%),4.46 K
Fri 12 Dec '25,85.9,86.0,82.5,82.5,−0.5 (−0.60%),5.43 K
Thu 11 Dec '25,87.0,89.4,83.0,83.0,−4.0 (−4.60%),19.04 K
Wed 10 Dec '25,87.0,94.0,82.6,87.0,+3.9 (+4.69%),4.99 K
Tue 09 Dec '25,80.6,85.9,80.6,83.1,+2.5 (+3.10%),2.75 K
Mon 08 Dec '25,84.0,84.0,80.3,80.6,−2.4 (−2.89%),4.99 K
Fri 05 Dec '25,81.2,84.9,81.2,83.0,+1.0 (+1.22%),3.59 K
Wed 03 Dec '25,85.0,85.0,82.0,82.0,−3.0 (−3.53%),3.91 K
Tue 02 Dec '25,87.9,88.0,85.0,85.0,−1.0 (−1.16%),3.78 K
Mon 01 Dec '25,89.4,89.5,85.0,86.0,−3.5 (−3.91%),1.96 K
Fri 28 Nov '25,85.3,89.5,85.2,89.5,+4.0 (+4.68%),3.11 K
Thu 27 Nov '25,89.5,89.5,85.3,85.5,−1.5 (−1.72%),8.97 K
Wed 26 Nov '25,86.0,88.0,86.0,87.0,−2.8 (−3.12%),853
Tue 25 Nov '25,89.9,90.0,89.7,89.8,+3.8 (+4.42%),1.67 K
Mon 24 Nov '25,88.5,88.5,85.2,86.0,−2.5 (−2.82%),5.89 K
Fri 21 Nov '25,89.1,89.1,88.5,88.5,−0.7 (−0.78%),1.73 K
Thu 20 Nov '25,89.9,89.9,89.1,89.2,−0.7 (−0.78%),816
Wed 19 Nov '25,90.0,90.0,89.8,89.9,−1.1 (−1.21%),14.43 K
Tue 18 Nov '25,91.0,91.0,90.0,91.0,+1.0 (+1.11%),13
Mon 17 Nov '25,92.0,92.0,89.9,90.0,−2.5 (−2.70%),11.11 K
Fri 14 Nov '25,93.0,93.0,92.0,92.5,−0.5 (−0.54%),400
Thu 13 Nov '25,90.0,95.0,90.0,93.0,+3.0 (+3.33%),12.74 K
Wed 12 Nov '25,90.0,95.0,89.0,90.0,0.0 (0.00%),72.74 K
Tue 11 Nov '25,101.50,101.50,89.5,90.0,−7.4 (−7.60%),28 K
Mon 10 Nov '25,102.25,102.25,97.3,97.4,−4.8 (−4.74%),18.04 K
Fri 07 Nov '25,104.00,104.00,102.25,102.25,−1.75 (−1.68%),726
Thu 06 Nov '25,102.00,104.00,102.00,104.00,+2.25 (+2.21%),1.93 K
Tue 04 Nov '25,102.50,103.00,101.25,101.75,−0.75 (−0.73%),1.11 K
Mon 03 Nov '25,103.75,103.75,101.00,102.50,−2.50 (−2.38%),3.6 K
Fri 31 Oct '25,105.00,105.00,103.50,105.00,+1.50 (+1.45%),3.35 K
Thu 30 Oct '25,108.50,108.50,103.50,103.50,0.00 (0.00%),6.37 K
Wed 29 Oct '25,110.00,110.00,103.50,103.50,−1.50 (−1.43%),26.59 K
Tue 28 Oct '25,110.75,110.75,104.50,105.00,−2.00 (−1.87%),4.07 K
Mon 27 Oct '25,111.25,111.25,107.00,107.00,−2.25 (−2.06%),5.42 K
Fri 24 Oct '25,112.00,112.00,108.25,109.25,+0.75 (+0.69%),5.85 K
Thu 23 Oct '25,108.00,111.75,108.00,108.50,−2.50 (−2.25%),8.82 K
Wed 22 Oct '25,112.75,112.75,109.00,111.00,+2.00 (+1.83%),3.62 K
Tue 21 Oct '25,111.25,114.75,109.00,109.00,−0.50 (−0.46%),24.22 K
Fri 17 Oct '25,110.50,110.50,106.25,109.50,−0.50 (−0.45%),16.11 K
Thu 16 Oct '25,108.00,110.00,105.25,110.00,+1.75 (+1.62%),6.25 K
Wed 15 Oct '25,108.00,110.50,108.00,108.25,+0.25 (+0.23%),2.25 K
Tue 14 Oct '25,109.00,110.75,108.00,108.00,−1.00 (−0.92%),36.3 K
Mon 13 Oct '25,110.50,112.00,109.00,109.00,−6.50 (−5.63%),15.98 K
Fri 10 Oct '25,112.00,115.50,110.75,115.50,0.00 (0.00%),2.82 K
Thu 09 Oct '25,111.75,116.00,111.75,115.50,+1.50 (+1.32%),2.3 K
Wed 08 Oct '25,114.00,116.50,112.75,114.00,−0.25 (−0.22%),11.75 K
Tue 07 Oct '25,118.00,118.00,114.00,114.25,−3.75 (−3.18%),17.8 K
Fri 03 Oct '25,118.00,118.00,116.75,118.00,0.00 (0.00%),13.95 K
Thu 02 Oct '25,119.75,119.75,114.75,118.00,−1.00 (−0.84%),14.42 K
Wed 01 Oct '25,117.50,119.00,114.00,119.00,+2.00 (+1.71%),7.85 K
Tue 30 Sep '25,118.00,119.00,117.00,117.00,0.00 (0.00%),97.73 K
Mon 29 Sep '25,115.25,118.00,114.00,117.00,+1.75 (+1.52%),65.61 K
Fri 26 Sep '25,113.75,118.00,112.00,115.25,+1.50 (+1.32%),82.97 K
Thu 25 Sep '25,113.25,114.75,113.00,113.75,+0.75 (+0.66%),13.28 K
Wed 24 Sep '25,110.75,113.00,110.75,113.00,+2.00 (+1.80%),135.66 K
Tue 23 Sep '25,112.00,113.00,111.00,111.00,−1.00 (−0.89%),17.79 K
Mon 22 Sep '25,110.00,112.00,108.00,112.00,+2.50 (+2.28%),15.78 K
Fri 19 Sep '25,105.00,112.00,105.00,109.50,+2.50 (+2.34%),88.92 K
Thu 18 Sep '25,110.00,110.00,107.00,107.00,−2.00 (−1.83%),54.76 K
Wed 17 Sep '25,110.00,110.00,108.00,109.00,−1.00 (−0.91%),24.55 K
Tue 16 Sep '25,105.00,111.75,105.00,110.00,+5.00 (+4.76%),2.67 K
Mon 15 Sep '25,111.50,113.50,104.75,105.00,−6.75 (−6.04%),25.18 K
Fri 12 Sep '25,109.50,112.00,108.00,111.75,+1.25 (+1.13%),25.7 K
Thu 11 Sep '25,114.75,114.75,109.50,110.50,−3.25 (−2.86%),13.25 K
Wed 10 Sep '25,103.50,114.00,103.00,113.75,+8.75 (+8.33%),384.43 K
Tue 09 Sep '25,103.50,106.50,103.50,105.00,+1.50 (+1.45%),68.17 K
Mon 08 Sep '25,107.00,109.00,103.00,103.50,−3.50 (−3.27%),14.57 K
Thu 04 Sep '25,105.00,107.00,101.00,107.00,+3.00 (+2.88%),93.53 K
Wed 03 Sep '25,104.50,106.75,101.00,104.00,+2.75 (+2.72%),291.73 K
Tue 02 Sep '25,105.00,105.00,100.50,101.25,+1.3 (+1.25%),35.43 K
Mon 01 Sep '25,98.3,103.00,98.3,100.0,+1.9 (+1.94%),109.2 K
Fri 29 Aug '25,97.7,99.0,96.1,98.1,+0.4 (+0.41%),87.45 K
Thu 28 Aug '25,94.9,100.0,94.8,97.7,+2.8 (+2.95%),51.6 K
Wed 27 Aug '25,90.5,95.0,89.2,94.9,+4.9 (+5.44%),582.31 K
Tue 26 Aug '25,90.0,92.5,89.3,90.0,+0.5 (+0.56%),23.04 K
Mon 25 Aug '25,89.0,90.0,89.0,89.5,+0.5 (+0.56%),24.09 K
Fri 22 Aug '25,87.9,90.0,87.9,89.0,+1.0 (+1.14%),28.13 K
Thu 21 Aug '25,87.1,88.0,85.0,88.0,0.0 (0.00%),65.73 K
Wed 20 Aug '25,88.0,89.9,87.2,88.0,−2.0 (−2.22%),36.35 K
Tue 19 Aug '25,90.0,90.0,86.2,90.0,+1.5 (+1.69%),12.55 K
Mon 18 Aug '25,88.2,91.0,88.0,88.5,+1.5 (+1.72%),8.05 K
Fri 15 Aug '25,89.0,89.0,87.0,87.0,−1.9 (−2.14%),13.84 K
Thu 14 Aug '25,90.0,90.0,87.5,88.9,+1.7 (+1.95%),1.57 K
Wed 13 Aug '25,90.0,91.9,87.1,87.2,−2.3 (−2.57%),5.98 K
Tue 12 Aug '25,87.0,92.0,87.0,89.5,+1.0 (+1.13%),6.38 K
Mon 11 Aug '25,90.0,90.0,87.0,88.5,−3.3 (−3.59%),84.55 K
Thu 07 Aug '25,92.7,92.7,90.2,91.8,−0.2 (−0.22%),560
Wed 06 Aug '25,92.9,92.9,90.1,92.0,−0.5 (−0.54%),26.73 K
Tue 05 Aug '25,90.2,92.5,90.0,92.5,−0.5 (−0.54%),31.86 K
Mon 04 Aug '25,93.1,93.1,90.2,93.0,0.0 (0.00%),8.15 K
Fri 01 Aug '25,92.1,95.0,92.1,93.0,−2.0 (−2.11%),42.95 K
Thu 31 Jul '25,94.8,95.0,90.0,95.0,+1.0 (+1.06%),72.3 K
Wed 30 Jul '25,95.0,97.0,94.0,94.0,−1.0 (−1.05%),24.78 K
Tue 29 Jul '25,92.0,95.0,91.5,95.0,+3.0 (+3.26%),234.1 K
Mon 28 Jul '25,96.0,96.0,92.0,92.0,−2.0 (−2.13%),20.44 K
Fri 25 Jul '25,88.2,95.0,88.2,94.0,+4.0 (+4.44%),90.87 K
Thu 24 Jul '25,90.0,91.9,88.9,90.0,0.0 (0.00%),28.38 K
Wed 23 Jul '25,92.0,92.5,88.5,90.0,0.0 (0.00%),41.59 K
Tue 22 Jul '25,83.5,90.0,83.5,90.0,+5.5 (+6.51%),336.39 K
Mon 21 Jul '25,85.0,85.0,84.5,84.5,0.0 (0.00%),622
Fri 18 Jul '25,85.9,86.0,84.5,84.5,−1.5 (−1.74%),24.48 K
Thu 17 Jul '25,86.0,86.0,83.0,86.0,−0.7 (−0.81%),11.28 K
Wed 16 Jul '25,83.6,87.0,83.1,86.7,+2.7 (+3.21%),11.33 K
Tue 15 Jul '25,86.2,86.3,84.0,84.0,−3.0 (−3.45%),35.68 K
Mon 14 Jul '25,87.2,87.2,86.2,87.0,−0.4 (−0.46%),336
Fri 11 Jul '25,88.0,88.0,85.2,87.4,−0.1 (−0.11%),991
Wed 09 Jul '25,86.0,87.5,85.8,87.5,+2.5 (+2.94%),121.39 K
Tue 08 Jul '25,84.7,85.9,82.5,85.0,+0.5 (+0.59%),45.07 K
Mon 07 Jul '25,82.6,84.9,82.6,84.5,+0.5 (+0.60%),65.91 K
Fri 04 Jul '25,84.0,84.0,82.6,84.0,−1.0 (−1.18%),302
Thu 03 Jul '25,84.9,87.8,84.9,85.0,+0.1 (+0.12%),27.37 K
Wed 02 Jul '25,84.9,85.0,82.0,84.9,0.0 (0.00%),6.76 K
Tue 01 Jul '25,85.1,85.1,83.0,84.9,+1.9 (+2.29%),6.12 K
Mon 30 Jun '25,85.5,87.8,83.0,83.0,−2.0 (−2.35%),1.93 K
Fri 27 Jun '25,82.4,85.0,82.4,85.0,+2.8 (+3.41%),10.37 K
Thu 26 Jun '25,82.4,84.0,82.1,82.2,−1.6 (−1.91%),1.71 K
Wed 25 Jun '25,80.3,83.9,80.2,83.8,+1.8 (+2.20%),107.31 K
Tue 24 Jun '25,84.0,84.0,81.5,82.0,+1.5 (+1.86%),8.8 K
Mon 23 Jun '25,80.3,82.5,79.9,80.5,−3.5 (−4.17%),3.94 K
Fri 20 Jun '25,82.0,84.0,82.0,84.0,+3.0 (+3.70%),29.9 K
Thu 19 Jun '25,83.0,83.0,80.5,81.0,−1.0 (−1.22%),15.07 K
Wed 18 Jun '25,85.9,85.9,82.0,82.0,−0.4 (−0.49%),7.09 K
Tue 17 Jun '25,88.0,88.0,82.0,82.4,−0.6 (−0.72%),1.54 K
Mon 16 Jun '25,83.5,84.0,80.6,83.0,−4.5 (−5.14%),61.07 K
Fri 13 Jun '25,87.0,87.5,85.3,87.5,−0.5 (−0.57%),28.59 K
Thu 12 Jun '25,86.7,89.0,86.7,88.0,−1.0 (−1.12%),1.1 K
Wed 11 Jun '25,89.9,89.9,86.7,89.0,−0.3 (−0.34%),2.19 K
Mon 09 Jun '25,88.9,90.0,87.0,89.3,+1.2 (+1.36%),75.42 K
Fri 06 Jun '25,89.0,90.0,88.1,88.1,−0.1 (−0.11%),10.17 K
Thu 05 Jun '25,88.0,89.5,87.0,88.2,+0.2 (+0.23%),32.86 K
Wed 04 Jun '25,85.9,89.0,85.5,88.0,+2.0 (+2.33%),230.83 K
Tue 03 Jun '25,85.0,86.5,85.0,86.0,+0.5 (+0.58%),94.5 K
Mon 02 Jun '25,83.2,86.5,83.2,85.5,+2.1 (+2.52%),138.24 K
Fri 30 May '25,83.0,84.8,82.5,83.4,−2.1 (−2.46%),170.94 K
Thu 29 May '25,83.3,85.5,82.1,85.5,+2.3 (+2.76%),748.98 K
Wed 28 May '25,84.7,85.9,83.1,83.2,−1.8 (−2.12%),6.86 K
Tue 27 May '25,83.6,86.0,83.0,85.0,+1.5 (+1.80%),76.42 K
Mon 26 May '25,80.5,83.7,80.5,83.5,+3.1 (+3.86%),133.29 K
Fri 23 May '25,81.0,81.9,80.0,80.4,+0.4 (+0.50%),33.94 K
Thu 22 May '25,79.0,81.0,79.0,80.0,−1.0 (−1.23%),2.72 K
Wed 21 May '25,80.9,81.0,78.4,81.0,+2.5 (+3.18%),1.8 K
Tue 20 May '25,81.0,81.0,78.2,78.5,−3.4 (−4.15%),3.68 K
Mon 19 May '25,81.2,81.9,81.2,81.9,+1.9 (+2.38%),2.05 K
Fri 16 May '25,81.0,81.0,78.6,80.0,−0.5 (−0.62%),29.04 K
Thu 15 May '25,80.5,81.0,80.5,80.5,−0.5 (−0.62%),13.59 K
Wed 14 May '25,82.0,82.0,80.5,81.0,+0.6 (+0.75%),14.38 K
Fri 09 May '25,83.0,83.0,80.0,80.4,−2.5 (−3.02%),15.37 K
Thu 08 May '25,81.7,82.9,81.7,82.9,+2.9 (+3.63%),11.35 K
Wed 07 May '25,81.0,81.9,75.0,80.0,−1.9 (−2.32%),27.37 K
Tue 06 May '25,82.5,83.0,81.0,81.9,+1.3 (+1.61%),9.29 K
Mon 05 May '25,80.6,83.0,80.6,80.6,−2.7 (−3.24%),13.23 K
Fri 02 May '25,83.4,83.4,80.4,83.3,−0.1 (−0.12%),1.23 K
Wed 30 Apr '25,84.9,84.9,82.2,83.4,−0.6 (−0.71%),5.86 K
Tue 29 Apr '25,83.4,85.0,83.4,84.0,+0.8 (+0.96%),4.14 K
Mon 28 Apr '25,83.4,83.4,82.5,83.2,+0.3 (+0.36%),26.5 K
Fri 25 Apr '25,83.2,83.2,82.5,82.9,−0.1 (−0.12%),11.67 K
Thu 24 Apr '25,83.0,83.3,83.0,83.0,+1.0 (+1.22%),1.41 K
Wed 23 Apr '25,82.0,83.5,80.8,82.0,−0.5 (−0.61%),36.96 K
Tue 22 Apr '25,81.2,82.5,78.3,82.5,+1.3 (+1.60%),21.02 K
Mon 21 Apr '25,78.2,81.2,78.0,81.2,+2.2 (+2.78%),42.65 K
Thu 17 Apr '25,78.0,79.5,78.0,79.0,+0.2 (+0.25%),32.91 K
Wed 16 Apr '25,78.9,79.0,78.8,78.8,−0.1 (−0.13%),1.7 K
Fri 11 Apr '25,79.0,79.0,78.9,78.9,+1.4 (+1.81%),416
Thu 10 Apr '25,79.0,79.0,76.0,77.5,−0.4 (−0.51%),14.8 K
Wed 09 Apr '25,73.0,79.0,73.0,77.9,+1.4 (+1.83%),1.67 K
Tue 08 Apr '25,71.1,78.0,71.1,76.5,−0.5 (−0.65%),5.52 K
Mon 07 Apr '25,75.0,77.9,71.0,77.0,−2.9 (−3.63%),13.41 K
Fri 04 Apr '25,79.0,79.9,76.5,79.9,+0.9 (+1.14%),10.84 K
Thu 03 Apr '25,80.2,81.0,78.9,79.0,−4.2 (−5.05%),10.86 K
Wed 02 Apr '25,79.0,88.0,79.0,83.2,+4.2 (+5.32%),22.56 K
Tue 01 Apr '25,79.0,79.1,77.0,79.0,0.0 (0.00%),34.16 K
Fri 28 Mar '25,79.3,79.7,77.0,79.0,+2.5 (+3.27%),97.72 K
Thu 27 Mar '25,78.3,79.8,74.1,76.5,−1.5 (−1.92%),16.46 K
Wed 26 Mar '25,78.4,78.4,74.0,78.0,−1.0 (−1.27%),6.86 K
Tue 25 Mar '25,73.2,79.0,73.2,79.0,+5.0 (+6.76%),7.54 K
Mon 24 Mar '25,75.5,75.7,74.0,74.0,−1.9 (−2.50%),5.64 K
Fri 21 Mar '25,74.8,77.5,74.8,75.9,+1.1 (+1.47%),9.54 K
Thu 20 Mar '25,74.5,75.0,74.3,74.8,+2.8 (+3.89%),4 K
Wed 19 Mar '25,74.9,74.9,72.0,72.0,−1.0 (−1.37%),18.91 K
Tue 18 Mar '25,73.0,73.0,71.1,73.0,−4.0 (−5.19%),6.25 K
Mon 17 Mar '25,75.5,77.0,73.5,77.0,+0.1 (+0.13%),12.56 K
Fri 14 Mar '25,77.9,80.0,74.9,76.9,0.0 (0.00%),7.48 K
Wed 12 Mar '25,77.1,78.0,70.0,76.9,−0.2 (−0.26%),38.07 K
Tue 11 Mar '25,76.6,79.0,76.6,77.1,−2.9 (−3.63%),405
Mon 10 Mar '25,78.5,80.0,77.1,80.0,+0.1 (+0.13%),2.64 K
Fri 07 Mar '25,76.1,80.0,76.1,79.9,+0.9 (+1.14%),4.35 K
Thu 06 Mar '25,80.5,80.7,74.1,79.0,−0.2 (−0.25%),14.64 K
Wed 05 Mar '25,82.0,82.0,78.1,79.2,−4.8 (−5.71%),31.55 K
Tue 04 Mar '25,84.9,84.9,82.0,84.0,−1.0 (−1.18%),39.42 K
Mon 03 Mar '25,83.1,86.2,83.1,85.0,+2.0 (+2.41%),12.87 K
Fri 28 Feb '25,84.0,85.9,81.0,83.0,−1.0 (−1.19%),50.09 K
Thu 27 Feb '25,85.0,86.9,80.1,84.0,−1.0 (−1.18%),17.44 K
Tue 25 Feb '25,84.5,86.0,83.0,85.0,−0.9 (−1.05%),11.98 K
Mon 24 Feb '25,84.9,87.0,83.8,85.9,+2.3 (+2.75%),129.58 K
Fri 21 Feb '25,82.4,83.9,82.1,83.6,+1.2 (+1.46%),46.46 K
Thu 20 Feb '25,81.4,84.3,79.6,82.4,+1.4 (+1.73%),30.4 K
Wed 19 Feb '25,84.0,84.0,81.0,81.0,−3.0 (−3.57%),11.69 K
Tue 18 Feb '25,87.0,87.0,81.3,84.0,−2.0 (−2.33%),15.2 K
Mon 17 Feb '25,87.2,87.2,84.1,86.0,−1.2 (−1.38%),15.61 K
Fri 14 Feb '25,82.4,88.0,82.4,87.2,+5.2 (+6.34%),47.8 K
Thu 13 Feb '25,82.0,82.5,79.5,82.0,+0.1 (+0.12%),193.63 K
Tue 11 Feb '25,87.0,87.0,81.8,81.9,−6.1 (−6.93%),96.93 K
Mon 10 Feb '25,86.0,88.0,86.0,88.0,0.0 (0.00%),10.32 K
Fri 07 Feb '25,88.0,89.0,87.5,88.0,0.0 (0.00%),8.29 K
Thu 06 Feb '25,87.9,89.0,84.0,88.0,−1.8 (−2.00%),79.14 K
Wed 05 Feb '25,94.0,96.5,87.3,89.8,−7.2 (−7.42%),175.02 K
Mon 03 Feb '25,99.0,99.0,94.0,97.0,−1.0 (−1.02%),52.57 K
Fri 31 Jan '25,99.6,100.0,95.2,98.0,−1.0 (−1.01%),235.82 K
Thu 30 Jan '25,95.0,100.0,95.0,99.0,+2.5 (+2.59%),146.02 K
Wed 29 Jan '25,96.8,99.0,95.0,96.5,+1.5 (+1.58%),103.81 K
Tue 28 Jan '25,95.0,96.3,94.0,95.0,0.0 (0.00%),20.38 K
Mon 27 Jan '25,96.1,96.4,94.0,95.0,0.0 (0.00%),31.17 K
Fri 24 Jan '25,95.0,95.5,94.0,95.0,0.0 (0.00%),19.06 K
Thu 23 Jan '25,95.0,95.0,93.0,95.0,0.0 (0.00%),151.42 K
Wed 22 Jan '25,95.0,97.8,93.5,95.0,+0.1 (+0.11%),110.55 K
Tue 21 Jan '25,96.8,98.0,92.5,94.9,−2.0 (−2.06%),131.41 K
Mon 20 Jan '25,92.0,97.9,92.0,96.9,+6.0 (+6.60%),367.26 K
Fri 17 Jan '25,83.6,91.0,83.5,90.9,+7.3 (+8.73%),369.41 K
Thu 16 Jan '25,82.0,83.7,82.0,83.6,+1.6 (+1.95%),44.55 K
Wed 15 Jan '25,81.0,82.8,81.0,82.0,0.0 (0.00%),67.32 K
Fri 10 Jan '25,80.2,82.7,80.2,82.0,+1.8 (+2.24%),11.49 K
Thu 09 Jan '25,81.8,83.7,80.2,80.2,−1.6 (−1.96%),81.09 K
Wed 08 Jan '25,81.0,82.5,80.0,81.8,+1.8 (+2.25%),15.55 K
Tue 07 Jan '25,79.0,80.0,77.0,80.0,−1.0 (−1.23%),40.74 K
Mon 06 Jan '25,82.9,84.8,78.0,81.0,−3.0 (−3.57%),34.01 K
Fri 03 Jan '25,82.0,86.8,82.0,84.0,0.0 (0.00%),95.65 K
Thu 02 Jan '25,81.9,86.1,80.0,84.0,+2.5 (+3.07%),132.12 K
Tue 31 Dec '24,81.5,84.9,80.1,81.5,0.0 (0.00%),40.44 K
Mon 30 Dec '24,81.8,83.0,81.0,81.5,0.0 (0.00%),18.51 K
Fri 27 Dec '24,83.0,83.0,80.2,81.5,−1.0 (−1.21%),5.74 K
Thu 26 Dec '24,80.4,83.5,80.1,82.5,0.0 (0.00%),68.54 K
Tue 24 Dec '24,82.2,84.5,81.0,82.5,−1.9 (−2.25%),59.77 K
Mon 23 Dec '24,83.2,84.9,82.0,84.4,−0.5 (−0.59%),11.1 K
Fri 20 Dec '24,85.7,88.0,84.1,84.9,−0.1 (−0.12%),66.49 K
Thu 19 Dec '24,82.9,87.0,82.9,85.0,+2.1 (+2.53%),112.68 K
Wed 18 Dec '24,76.0,83.8,76.0,82.9,+5.9 (+7.66%),205.47 K
Tue 17 Dec '24,74.5,77.0,74.2,77.0,+2.0 (+2.67%),86.31 K
Mon 16 Dec '24,74.1,77.0,74.1,75.0,−1.7 (−2.22%),33.84 K
Fri 13 Dec '24,75.5,77.0,75.0,76.7,−0.2 (−0.26%),100.98 K
Thu 12 Dec '24,77.4,78.2,75.5,76.9,+2.1 (+2.81%),59.29 K
Wed 11 Dec '24,76.0,77.4,74.7,74.8,−1.2 (−1.58%),232.73 K
Tue 10 Dec '24,78.0,78.0,74.8,76.0,−2.0 (−2.56%),98.83 K
Mon 09 Dec '24,79.8,79.9,76.5,78.0,−1.0 (−1.27%),99.95 K
Fri 06 Dec '24,76.5,80.0,76.0,79.0,+2.0 (+2.60%),232.37 K
Thu 05 Dec '24,78.5,78.8,74.0,77.0,−1.8 (−2.28%),112.06 K
Wed 04 Dec '24,79.0,79.0,77.8,78.8,−0.1 (−0.13%),127.47 K
Tue 03 Dec '24,79.5,80.0,78.5,78.9,−0.1 (−0.13%),188.44 K
Mon 02 Dec '24,77.2,80.0,77.2,79.0,+1.5 (+1.94%),103.03 K
Fri 29 Nov '24,75.2,78.0,75.2,77.5,+2.5 (+3.33%),207.95 K
Thu 28 Nov '24,75.0,76.0,74.0,75.0,0.0 (0.00%),303.44 K
Wed 27 Nov '24,73.5,75.8,73.0,75.0,+1.1 (+1.49%),223.16 K
Tue 26 Nov '24,70.0,74.3,70.0,73.9,+5.8 (+8.52%),231.35 K
Mon 25 Nov '24,72.8,72.8,68.1,68.1,−4.7 (−6.46%),112.76 K
Fri 22 Nov '24,74.2,74.8,71.7,72.8,+1.7 (+2.39%),146.86 K
Thu 21 Nov '24,65.1,73.7,65.1,71.1,−2.3 (−3.13%),44.67 K
Wed 20 Nov '24,71.9,74.9,71.9,73.4,+1.4 (+1.94%),346.47 K
Tue 19 Nov '24,68.0,72.5,67.1,72.0,+3.1 (+4.50%),205.94 K
Mon 18 Nov '24,68.9,69.0,67.1,68.9,−0.1 (−0.14%),93.11 K
Thu 14 Nov '24,66.8,69.8,66.2,69.0,+2.6 (+3.92%),177.22 K
Wed 13 Nov '24,63.0,67.0,63.0,66.4,+3.4 (+5.40%),538.29 K
Tue 12 Nov '24,62.5,63.4,61.5,63.0,+0.5 (+0.80%),91.03 K
Mon 11 Nov '24,62.7,63.5,61.5,62.5,−0.1 (−0.16%),144.82 K
Fri 08 Nov '24,64.4,64.4,62.5,62.6,−0.9 (−1.42%),57.47 K
Thu 07 Nov '24,65.1,66.0,63.5,63.5,−1.2 (−1.85%),726.2 K
Wed 06 Nov '24,63.0,64.8,63.0,64.7,+1.7 (+2.70%),145.46 K
Tue 05 Nov '24,61.5,63.5,61.5,63.0,+1.1 (+1.78%),150.25 K
Mon 04 Nov '24,60.0,62.0,59.5,61.9,+0.9 (+1.48%),32.04 K
Fri 01 Nov '24,60.5,62.5,60.5,61.0,−1.6 (−2.56%),88.14 K
Wed 30 Oct '24,60.5,63.5,60.0,62.6,+0.2 (+0.32%),111.54 K
Tue 29 Oct '24,62.1,63.5,61.0,62.4,+0.4 (+0.65%),69.7 K
Mon 28 Oct '24,58.2,63.5,58.2,62.0,+3.2 (+5.44%),371.58 K
Fri 25 Oct '24,57.3,59.8,57.3,58.8,+0.3 (+0.51%),90.2 K
Thu 24 Oct '24,56.0,59.7,56.0,58.5,0.0 (0.00%),216.33 K
Wed 23 Oct '24,58.5,58.9,56.6,58.5,+0.4 (+0.69%),147.72 K
Tue 22 Oct '24,59.0,60.2,57.9,58.1,−1.5 (−2.52%),120.88 K
Mon 21 Oct '24,57.9,60.5,57.9,59.6,+1.8 (+3.11%),588.89 K
Fri 18 Oct '24,56.6,58.9,56.6,57.8,+0.9 (+1.58%),364.65 K
Wed 16 Oct '24,50.8,57.0,50.0,56.9,+6.7 (+13.35%),858.86 K
Tue 15 Oct '24,50.5,51.5,49.5,50.2,−0.5 (−0.99%),238.77 K
Mon 14 Oct '24,48.2,52.0,48.2,50.7,+2.5 (+5.19%),1.19 M
Fri 11 Oct '24,43.5,48.5,43.5,48.2,+5.0 (+11.57%),944.64 K
Thu 10 Oct '24,42.0,43.5,42.0,43.2,+1.0 (+2.37%),226.57 K
Wed 09 Oct '24,41.7,42.3,40.1,42.2,0.0 (0.00%),78.03 K
Tue 08 Oct '24,42.9,42.9,41.2,42.2,−0.4 (−0.94%),59.71 K
Mon 07 Oct '24,43.0,43.7,42.0,42.6,−0.2 (−0.47%),142.13 K
Fri 04 Oct '24,40.0,43.5,40.0,42.8,+2.3 (+5.68%),866.97 K
Thu 03 Oct '24,37.7,41.0,36.7,40.5,+3.5 (+9.46%),563.39 K
Wed 02 Oct '24,37.5,37.5,36.0,37.0,−0.7 (−1.86%),71.39 K
Tue 01 Oct '24,36.8,37.7,36.8,37.7,+1.5 (+4.14%),173.05 K
Mon 30 Sep '24,36.9,36.9,35.6,36.2,−0.3 (−0.82%),90.95 K
Fri 27 Sep '24,35.3,36.5,35.3,36.5,−0.4 (−1.08%),2.28 K
Thu 26 Sep '24,37.4,37.4,35.7,36.9,+0.9 (+2.50%),61.68 K
Wed 25 Sep '24,35.5,37.5,35.0,36.0,+1.0 (+2.86%),222.97 K
Tue 24 Sep '24,35.0,35.5,34.1,35.0,+0.1 (+0.29%),6.82 K
Mon 23 Sep '24,34.1,35.8,33.0,34.9,+0.8 (+2.35%),6.98 K
Fri 20 Sep '24,34.6,34.7,34.1,34.1,+0.2 (+0.59%),3.35 K
Thu 19 Sep '24,34.3,34.5,33.9,33.9,−0.4 (−1.17%),221.3 K
Wed 18 Sep '24,34.2,34.4,34.0,34.3,+0.3 (+0.88%),25.7 K
Fri 13 Sep '24,32.9,34.0,32.9,34.0,+1.0 (+3.03%),341
Thu 12 Sep '24,34.0,34.0,33.0,33.0,0.0 (0.00%),160
Wed 11 Sep '24,34.2,34.2,33.0,33.0,−0.9 (−2.65%),58.93 K
Tue 10 Sep '24,34.2,34.4,33.1,33.9,−0.3 (−0.88%),43.97 K
Mon 09 Sep '24,34.4,34.4,34.0,34.2,−0.2 (−0.58%),11.46 K
Fri 06 Sep '24,34.3,34.4,34.3,34.4,+0.7 (+2.08%),530
Thu 05 Sep '24,34.2,34.8,33.3,33.7,−0.5 (−1.46%),23.6 K
Wed 04 Sep '24,34.0,34.2,33.0,34.2,+1.4 (+4.27%),116.9 K
Tue 03 Sep '24,33.0,34.3,32.0,32.8,−0.2 (−0.61%),16.48 K
Mon 02 Sep '24,34.2,34.2,32.9,33.0,−1.2 (−3.51%),23.76 K
Fri 30 Aug '24,33.2,34.5,33.2,34.2,+1.2 (+3.64%),29.82 K
Thu 29 Aug '24,34.5,34.5,32.7,33.0,+0.5 (+1.54%),61.18 K
Wed 28 Aug '24,33.5,34.0,32.0,32.5,−1.3 (−3.85%),130.19 K
Tue 27 Aug '24,34.5,35.0,33.6,33.8,−0.7 (−2.03%),19.46 K
Mon 26 Aug '24,35.0,35.0,34.5,34.5,−0.5 (−1.43%),19.37 K
Fri 23 Aug '24,37.0,37.0,34.6,35.0,−1.4 (−3.85%),67.23 K
Thu 22 Aug '24,36.4,36.4,36.4,36.4,+0.1 (+0.28%),10
Wed 21 Aug '24,36.4,36.4,36.3,36.3,+1.3 (+3.71%),3.71 K
Tue 20 Aug '24,36.4,36.7,35.0,35.0,−2.0 (−5.41%),3.02 K
Fri 16 Aug '24,36.5,37.2,36.5,37.0,−0.1 (−0.27%),34.16 K
Thu 15 Aug '24,37.7,37.8,36.9,37.1,−0.7 (−1.85%),33.23 K
Wed 14 Aug '24,38.0,38.0,37.0,37.8,+0.1 (+0.27%),61.26 K
Tue 13 Aug '24,36.7,39.0,36.7,37.7,+1.0 (+2.72%),276.6 K
Mon 12 Aug '24,34.0,37.0,34.0,36.7,+1.5 (+4.26%),180.07 K
Fri 09 Aug '24,33.6,35.5,33.6,35.2,+2.2 (+6.67%),169.42 K
Thu 08 Aug '24,33.7,34.0,33.0,33.0,−0.7 (−2.08%),38 K
Wed 07 Aug '24,33.5,33.7,33.0,33.7,+0.2 (+0.60%),901
Tue 06 Aug '24,33.2,33.9,32.6,33.5,+0.6 (+1.82%),173.29 K
Mon 05 Aug '24,34.4,34.4,32.9,32.9,−1.1 (−3.24%),20.5 K
Fri 02 Aug '24,34.0,34.3,33.7,34.0,+0.5 (+1.49%),95.19 K
Thu 01 Aug '24,32.5,34.0,32.5,33.5,+3.0 (+9.84%),427.1 K
Wed 31 Jul '24,30.5,30.5,30.5,30.5,+0.5 (+1.67%),99
Tue 30 Jul '24,30.0,30.0,30.0,30.0,−1.4 (−4.46%),550
Mon 29 Jul '24,31.4,32.4,31.4,31.4,−1.5 (−4.56%),51
Fri 26 Jul '24,30.0,32.9,30.0,32.9,+2.9 (+9.67%),660
Thu 25 Jul '24,29.9,30.0,29.9,30.0,−0.1 (−0.33%),5.53 K
Wed 24 Jul '24,30.0,30.5,29.9,30.1,+0.1 (+0.33%),87.06 K
Tue 23 Jul '24,30.6,30.6,29.7,30.0,−0.3 (−0.99%),10.35 K
Fri 19 Jul '24,30.0,30.3,30.0,30.3,−0.3 (−0.98%),1 K
Thu 18 Jul '24,31.0,31.0,29.8,30.6,−0.4 (−1.29%),24.7 K
Wed 17 Jul '24,31.0,32.7,30.7,31.0,+0.3 (+0.98%),25.01 K
Tue 16 Jul '24,30.7,30.7,30.7,30.7,+0.7 (+2.33%),4.02 K
Mon 15 Jul '24,30.0,30.8,29.6,30.0,−0.5 (−1.64%),31.5 K
Fri 12 Jul '24,30.0,30.5,29.5,30.5,0.0 (0.00%),2.2 K
Thu 11 Jul '24,30.0,30.5,29.9,30.5,+0.5 (+1.67%),20.92 K
Wed 10 Jul '24,30.2,30.5,29.9,30.0,−0.7 (−2.28%),17.4 K
Tue 09 Jul '24,31.7,31.7,30.0,30.7,+0.5 (+1.66%),34.9 K
Mon 08 Jul '24,31.9,31.9,30.2,30.2,+0.1 (+0.33%),220
Fri 05 Jul '24,31.1,31.1,30.0,30.1,−1.1 (−3.53%),9.38 K
Thu 04 Jul '24,31.3,31.3,31.0,31.2,−0.8 (−2.50%),3.33 K
Wed 03 Jul '24,32.0,32.0,32.0,32.0,0.0 (0.00%),1
Tue 02 Jul '24,31.2,32.0,31.2,32.0,+0.7 (+2.24%),1.62 K
Mon 01 Jul '24,31.5,31.5,31.3,31.3,−0.1 (−0.32%),8.65 K
Fri 28 Jun '24,31.4,31.4,31.4,31.4,−0.1 (−0.32%),100
Thu 27 Jun '24,31.5,31.5,31.5,31.5,−0.5 (−1.56%),1.85 K
Wed 26 Jun '24,31.6,32.0,31.6,32.0,+0.4 (+1.27%),2.65 K
Tue 25 Jun '24,31.7,32.2,31.6,31.6,−0.4 (−1.25%),1.41 K
Mon 24 Jun '24,32.5,32.5,32.0,32.0,−0.5 (−1.54%),5.16 K
Thu 20 Jun '24,32.5,32.6,32.5,32.5,+0.9 (+2.85%),2.97 K
Wed 19 Jun '24,31.6,31.6,31.6,31.6,−1.1 (−3.36%),1.4 K
Tue 18 Jun '24,31.4,32.7,31.4,32.7,−0.2 (−0.61%),530
Fri 14 Jun '24,32.9,32.9,32.9,32.9,+0.4 (+1.23%),250
Thu 13 Jun '24,33.2,33.2,31.5,32.5,−0.7 (−2.11%),24.73 K
Wed 12 Jun '24,33.2,33.2,33.2,33.2,−0.1 (−0.30%),1
Tue 11 Jun '24,33.3,33.3,33.3,33.3,−0.1 (−0.30%),1
Mon 10 Jun '24,33.1,33.5,32.0,33.4,+0.4 (+1.21%),1.22 K
Fri 07 Jun '24,33.3,33.3,33.0,33.0,−0.4 (−1.20%),4.61 K
Thu 06 Jun '24,31.1,33.8,31.1,33.4,+1.4 (+4.38%),8.48 K
Wed 05 Jun '24,31.7,32.2,31.7,32.0,+1.0 (+3.23%),301
Mon 03 Jun '24,32.3,32.3,30.8,31.0,−1.2 (−3.73%),2.21 K
Thu 30 May '24,31.1,32.3,30.4,32.2,+1.0 (+3.21%),2.21 K
Wed 29 May '24,31.0,31.2,31.0,31.2,−0.1 (−0.32%),1.9 K
Tue 28 May '24,32.3,32.3,31.2,31.3,+0.6 (+1.95%),2.5 K
Mon 27 May '24,32.3,32.3,30.7,30.7,−1.6 (−4.95%),235
Wed 22 May '24,32.3,32.3,27.2,32.3,+0.3 (+0.94%),2.31 K
Tue 21 May '24,32.0,32.0,32.0,32.0,−0.3 (−0.93%),99
Mon 20 May '24,32.3,32.3,32.3,32.3,+0.1 (+0.31%),20
Fri 17 May '24,31.5,32.2,31.5,32.2,−0.1 (−0.31%),150
Thu 16 May '24,31.5,32.3,31.5,32.3,+0.6 (+1.89%),103
Wed 15 May '24,32.5,32.5,31.7,31.7,−0.5 (−1.55%),22.52 K
Tue 14 May '24,32.5,32.9,32.2,32.2,−0.3 (−0.92%),12.78 K
Mon 13 May '24,32.7,32.7,32.1,32.5,−0.4 (−1.22%),77.15 K
Fri 10 May '24,32.6,32.9,32.6,32.9,+0.4 (+1.23%),2.9 K
Thu 09 May '24,32.7,32.7,32.0,32.5,−0.2 (−0.61%),9.5 K
Wed 08 May '24,32.5,32.7,32.5,32.7,+0.2 (+0.62%),2.08 K
Tue 07 May '24,32.5,32.9,32.5,32.5,−0.4 (−1.22%),11.7 K
Mon 06 May '24,32.9,32.9,32.5,32.9,+0.9 (+2.81%),6.75 K
Fri 03 May '24,32.0,32.5,32.0,32.0,0.0 (0.00%),13.51 K
Thu 02 May '24,32.0,33.0,31.6,32.0,−0.5 (−1.54%),68.54 K
Tue 30 Apr '24,32.9,32.9,32.0,32.5,+0.1 (+0.31%),21.65 K
Mon 29 Apr '24,32.9,32.9,32.0,32.4,+0.4 (+1.25%),23.37 K
Fri 26 Apr '24,32.5,32.9,31.5,32.0,+0.3 (+0.95%),22.81 K
Thu 25 Apr '24,31.5,31.7,31.1,31.7,−0.3 (−0.94%),9.03 K
Wed 24 Apr '24,31.2,32.4,31.2,32.0,+0.6 (+1.91%),1.94 K
Mon 22 Apr '24,31.9,31.9,31.2,31.4,−0.6 (−1.88%),1.3 K
Fri 19 Apr '24,31.1,32.0,31.1,32.0,+0.8 (+2.56%),14.89 K
Thu 18 Apr '24,32.0,32.0,31.2,31.2,−0.8 (−2.50%),2 K
Wed 17 Apr '24,31.2,32.0,31.2,32.0,+0.9 (+2.89%),5 K
Tue 16 Apr '24,31.8,31.8,31.1,31.1,−0.6 (−1.89%),3.71 K
Mon 15 Apr '24,31.7,31.7,31.7,31.7,0.0 (0.00%),800
Wed 10 Apr '24,31.7,31.7,31.0,31.7,+0.5 (+1.60%),5.23 K
Tue 09 Apr '24,31.4,31.8,31.0,31.2,−0.7 (−2.19%),8.04 K
Mon 08 Apr '24,31.5,31.9,31.5,31.9,+0.4 (+1.27%),6.9 K
Fri 05 Apr '24,31.6,31.8,31.5,31.5,−0.3 (−0.94%),2.68 K
Thu 04 Apr '24,31.9,31.9,31.7,31.8,0.0 (0.00%),27 K
Wed 03 Apr '24,31.7,31.8,31.7,31.8,−0.1 (−0.31%),201
Tue 02 Apr '24,31.8,32.0,31.7,31.9,0.0 (0.00%),37.45 K
Mon 01 Apr '24,32.5,32.5,31.9,31.9,0.0 (0.00%),1.27 K
Thu 28 Mar '24,32.1,32.5,31.8,31.9,−0.8 (−2.45%),191.61 K
Wed 27 Mar '24,32.7,32.7,32.7,32.7,+0.2 (+0.62%),3.64 K
Tue 26 Mar '24,32.5,32.5,32.0,32.5,−0.2 (−0.61%),52.55 K
Mon 25 Mar '24,32.9,33.0,32.7,32.7,+0.7 (+2.19%),2.01 K
Fri 22 Mar '24,32.9,32.9,32.0,32.0,0.0 (0.00%),2.39 K
Thu 21 Mar '24,32.1,33.0,31.7,32.0,−0.1 (−0.31%),22.2 K
Wed 20 Mar '24,32.8,33.3,32.0,32.1,−0.7 (−2.13%),29.24 K
Tue 19 Mar '24,32.9,32.9,32.2,32.8,+0.8 (+2.50%),8.22 K
Mon 18 Mar '24,32.0,32.0,32.0,32.0,0.0 (0.00%),25
Fri 15 Mar '24,32.0,32.0,31.8,32.0,−0.1 (−0.31%),3.32 K
Thu 14 Mar '24,32.7,32.7,32.0,32.1,−0.9 (−2.73%),4.3 K
Wed 13 Mar '24,33.3,34.8,32.5,33.0,−0.3 (−0.90%),2.42 K
Tue 12 Mar '24,32.8,33.4,31.8,33.3,+1.5 (+4.72%),32.5 K
Mon 11 Mar '24,31.5,32.9,31.4,31.8,+0.3 (+0.95%),76.38 K
Thu 07 Mar '24,32.0,32.0,31.5,31.5,−0.5 (−1.56%),21.82 K
Wed 06 Mar '24,32.1,32.1,32.0,32.0,0.0 (0.00%),9.36 K
Tue 05 Mar '24,32.0,32.0,32.0,32.0,0.0 (0.00%),3 K
Mon 04 Mar '24,32.5,32.5,31.7,32.0,−0.6 (−1.84%),1.14 K
Fri 01 Mar '24,32.0,32.6,32.0,32.6,−0.4 (−1.21%),5.7 K
Thu 29 Feb '24,33.0,33.0,32.0,33.0,0.0 (0.00%),4.53 K
Wed 28 Feb '24,33.5,33.5,32.5,33.0,+0.5 (+1.54%),18.52 K
Tue 27 Feb '24,32.5,32.5,32.5,32.5,+0.5 (+1.56%),1
Mon 26 Feb '24,32.0,33.9,32.0,32.0,0.0 (0.00%),36.91 K
Thu 22 Feb '24,32.0,32.7,32.0,32.0,−0.5 (−1.54%),3.07 K
Wed 21 Feb '24,32.7,32.7,32.0,32.5,+0.1 (+0.31%),1.02 K
Tue 20 Feb '24,31.0,32.4,31.0,32.4,+1.4 (+4.52%),400
Mon 19 Feb '24,32.4,32.9,31.0,31.0,−0.7 (−2.21%),22.21 K
Fri 16 Feb '24,31.6,32.4,31.6,31.7,−0.1 (−0.31%),246
Thu 15 Feb '24,32.0,32.7,31.8,31.8,−0.2 (−0.63%),37.01 K
Wed 14 Feb '24,31.9,32.0,31.9,32.0,−0.8 (−2.44%),3.35 K
Tue 13 Feb '24,31.7,32.9,31.7,32.8,+0.9 (+2.82%),50.34 K
Mon 12 Feb '24,32.3,32.4,31.5,31.9,−0.2 (−0.62%),11.9 K
Thu 08 Feb '24,32.0,32.1,32.0,32.1,−1.4 (−4.18%),10.3 K
Wed 07 Feb '24,33.5,33.5,33.5,33.5,0.0 (0.00%),500
Tue 06 Feb '24,33.5,33.5,33.4,33.5,+0.5 (+1.52%),15.45 K
Fri 02 Feb '24,33.5,33.5,33.0,33.0,−0.5 (−1.49%),304
Thu 01 Feb '24,34.0,34.0,32.1,33.5,−0.4 (−1.18%),788
Tue 30 Jan '24,32.0,33.9,32.0,33.9,+1.8 (+5.61%),159
Mon 29 Jan '24,32.0,33.0,32.0,32.1,−0.9 (−2.73%),3.79 K
Fri 26 Jan '24,33.1,33.2,33.0,33.0,−0.9 (−2.65%),1.71 K
Wed 24 Jan '24,33.0,33.9,33.0,33.9,−0.9 (−2.59%),4.43 K
Mon 22 Jan '24,34.8,34.8,34.8,34.8,+0.8 (+2.35%),1
Fri 19 Jan '24,33.5,34.5,33.5,34.0,0.0 (0.00%),25.64 K
Thu 18 Jan '24,34.9,34.9,34.0,34.0,−0.9 (−2.58%),16.47 K
Wed 17 Jan '24,35.0,35.0,34.0,34.9,+0.7 (+2.05%),81.22 K
Tue 16 Jan '24,34.2,34.2,34.2,34.2,−0.8 (−2.29%),820
Fri 12 Jan '24,34.0,35.0,34.0,35.0,+1.0 (+2.94%),101.93 K
Thu 11 Jan '24,35.0,35.0,34.0,34.0,−1.0 (−2.86%),2.74 K
Wed 10 Jan '24,34.8,36.0,34.0,35.0,+0.5 (+1.45%),34.88 K
Tue 09 Jan '24,34.5,34.9,34.0,34.5,−0.2 (−0.58%),28.5 K
Mon 08 Jan '24,34.7,34.7,33.2,34.7,+0.2 (+0.58%),2.52 K
Fri 05 Jan '24,34.0,34.7,34.0,34.5,+0.5 (+1.47%),2 K
Thu 04 Jan '24,34.0,34.0,34.0,34.0,−0.5 (−1.45%),201
Wed 03 Jan '24,34.9,34.9,33.4,34.5,+1.2 (+3.60%),6.8 K
Tue 02 Jan '24,34.5,34.7,33.0,33.3,−1.4 (−4.03%),6.02 K
Fri 29 Dec '23,34.7,34.7,34.7,34.7,−0.2 (−0.57%),100
Thu 28 Dec '23,34.0,36.0,33.1,34.9,+0.5 (+1.45%),7.77 K
Wed 27 Dec '23,32.9,34.4,32.9,34.4,+0.4 (+1.18%),12.5 K
Fri 22 Dec '23,33.5,34.4,32.8,34.0,0.0 (0.00%),11.1 K
Thu 21 Dec '23,34.2,34.2,33.0,34.0,+0.6 (+1.80%),29.7 K
Wed 20 Dec '23,34.8,35.0,33.3,33.4,0.0 (0.00%),39.25 K
Tue 19 Dec '23,33.3,35.0,33.0,33.4,+0.1 (+0.30%),36.84 K
Mon 18 Dec '23,33.0,33.3,32.0,33.3,+1.5 (+4.72%),8.41 K
Fri 15 Dec '23,31.8,31.8,31.8,31.8,−1.0 (−3.05%),1
Thu 14 Dec '23,33.2,33.2,32.8,32.8,−0.2 (−0.61%),602
Wed 13 Dec '23,33.5,33.5,31.7,33.0,−0.5 (−1.49%),702
Tue 12 Dec '23,33.9,33.9,32.5,33.5,+0.5 (+1.52%),22.15 K
Mon 11 Dec '23,33.3,33.9,32.5,33.0,0.0 (0.00%),17.51 K
Fri 08 Dec '23,32.4,33.0,32.0,33.0,+1.6 (+5.10%),15.57 K
Thu 07 Dec '23,32.8,32.8,31.4,31.4,−1.1 (−3.38%),5.56 K
Wed 06 Dec '23,32.5,32.5,32.5,32.5,−0.4 (−1.22%),100
Tue 05 Dec '23,31.5,32.9,31.3,32.9,+1.2 (+3.79%),41.74 K
Mon 04 Dec '23,32.7,32.7,31.7,31.7,0.0 (0.00%),10.1 K
Fri 01 Dec '23,32.5,32.5,31.6,31.7,−0.8 (−2.46%),4.52 K
Thu 30 Nov '23,32.8,33.0,31.7,32.5,0.0 (0.00%),5.82 K
Wed 29 Nov '23,32.9,32.9,31.5,32.5,+0.5 (+1.56%),21.63 K
Tue 28 Nov '23,32.0,32.0,32.0,32.0,−0.5 (−1.54%),132
Mon 27 Nov '23,32.5,32.5,32.5,32.5,−0.4 (−1.22%),1.25 K
Fri 24 Nov '23,32.9,32.9,32.9,32.9,+0.2 (+0.61%),354
Thu 23 Nov '23,33.0,33.0,31.3,32.7,−0.1 (−0.30%),1.5 K
Wed 22 Nov '23,32.5,33.0,31.2,32.8,+0.2 (+0.61%),14.19 K
Tue 21 Nov '23,32.9,32.9,32.6,32.6,+0.1 (+0.31%),66
Mon 20 Nov '23,33.0,33.0,31.5,32.5,−0.5 (−1.52%),12.26 K
Fri 17 Nov '23,32.0,33.0,31.5,33.0,+0.6 (+1.85%),3.51 K
Thu 16 Nov '23,32.0,32.8,31.3,32.4,−0.1 (−0.31%),28.8 K
Wed 15 Nov '23,33.4,33.4,32.0,32.5,−0.5 (−1.52%),12.06 K
Tue 14 Nov '23,33.5,33.5,33.0,33.0,−0.5 (−1.49%),24.89 K
Mon 13 Nov '23,33.7,34.0,32.5,33.5,+0.4 (+1.21%),61.57 K
Fri 10 Nov '23,33.5,33.5,33.1,33.1,+0.5 (+1.53%),3.11 K
Thu 09 Nov '23,32.8,33.0,32.6,32.6,−1.3 (−3.83%),6.63 K
Wed 08 Nov '23,34.1,34.1,32.7,33.9,−0.2 (−0.59%),1 K
Tue 07 Nov '23,33.3,34.3,32.5,34.1,+0.6 (+1.79%),23.18 K
Mon 06 Nov '23,31.9,34.5,31.9,33.5,+0.1 (+0.30%),1.55 K
Fri 03 Nov '23,31.7,33.4,31.6,33.4,+0.3 (+0.91%),3.31 K
Thu 02 Nov '23,33.9,34.0,31.7,33.1,+0.1 (+0.30%),3.2 K
Wed 01 Nov '23,31.5,33.0,31.0,33.0,+0.6 (+1.85%),34.64 K
Tue 31 Oct '23,32.8,32.8,31.0,32.4,+0.8 (+2.53%),18.64 K
Mon 30 Oct '23,33.0,33.0,31.6,31.6,−0.8 (−2.47%),1.97 K
Fri 27 Oct '23,31.9,32.5,31.5,32.4,+0.4 (+1.25%),5.63 K
Thu 26 Oct '23,32.5,32.5,31.3,32.0,+0.2 (+0.63%),1.9 K
Wed 25 Oct '23,33.2,33.2,31.8,31.8,−1.0 (−3.05%),4.44 K
Tue 24 Oct '23,32.0,32.8,32.0,32.8,+0.7 (+2.18%),9.33 K
Mon 23 Oct '23,33.5,33.5,32.1,32.1,−1.4 (−4.18%),5.87 K
Fri 20 Oct '23,32.8,33.8,32.0,33.5,+0.5 (+1.52%),9.56 K
Thu 19 Oct '23,31.5,33.0,31.5,33.0,+1.1 (+3.45%),16.05 K
Wed 18 Oct '23,32.0,32.0,31.6,31.9,−1.0 (−3.04%),4.55 K
Tue 17 Oct '23,33.5,33.5,32.0,32.9,−0.6 (−1.79%),28.04 K
Mon 16 Oct '23,33.7,33.7,32.0,33.5,+0.5 (+1.52%),272
Fri 13 Oct '23,32.0,34.0,32.0,33.0,−0.3 (−0.90%),8.99 K
Thu 12 Oct '23,33.1,33.5,31.3,33.3,0.0 (0.00%),7.23 K
Wed 11 Oct '23,33.5,33.5,31.9,33.3,−0.2 (−0.60%),11.51 K
Tue 10 Oct '23,33.7,33.7,32.4,33.5,−0.3 (−0.89%),2.22 K
Mon 09 Oct '23,34.3,34.3,31.9,33.8,−0.2 (−0.59%),6.54 K
Fri 06 Oct '23,34.9,34.9,32.0,34.0,−0.8 (−2.30%),34.15 K
Thu 05 Oct '23,34.8,34.9,34.0,34.8,−0.1 (−0.29%),3.09 K
Wed 04 Oct '23,34.5,34.9,34.0,34.9,+0.2 (+0.58%),10.38 K
Tue 03 Oct '23,34.9,34.9,34.0,34.7,−0.2 (−0.57%),532
Mon 02 Oct '23,34.9,34.9,34.0,34.9,+0.8 (+2.35%),1.31 K
Wed 27 Sep '23,34.1,34.9,34.0,34.1,0.0 (0.00%),19.92 K
Tue 26 Sep '23,34.9,34.9,34.1,34.1,0.0 (0.00%),4.07 K
Mon 25 Sep '23,35.0,35.0,34.0,34.1,−0.8 (−2.29%),138
Fri 22 Sep '23,33.7,35.0,33.6,34.9,+1.3 (+3.87%),333
Thu 21 Sep '23,34.4,34.6,33.6,33.6,−0.9 (−2.61%),13.61 K
Wed 20 Sep '23,35.3,35.3,34.4,34.5,−0.4 (−1.15%),3.25 K
Tue 19 Sep '23,34.5,35.0,34.3,34.9,+0.4 (+1.16%),4.26 K
Mon 18 Sep '23,35.3,35.4,34.4,34.5,−0.9 (−2.54%),2.01 K
Fri 15 Sep '23,35.3,35.5,34.3,35.4,+0.1 (+0.28%),3.49 K
Thu 14 Sep '23,35.3,35.4,34.3,35.3,+0.3 (+0.86%),2.16 K
Wed 13 Sep '23,35.4,35.4,35.0,35.0,−0.1 (−0.28%),3.2 K
Tue 12 Sep '23,34.4,36.2,34.0,35.1,−0.7 (−1.96%),35.12 K
Mon 11 Sep '23,35.8,36.7,34.1,35.8,+0.8 (+2.29%),19.59 K
Fri 08 Sep '23,34.8,35.0,34.7,35.0,−0.7 (−1.96%),3.2 K
Thu 07 Sep '23,35.5,35.8,34.7,35.7,+1.0 (+2.88%),2.35 K
Wed 06 Sep '23,36.5,36.5,34.3,34.7,−0.2 (−0.57%),5.42 K
Tue 05 Sep '23,36.8,36.8,34.3,34.9,−0.4 (−1.13%),12.62 K
Mon 04 Sep '23,36.8,37.3,35.0,35.3,−1.0 (−2.75%),20.35 K
Fri 01 Sep '23,36.9,37.7,36.2,36.3,−0.2 (−0.55%),54.44 K
Thu 31 Aug '23,34.9,36.8,34.9,36.5,+3.0 (+8.96%),74.92 K
Tue 29 Aug '23,34.9,34.9,33.5,33.5,−1.5 (−4.29%),3.83 K
Mon 28 Aug '23,35.1,35.6,33.0,35.0,0.0 (0.00%),58.14 K
Fri 25 Aug '23,35.0,35.0,33.4,35.0,+2.2 (+6.71%),7.71 K
Thu 24 Aug '23,35.3,35.3,32.8,32.8,−2.2 (−6.29%),41.65 K
Wed 23 Aug '23,34.5,35.4,33.0,35.0,+0.5 (+1.45%),1.75 K
Tue 22 Aug '23,36.5,37.8,34.5,34.5,−0.5 (−1.43%),36.05 K
Mon 21 Aug '23,35.5,35.5,35.0,35.0,+0.1 (+0.29%),3.88 K
Fri 18 Aug '23,35.4,36.9,34.9,34.9,−1.1 (−3.06%),30.04 K
Thu 17 Aug '23,36.0,36.3,35.2,36.0,0.0 (0.00%),40.8 K
Wed 16 Aug '23,35.4,37.8,35.2,36.0,−1.3 (−3.49%),28.55 K
Tue 15 Aug '23,37.5,37.5,35.4,37.3,+0.3 (+0.81%),7.77 K
Mon 14 Aug '23,36.1,37.5,36.1,37.0,+0.9 (+2.49%),436
Fri 11 Aug '23,37.5,37.5,36.0,36.1,−0.4 (−1.10%),1.1 K
Thu 10 Aug '23,35.2,37.9,35.2,36.5,−0.9 (−2.41%),3.63 K
Wed 09 Aug '23,37.5,37.5,36.0,37.4,+0.9 (+2.47%),5.05 K
Tue 08 Aug '23,38.5,38.5,36.0,36.5,−1.5 (−3.95%),5.76 K
Mon 07 Aug '23,38.8,38.8,35.0,38.0,+0.4 (+1.06%),60.88 K
Fri 04 Aug '23,38.6,39.8,37.1,37.6,−1.2 (−3.09%),3.98 K
Thu 03 Aug '23,40.0,40.0,38.2,38.8,−0.9 (−2.27%),9.92 K
Wed 02 Aug '23,40.3,41.5,39.0,39.7,−0.8 (−1.98%),28.34 K
Mon 31 Jul '23,42.3,42.3,40.2,40.5,+0.5 (+1.25%),76.79 K
Fri 28 Jul '23,39.8,44.0,39.8,40.0,−0.9 (−2.20%),611.91 K
Thu 27 Jul '23,39.0,40.9,38.2,40.9,+1.2 (+3.02%),112.08 K
Wed 26 Jul '23,38.6,40.9,38.6,39.7,+1.3 (+3.39%),205.34 K
Tue 25 Jul '23,35.6,39.0,35.6,38.4,+2.2 (+6.08%),351.48 K
Mon 24 Jul '23,36.2,36.5,36.1,36.2,+0.1 (+0.28%),7.59 K
Fri 21 Jul '23,36.8,36.9,35.9,36.1,+0.6 (+1.69%),18.1 K
Thu 20 Jul '23,37.0,37.0,35.2,35.5,−0.7 (−1.93%),20.61 K
Wed 19 Jul '23,36.0,36.9,36.0,36.2,−0.2 (−0.55%),88.84 K
Tue 18 Jul '23,36.5,37.0,35.2,36.4,−0.5 (−1.36%),23.57 K
Mon 17 Jul '23,38.0,38.0,36.0,36.9,+0.1 (+0.27%),37.48 K
Fri 14 Jul '23,36.9,37.7,36.6,36.8,−0.2 (−0.54%),19.18 K
Thu 13 Jul '23,35.4,38.0,35.4,37.0,+0.2 (+0.54%),84.97 K
Wed 12 Jul '23,36.9,37.2,35.0,36.8,+0.3 (+0.82%),503.55 K
Tue 11 Jul '23,36.4,36.5,35.6,36.5,+0.3 (+0.83%),103.25 K
Mon 10 Jul '23,35.7,36.5,35.1,36.2,+0.8 (+2.26%),69.66 K
Fri 07 Jul '23,32.9,35.6,32.7,35.4,−0.1 (−0.28%),43.6 K
Thu 06 Jul '23,33.7,35.9,33.5,35.5,+1.0 (+2.90%),4.81 K
Wed 05 Jul '23,33.4,34.8,33.4,34.5,+1.1 (+3.29%),24.28 K
Tue 04 Jul '23,32.4,33.5,31.9,33.4,+1.7 (+5.36%),11.78 K
Wed 28 Jun '23,32.9,33.0,31.5,31.7,−1.3 (−3.94%),6.91 K
Tue 27 Jun '23,33.0,33.0,33.0,33.0,0.0 (0.00%),55
Mon 26 Jun '23,32.6,33.4,32.6,33.0,+0.4 (+1.23%),3.23 K
Fri 23 Jun '23,33.4,33.6,31.6,32.6,0.0 (0.00%),196
Thu 22 Jun '23,32.6,32.6,32.5,32.6,0.0 (0.00%),1.14 K
Wed 21 Jun '23,33.5,33.5,30.0,32.6,−0.9 (−2.69%),31.8 K
Tue 20 Jun '23,33.1,33.5,33.1,33.5,−0.3 (−0.89%),1 K
Mon 19 Jun '23,33.5,33.8,33.5,33.8,0.0 (0.00%),1 K
Fri 16 Jun '23,33.4,33.8,33.3,33.8,0.0 (0.00%),1.27 K
Thu 15 Jun '23,33.7,34.9,33.7,33.8,+0.5 (+1.50%),1.98 K
Wed 14 Jun '23,33.3,33.4,33.0,33.3,−0.1 (−0.30%),27.79 K
Tue 13 Jun '23,34.5,34.5,33.4,33.4,−1.2 (−3.47%),7
Mon 12 Jun '23,35.7,35.7,34.5,34.6,+1.5 (+4.53%),1.02 K
Fri 09 Jun '23,35.0,35.0,33.1,33.1,−0.9 (−2.65%),7.04 K
Thu 08 Jun '23,34.5,34.9,33.9,34.0,−0.6 (−1.73%),1.92 K
Wed 07 Jun '23,34.6,34.6,34.6,34.6,−1.2 (−3.35%),2
Tue 06 Jun '23,35.8,35.8,35.8,35.8,+0.3 (+0.85%),875
Mon 05 Jun '23,35.8,35.8,34.6,35.5,+0.4 (+1.14%),105
Fri 02 Jun '23,36.0,36.0,34.4,35.1,+0.4 (+1.15%),2.65 K
Thu 01 Jun '23,34.7,36.8,34.4,34.7,−1.3 (−3.61%),22.91 K
Wed 31 May '23,37.5,37.5,35.1,36.0,0.0 (0.00%),9.17 K
Tue 30 May '23,35.2,37.4,35.1,36.0,0.0 (0.00%),2.61 K
Mon 29 May '23,36.0,36.0,36.0,36.0,−1.4 (−3.74%),5 K
Fri 26 May '23,38.0,38.0,35.6,37.4,−0.6 (−1.58%),1.27 K
Thu 25 May '23,36.1,38.0,36.1,38.0,+0.5 (+1.33%),3.5 K
Wed 24 May '23,36.0,38.0,36.0,37.5,+1.0 (+2.74%),18.71 K
Tue 23 May '23,34.4,36.8,34.0,36.5,+0.6 (+1.67%),80.72 K
Mon 22 May '23,35.6,35.9,34.3,35.9,0.0 (0.00%),1.36 K
Fri 19 May '23,35.7,35.9,35.6,35.9,−0.1 (−0.28%),1.13 K
Thu 18 May '23,35.1,36.6,35.0,36.0,−0.9 (−2.44%),10.26 K
Wed 17 May '23,36.9,36.9,36.9,36.9,−0.4 (−1.07%),3.12 K
Tue 16 May '23,37.3,37.3,37.3,37.3,−0.1 (−0.27%),1
Mon 15 May '23,37.4,37.4,35.7,37.4,−0.1 (−0.27%),1.38 K
Fri 12 May '23,36.8,38.7,35.0,37.5,+0.6 (+1.63%),7.29 K
Thu 11 May '23,34.2,37.9,34.2,36.9,+2.9 (+8.53%),3.13 K
Wed 10 May '23,34.0,36.0,33.1,34.0,−0.1 (−0.29%),19.12 K
Tue 09 May '23,34.1,34.1,33.9,34.1,+0.5 (+1.49%),16.37 K
Mon 08 May '23,33.1,38.9,33.1,33.6,−3.1 (−8.45%),29.45 K
Thu 04 May '23,34.2,36.7,33.5,36.7,0.0 (0.00%),5.52 K
Wed 03 May '23,36.9,36.9,34.0,36.7,−0.2 (−0.54%),50.26 K
Tue 02 May '23,37.8,37.8,33.5,36.9,−0.6 (−1.60%),3.77 K
Fri 28 Apr '23,40.6,40.6,37.5,37.5,+0.5 (+1.35%),93
Thu 27 Apr '23,36.5,37.1,36.0,37.0,+0.5 (+1.37%),4.72 K
Wed 26 Apr '23,40.0,40.0,36.5,36.5,−1.4 (−3.69%),4.17 K
Tue 25 Apr '23,36.3,37.9,36.1,37.9,+1.8 (+4.99%),2.55 K
Mon 24 Apr '23,38.0,38.0,36.0,36.1,−1.9 (−5.00%),1.75 K
Fri 21 Apr '23,38.2,38.2,38.0,38.0,0.0 (0.00%),23
Thu 20 Apr '23,38.0,38.0,37.9,38.0,−0.2 (−0.52%),4.11 K
Wed 19 Apr '23,38.2,38.3,38.2,38.2,−0.1 (−0.26%),1.63 K
Tue 18 Apr '23,39.1,39.1,38.3,38.3,−0.9 (−2.30%),24
Mon 17 Apr '23,39.9,39.9,38.2,39.2,+0.2 (+0.51%),1.58 K
Wed 12 Apr '23,39.5,40.2,39.0,39.0,−0.4 (−1.02%),2.01 K
Tue 11 Apr '23,36.8,40.8,36.8,39.4,+2.4 (+6.49%),9.45 K
Mon 10 Apr '23,35.0,37.0,35.0,37.0,+0.7 (+1.93%),23.14 K
Thu 06 Apr '23,35.1,36.3,35.0,36.3,+1.2 (+3.42%),2.28 K
Tue 04 Apr '23,35.1,35.1,35.1,35.1,0.0 (0.00%),10.07 K
Mon 03 Apr '23,36.0,36.0,35.1,35.1,−1.4 (−3.84%),10.27 K
Fri 31 Mar '23,35.7,36.5,35.0,36.5,0.0 (0.00%),3.41 K
Thu 30 Mar '23,36.7,36.7,35.6,36.5,+0.5 (+1.39%),3.76 K
Wed 29 Mar '23,36.5,37.0,35.2,36.0,−1.0 (−2.70%),4.47 K
Tue 28 Mar '23,36.0,37.0,35.0,37.0,+0.3 (+0.82%),21.3 K
Mon 27 Mar '23,36.8,37.0,36.7,36.7,0.0 (0.00%),256
Fri 24 Mar '23,35.2,36.7,35.2,36.7,−0.2 (−0.54%),551
Thu 23 Mar '23,35.1,37.4,35.0,36.9,+1.8 (+5.13%),29.62 K
Wed 22 Mar '23,36.8,37.0,35.1,35.1,−1.4 (−3.84%),5.53 K
Tue 21 Mar '23,37.8,37.8,36.5,36.5,−1.1 (−2.93%),8.93 K
Mon 20 Mar '23,38.5,38.5,37.6,37.6,−1.0 (−2.59%),7.3 K
Fri 17 Mar '23,37.1,38.6,37.0,38.6,+0.6 (+1.58%),4.5 K
Thu 16 Mar '23,37.5,38.4,37.5,38.0,+1.0 (+2.70%),16.84 K
Wed 15 Mar '23,37.0,37.0,36.9,37.0,−1.0 (−2.63%),36.03 K
Tue 14 Mar '23,38.3,38.3,37.1,38.0,−0.4 (−1.04%),21.7 K
Mon 13 Mar '23,38.7,38.7,37.0,38.4,0.0 (0.00%),8.81 K
Fri 10 Mar '23,36.4,39.0,35.8,38.4,+2.1 (+5.79%),20.46 K
Thu 09 Mar '23,36.0,37.0,36.0,36.3,−0.3 (−0.82%),21.2 K
Wed 08 Mar '23,37.0,37.9,35.2,36.6,−0.4 (−1.08%),12.32 K
Tue 07 Mar '23,39.3,39.3,37.0,37.0,−3.0 (−7.50%),26.93 K
Fri 03 Mar '23,40.0,40.9,39.4,40.0,0.0 (0.00%),8.93 K
Thu 02 Mar '23,40.0,40.1,40.0,40.0,0.0 (0.00%),16.18 K
Wed 01 Mar '23,40.6,41.5,40.0,40.0,−1.0 (−2.44%),26.6 K
Tue 28 Feb '23,41.0,41.0,41.0,41.0,−1.0 (−2.38%),1 K
Mon 27 Feb '23,41.0,42.0,41.0,42.0,−0.5 (−1.18%),4.1 K
Fri 24 Feb '23,42.0,43.0,42.0,42.5,+1.4 (+3.41%),1.5 K
Thu 23 Feb '23,42.0,42.4,41.0,41.1,−1.1 (−2.61%),5.33 K
Wed 22 Feb '23,42.9,42.9,42.2,42.2,+0.3 (+0.72%),570
Tue 21 Feb '23,41.1,41.9,41.0,41.9,−0.1 (−0.24%),9.43 K
Mon 20 Feb '23,41.0,42.7,40.9,42.0,0.0 (0.00%),9.74 K
Thu 16 Feb '23,43.9,43.9,40.0,42.0,+1.9 (+4.74%),14.2 K
Wed 15 Feb '23,42.5,42.5,40.1,40.1,−2.4 (−5.65%),600
Tue 14 Feb '23,44.0,44.0,42.5,42.5,−0.5 (−1.16%),789
Mon 13 Feb '23,43.0,43.1,43.0,43.0,−2.5 (−5.49%),853
Fri 10 Feb '23,43.5,45.5,43.0,45.5,+0.7 (+1.56%),4.39 K
Thu 09 Feb '23,44.0,45.9,44.0,44.8,−1.4 (−3.03%),10.41 K
Wed 08 Feb '23,46.5,46.5,45.5,46.2,+0.2 (+0.43%),571
Tue 07 Feb '23,45.6,46.9,44.2,46.0,−0.8 (−1.71%),39.83 K
Mon 06 Feb '23,47.0,47.0,45.1,46.8,+0.2 (+0.43%),14.82 K
Fri 03 Feb '23,46.8,47.5,46.6,46.6,+0.6 (+1.30%),133.65 K
Thu 02 Feb '23,45.0,47.0,44.8,46.0,+1.0 (+2.22%),78.93 K
Wed 01 Feb '23,44.1,45.2,42.0,45.0,+1.0 (+2.27%),72.51 K
Tue 31 Jan '23,44.8,45.5,44.0,44.0,0.0 (0.00%),8.38 K
Mon 30 Jan '23,44.0,45.0,43.1,44.0,−0.8 (−1.79%),43.19 K
Fri 27 Jan '23,45.0,45.0,41.0,44.8,+1.7 (+3.94%),137.01 K
Thu 26 Jan '23,42.6,44.0,42.6,43.1,−1.9 (−4.22%),14.71 K
Wed 25 Jan '23,46.0,46.0,44.0,45.0,−0.1 (−0.22%),10.16 K
Tue 24 Jan '23,46.4,46.7,45.0,45.1,−1.1 (−2.38%),37.59 K
Mon 23 Jan '23,44.2,46.7,44.2,46.2,+2.1 (+4.76%),102.53 K
Fri 20 Jan '23,43.9,44.1,43.0,44.1,+1.1 (+2.56%),18.3 K
Thu 19 Jan '23,44.5,44.5,41.5,43.0,0.0 (0.00%),19.04 K
Wed 18 Jan '23,43.1,44.0,42.1,43.0,0.0 (0.00%),5.95 K
Tue 17 Jan '23,44.0,44.0,42.8,43.0,0.0 (0.00%),4.09 K
Fri 13 Jan '23,43.8,45.0,43.0,43.0,−1.0 (−2.27%),154.74 K
Thu 12 Jan '23,44.5,46.0,44.0,44.0,+1.0 (+2.33%),130 K
Wed 11 Jan '23,43.5,44.9,43.0,43.0,−0.5 (−1.15%),35.46 K
Tue 10 Jan '23,41.0,43.9,41.0,43.5,+2.7 (+6.62%),82.75 K
Mon 09 Jan '23,40.0,42.5,40.0,40.8,−1.2 (−2.86%),22.94 K
Thu 05 Jan '23,40.0,42.0,40.0,42.0,+2.0 (+5.00%),36.43 K
Wed 04 Jan '23,39.8,40.0,39.8,40.0,−1.0 (−2.44%),2.24 K
Tue 03 Jan '23,40.0,42.0,39.5,41.0,+0.7 (+1.74%),32.7 K
Mon 02 Jan '23,41.0,41.0,40.0,40.3,−0.7 (−1.71%),5.05 K
Fri 30 Dec '22,41.0,41.0,41.0,41.0,+1.0 (+2.50%),300
Thu 29 Dec '22,40.0,40.0,40.0,40.0,−0.2 (−0.50%),100
Wed 28 Dec '22,41.0,41.0,40.0,40.2,−0.3 (−0.74%),4.53 K
Tue 27 Dec '22,40.5,40.5,38.8,40.5,+1.0 (+2.53%),23.11 K
Fri 23 Dec '22,40.0,40.0,38.0,39.5,−0.5 (−1.25%),4.59 K
Thu 22 Dec '22,40.0,40.0,40.0,40.0,+1.7 (+4.44%),40
Wed 21 Dec '22,40.0,40.0,38.1,38.3,−1.7 (−4.25%),16.43 K
Tue 20 Dec '22,39.9,40.5,39.2,40.0,−0.9 (−2.20%),3.39 K
Mon 19 Dec '22,39.6,42.7,39.1,40.9,+0.9 (+2.25%),6.21 K
Fri 16 Dec '22,40.5,40.5,40.0,40.0,−1.9 (−4.53%),3.1 K
Thu 15 Dec '22,41.0,44.0,40.0,41.9,+1.9 (+4.75%),107.94 K
Wed 14 Dec '22,41.5,44.0,40.0,40.0,−2.0 (−4.76%),27.28 K
Tue 13 Dec '22,44.0,44.0,41.5,42.0,−1.0 (−2.33%),10.11 K
Mon 12 Dec '22,43.9,46.0,42.5,43.0,−0.9 (−2.05%),16.18 K
Fri 09 Dec '22,44.9,44.9,41.0,43.9,+1.0 (+2.33%),77.14 K
Thu 08 Dec '22,42.6,46.0,42.6,42.9,+0.3 (+0.70%),86.06 K
Tue 06 Dec '22,41.3,43.0,38.1,42.6,+1.1 (+2.65%),226.31 K
Thu 01 Dec '22,42.5,42.5,41.2,41.5,−1.0 (−2.35%),5.51 K
Wed 30 Nov '22,42.0,44.0,42.0,42.5,+2.5 (+6.25%),30.48 K
Tue 29 Nov '22,40.0,42.0,38.0,40.0,0.0 (0.00%),22.36 K
Mon 28 Nov '22,40.0,40.0,40.0,40.0,−1.9 (−4.53%),600
Thu 24 Nov '22,38.2,43.0,37.8,41.9,+2.9 (+7.44%),10.66 K
Wed 23 Nov '22,39.9,39.9,38.0,39.0,−1.0 (−2.50%),2.64 K
Tue 22 Nov '22,41.9,41.9,39.0,40.0,−1.4 (−3.38%),49.57 K
Mon 21 Nov '22,36.9,41.8,36.9,41.4,+2.4 (+6.15%),8.97 K
Thu 17 Nov '22,42.0,42.0,39.0,39.0,−4.6 (−10.55%),18.14 K
Wed 16 Nov '22,44.3,44.3,37.0,43.6,−0.5 (−1.13%),35.28 K
Tue 15 Nov '22,44.0,45.9,40.0,44.1,+0.1 (+0.23%),2.27 K
Mon 14 Nov '22,48.4,48.4,44.0,44.0,−3.9 (−8.14%),24.76 K
Thu 10 Nov '22,46.0,49.6,46.0,47.9,+1.9 (+4.13%),20.17 K
Wed 09 Nov '22,46.4,46.4,45.0,46.0,−1.0 (−2.13%),3.96 K
Tue 08 Nov '22,44.5,47.0,44.0,47.0,−1.0 (−2.08%),12.16 K
Fri 04 Nov '22,50.0,50.0,48.0,48.0,−2.0 (−4.00%),10.1 K
Thu 03 Nov '22,51.0,51.0,48.0,50.0,−1.0 (−1.96%),8.68 K
Wed 02 Nov '22,52.8,52.8,50.0,51.0,+0.9 (+1.80%),11.73 K
Tue 01 Nov '22,50.0,52.9,50.0,50.1,−0.9 (−1.76%),13.39 K
Thu 27 Oct '22,53.0,54.9,51.0,51.0,−2.9 (−5.38%),53.98 K
Wed 26 Oct '22,57.4,58.0,52.3,53.9,−0.8 (−1.46%),52.98 K
Tue 25 Oct '22,53.5,55.1,52.0,54.7,−1.0 (−1.80%),38.14 K
Thu 20 Oct '22,55.2,58.0,55.2,55.7,−0.8 (−1.42%),23.08 K
Wed 19 Oct '22,57.5,58.0,56.5,56.5,−1.5 (−2.59%),31.52 K
Tue 18 Oct '22,57.9,60.0,57.9,58.0,+1.1 (+1.93%),84.78 K
Mon 17 Oct '22,55.1,57.9,55.1,56.9,−2.0 (−3.40%),16.73 K
Thu 13 Oct '22,60.0,60.1,58.0,58.9,−1.0 (−1.67%),100.44 K
Wed 12 Oct '22,58.5,64.7,58.5,59.9,+1.1 (+1.87%),45.16 K
Tue 11 Oct '22,57.0,58.9,55.0,58.8,−2.7 (−4.39%),33.11 K
Thu 06 Oct '22,62.2,64.0,60.0,61.5,−2.5 (−3.91%),70.04 K
Wed 05 Oct '22,65.1,66.9,64.0,64.0,−2.9 (−4.33%),15.79 K
Tue 04 Oct '22,66.8,67.0,64.5,66.9,+1.9 (+2.92%),33.19 K
Mon 03 Oct '22,68.2,69.1,65.0,65.0,−3.0 (−4.41%),101.89 K
Thu 29 Sep '22,69.0,70.0,68.0,68.0,−2.9 (−4.09%),69.19 K
Wed 28 Sep '22,72.9,72.9,70.0,70.9,−0.4 (−0.56%),131.85 K
Tue 27 Sep '22,72.0,72.9,70.2,71.3,+1.3 (+1.86%),135.49 K
Mon 26 Sep '22,69.0,71.0,69.0,70.0,−1.0 (−1.41%),39.07 K
Thu 22 Sep '22,70.5,75.0,70.5,71.0,+0.8 (+1.14%),659.42 K
Wed 21 Sep '22,67.5,72.0,67.5,70.2,+4.2 (+6.36%),141.17 K
Tue 20 Sep '22,65.0,66.5,65.0,66.0,+0.9 (+1.38%),48.35 K
Mon 19 Sep '22,67.0,67.1,64.0,65.1,+0.6 (+0.93%),241.82 K
Thu 15 Sep '22,64.0,66.0,63.0,64.5,+0.2 (+0.31%),95.08 K
Wed 14 Sep '22,65.0,66.9,61.0,64.3,−2.3 (−3.45%),96.65 K
Tue 13 Sep '22,66.0,68.9,65.0,66.6,+0.6 (+0.91%),104.28 K
Mon 12 Sep '22,70.0,70.0,66.0,66.0,−2.8 (−4.07%),38.68 K
Thu 08 Sep '22,69.0,71.0,67.0,68.8,−1.2 (−1.71%),83.2 K
Wed 07 Sep '22,69.2,73.0,69.0,70.0,+0.5 (+0.72%),93.93 K
Tue 06 Sep '22,67.5,71.0,66.1,69.5,+3.4 (+5.14%),98.37 K
Mon 05 Sep '22,68.1,68.1,65.0,66.1,−5.4 (−7.55%),73.76 K
Thu 01 Sep '22,74.0,74.0,68.0,71.5,0.0 (0.00%),149.06 K
Wed 31 Aug '22,65.0,74.9,65.0,71.5,+5.5 (+8.33%),459.07 K
Tue 30 Aug '22,67.5,69.0,65.0,66.0,−0.7 (−1.05%),158.09 K
Mon 29 Aug '22,64.9,67.0,64.0,66.7,+3.7 (+5.87%),130.82 K
Thu 25 Aug '22,61.0,63.4,55.5,63.0,+2.0 (+3.28%),313.24 K
Wed 24 Aug '22,67.2,67.4,59.0,61.0,−6.0 (−8.96%),327.81 K
Tue 23 Aug '22,60.0,67.4,57.0,67.0,+7.7 (+12.98%),499.51 K
Mon 22 Aug '22,59.0,63.5,55.0,59.3,+4.3 (+7.82%),819.86 K
Thu 18 Aug '22,52.4,55.0,48.0,55.0,+4.6 (+9.13%),727.37 K
Wed 17 Aug '22,42.5,51.0,42.2,50.4,+6.6 (+15.07%),967.91 K
Tue 16 Aug '22,41.0,43.8,40.0,43.8,+2.8 (+6.83%),289.13 K
Mon 15 Aug '22,45.0,46.0,37.0,41.0,+3.0 (+7.89%),751.3 K
Tue 09 Aug '22,35.0,38.0,35.0,38.0,+1.0 (+2.70%),247.78 K
Mon 08 Aug '22,37.0,37.9,35.0,37.0,+2.6 (+7.56%),159.93 K
Thu 04 Aug '22,32.0,37.0,32.0,34.4,+0.4 (+1.18%),288.46 K
Wed 03 Aug '22,34.6,34.7,31.0,34.0,−1.2 (−3.41%),331.73 K
Tue 02 Aug '22,37.0,37.1,35.0,35.2,−2.7 (−7.12%),343.43 K
Mon 01 Aug '22,38.0,39.0,37.0,37.9,−0.1 (−0.26%),256.77 K
Thu 28 Jul '22,39.4,40.0,35.1,38.0,+0.5 (+1.33%),327.52 K
Wed 27 Jul '22,32.0,39.0,32.0,37.5,+6.3 (+20.19%),399.66 K
Tue 26 Jul '22,30.0,32.8,29.5,31.2,+2.1 (+7.22%),377.87 K
Mon 25 Jul '22,26.1,29.1,25.9,29.1,+2.6 (+9.81%),463.3 K
Thu 21 Jul '22,25.0,26.5,25.0,26.5,+1.5 (+6.00%),122.53 K
Wed 20 Jul '22,25.0,27.2,23.5,25.0,−0.2 (−0.79%),135.08 K
Tue 19 Jul '22,25.2,27.5,25.0,25.2,+0.3 (+1.20%),201.95 K
Mon 18 Jul '22,27.0,27.5,24.6,24.9,+0.1 (+0.40%),92.02 K
Thu 14 Jul '22,23.6,25.9,22.0,24.8,+6.1 (+32.62%),576.5 K
Mon 11 Jul '22,17.8,18.7,17.8,18.7,+1.5 (+8.72%),206.39 K
Thu 07 Jul '22,17.0,17.8,17.0,17.2,+0.2 (+1.18%),22.86 K
Wed 06 Jul '22,17.6,17.7,17.0,17.0,−0.2 (−1.16%),37.65 K
Tue 05 Jul '22,17.6,18.0,17.1,17.2,−0.6 (−3.37%),21.35 K
Mon 04 Jul '22,17.0,18.1,17.0,17.8,+0.1 (+0.56%),55.56 K
Thu 30 Jun '22,15.8,17.9,15.8,17.7,+2.5 (+16.45%),68.77 K
Wed 29 Jun '22,15.8,15.8,15.2,15.2,−0.8 (−5.00%),1.85 K
Tue 28 Jun '22,16.0,16.0,15.0,16.0,+1.5 (+10.34%),1.7 K
Mon 27 Jun '22,14.0,15.8,14.0,14.5,−2.2 (−13.17%),7.31 K
Thu 23 Jun '22,16.6,16.8,15.5,16.7,−0.2 (−1.18%),119.09 K
Wed 22 Jun '22,16.1,16.9,16.1,16.9,−0.1 (−0.59%),517
Tue 21 Jun '22,16.6,17.0,16.6,17.0,+0.1 (+0.59%),11.81 K
Mon 20 Jun '22,16.8,17.3,16.8,16.9,+0.4 (+2.42%),11.73 K
Thu 16 Jun '22,16.6,17.3,16.5,16.5,−0.5 (−2.94%),93.93 K
Wed 15 Jun '22,17.0,17.5,16.8,17.0,−1.3 (−7.10%),29.85 K
Thu 09 Jun '22,18.0,18.5,17.0,18.3,+0.3 (+1.67%),204.6 K
Wed 08 Jun '22,18.1,18.8,18.0,18.0,−0.5 (−2.70%),156.4 K
Tue 07 Jun '22,16.6,18.5,16.6,18.5,+1.7 (+10.12%),313.99 K
Mon 06 Jun '22,16.0,16.8,15.0,16.8,−0.2 (−1.18%),67.53 K
Thu 02 Jun '22,16.6,17.5,16.5,17.0,+0.3 (+1.80%),254.02 K
Wed 01 Jun '22,15.5,17.7,15.5,16.7,+1.7 (+11.33%),413.97 K
Tue 31 May '22,13.9,15.5,13.8,15.0,+2.3 (+18.11%),276.62 K
Mon 30 May '22,13.5,13.5,12.6,12.7,−0.1 (−0.78%),22.38 K
Thu 26 May '22,12.9,12.9,12.8,12.8,−0.2 (−1.54%),30.51 K
Wed 25 May '22,13.1,13.2,12.7,13.0,0.0 (0.00%),41.53 K
Tue 24 May '22,12.2,13.0,11.5,13.0,+0.8 (+6.56%),70.9 K
Mon 23 May '22,12.0,12.2,11.5,12.2,+0.4 (+3.39%),19.25 K
Thu 19 May '22,11.5,11.8,10.9,11.8,+0.1 (+0.85%),2.03 K
Wed 18 May '22,12.0,12.0,10.6,11.7,+0.7 (+6.36%),11.44 K
Tue 17 May '22,11.6,11.6,11.0,11.0,−0.3 (−2.65%),16.99 K
Thu 12 May '22,11.4,11.7,11.3,11.3,+0.4 (+3.67%),17.7 K
Wed 11 May '22,10.4,10.9,10.4,10.9,+0.7 (+6.86%),301
Thu 05 May '22,9.0,10.2,9.0,10.2,+0.3 (+3.03%),406
Wed 04 May '22,9.9,9.9,9.5,9.9,−0.6 (−5.71%),8.36 K
Thu 28 Apr '22,9.2,10.5,8.7,10.5,+1.7 (+19.32%),16.04 K
Wed 27 Apr '22,8.9,8.9,8.8,8.8,−0.2 (−2.22%),2.2 K
Tue 26 Apr '22,8.9,9.0,8.0,9.0,0.0 (0.00%),18.75 K
Mon 25 Apr '22,9.1,9.1,9.0,9.0,−0.2 (−2.17%),6.01 K
Thu 07 Apr '22,9.5,9.5,9.1,9.2,−0.3 (−3.16%),21.85 K
Wed 06 Apr '22,9.5,10.0,9.3,9.5,−0.7 (−6.86%),19.26 K
Tue 05 Apr '22,10.2,10.2,10.0,10.2,+0.1 (+0.99%),1.47 K
Mon 04 Apr '22,9.7,10.1,9.7,10.1,+0.7 (+7.45%),5.5 K
Wed 30 Mar '22,10.2,10.2,8.9,9.4,−0.9 (−8.74%),10.17 K
Tue 29 Mar '22,10.5,10.5,10.2,10.3,−0.3 (−2.83%),25.63 K
Mon 28 Mar '22,10.5,10.6,10.5,10.6,+0.1 (+0.95%),4.22 K
Fri 25 Mar '22,10.7,11.4,10.5,10.5,−0.7 (−6.25%),3.21 K
Thu 24 Mar '22,11.1,11.4,10.7,11.2,+0.1 (+0.90%),18.95 K
Wed 23 Mar '22,11.1,11.1,11.1,11.1,0.0 (0.00%),4.48 K
Mon 21 Mar '22,11.5,11.5,11.1,11.1,−0.4 (−3.48%),2.85 K
Fri 18 Mar '22,11.0,11.9,10.8,11.5,+1.5 (+15.00%),9.86 K
Wed 16 Mar '22,10.2,10.2,9.9,10.0,−0.5 (−4.76%),31.19 K
Tue 15 Mar '22,10.2,10.5,10.1,10.5,+0.2 (+1.94%),7.72 K
Mon 14 Mar '22,10.4,10.4,10.0,10.3,−0.1 (−0.96%),16.1 K
Thu 10 Mar '22,10.3,10.5,10.1,10.4,0.0 (0.00%),17.59 K
Wed 09 Mar '22,10.0,10.4,10.0,10.4,+0.4 (+4.00%),8 K
Tue 08 Mar '22,10.0,10.4,10.0,10.0,0.0 (0.00%),35.84 K
Mon 07 Mar '22,10.8,11.0,10.0,10.0,−0.8 (−7.41%),54.61 K
Thu 03 Mar '22,11.0,11.8,10.8,10.8,0.0 (0.00%),31.61 K
Wed 02 Mar '22,11.7,11.9,10.8,10.8,−1.4 (−11.48%),55.53 K
Mon 28 Feb '22,11.9,12.3,11.5,12.2,+0.3 (+2.52%),12.31 K
Fri 25 Feb '22,10.1,11.9,9.8,11.9,+1.1 (+10.19%),46.86 K
Thu 24 Feb '22,11.9,11.9,10.0,10.8,−1.0 (−8.47%),43.86 K
Wed 23 Feb '22,12.0,12.0,10.8,11.8,−0.4 (−3.28%),57.9 K
Tue 22 Feb '22,12.0,12.2,11.0,12.2,−0.5 (−3.94%),39.32 K
Mon 21 Feb '22,13.0,13.0,12.1,12.7,−0.3 (−2.31%),11.49 K
Fri 18 Feb '22,13.2,13.4,13.0,13.0,−0.5 (−3.70%),6.55 K
Thu 17 Feb '22,13.3,13.7,13.0,13.5,−0.1 (−0.74%),65.81 K
Tue 15 Feb '22,13.9,13.9,13.1,13.6,−0.1 (−0.73%),19.31 K
Mon 14 Feb '22,14.6,14.6,13.7,13.7,−0.4 (−2.84%),15.01 K
Fri 11 Feb '22,14.0,14.5,13.8,14.1,+0.1 (+0.71%),8.16 K
Thu 10 Feb '22,14.6,14.6,13.9,14.0,−0.6 (−4.11%),37.37 K
Wed 09 Feb '22,14.0,15.0,14.0,14.6,+0.1 (+0.69%),1.65 K
Tue 08 Feb '22,15.7,15.7,14.0,14.5,−0.5 (−3.33%),75.96 K
Mon 07 Feb '22,15.0,15.8,14.0,15.0,−0.5 (−3.23%),42.99 K
Thu 03 Feb '22,14.6,15.5,14.5,15.5,+0.9 (+6.16%),6.47 K
Wed 02 Feb '22,15.1,15.8,14.2,14.6,−0.6 (−3.95%),102.74 K
Tue 01 Feb '22,15.5,16.0,15.2,15.2,−0.7 (−4.40%),24.29 K
Mon 31 Jan '22,15.5,16.0,15.0,15.9,+0.1 (+0.63%),53.8 K
Fri 28 Jan '22,15.4,16.4,15.4,15.8,−1.1 (−6.51%),10.29 K
Thu 27 Jan '22,17.3,17.3,16.0,16.9,−0.3 (−1.74%),32.24 K
Wed 26 Jan '22,16.8,17.5,16.1,17.2,0.0 (0.00%),52.66 K
Tue 25 Jan '22,16.5,19.0,16.5,17.2,+0.4 (+2.38%),237.87 K
Mon 24 Jan '22,16.0,16.8,15.8,16.8,+0.8 (+5.00%),59.38 K
Fri 21 Jan '22,15.8,16.3,15.8,16.0,+0.5 (+3.23%),46.45 K
Thu 20 Jan '22,16.5,16.5,14.8,15.5,−0.9 (−5.49%),133.1 K
Tue 18 Jan '22,16.4,17.0,16.4,16.4,−0.1 (−0.61%),13.09 K
Thu 13 Jan '22,16.5,17.1,16.3,16.5,−0.5 (−2.94%),24.03 K
Wed 12 Jan '22,15.8,18.5,15.7,17.0,+1.6 (+10.39%),323.83 K
Tue 11 Jan '22,15.5,16.3,15.3,15.4,−0.3 (−1.91%),38.66 K
Mon 10 Jan '22,16.0,16.1,15.5,15.7,−0.3 (−1.88%),40.51 K
Fri 07 Jan '22,17.0,17.1,16.0,16.0,−0.7 (−4.19%),44.3 K
Thu 06 Jan '22,16.0,17.4,15.7,16.7,+0.7 (+4.38%),103.67 K
Wed 05 Jan '22,16.5,17.2,15.5,16.0,−0.7 (−4.19%),125.69 K
Tue 04 Jan '22,16.5,17.1,16.5,16.7,+0.2 (+1.21%),63.87 K
Mon 03 Jan '22,16.0,16.9,15.5,16.5,+0.5 (+3.13%),187.53 K
Fri 31 Dec '21,17.7,17.7,15.0,16.0,−1.6 (−9.09%),186.78 K
Thu 30 Dec '21,21.5,23.0,17.5,17.6,−1.9 (−9.74%),1.16 M
Wed 29 Dec '21,18.0,19.5,16.6,19.5,+3.2 (+19.63%),2.04 M
Tue 28 Dec '21,13.5,16.3,13.4,16.3,+3.3 (+25.38%),1.05 M
Mon 27 Dec '21,13.4,13.7,13.0,13.0,+0.1 (+0.78%),48.1 K
Thu 23 Dec '21,12.4,13.0,12.0,12.9,+1.1 (+9.32%),81.7 K
Wed 22 Dec '21,12.3,12.3,11.8,11.8,−0.2 (−1.67%),3.23 K
Tue 21 Dec '21,12.4,12.4,11.8,12.0,0.0 (0.00%),5.11 K
Mon 20 Dec '21,12.0,12.0,11.7,12.0,0.0 (0.00%),6.73 K
Thu 16 Dec '21,12.4,12.4,11.6,12.0,−0.3 (−2.44%),8.12 K
Tue 14 Dec '21,12.3,12.3,12.3,12.3,−0.2 (−1.60%),500
Mon 13 Dec '21,12.8,12.8,12.1,12.5,+0.1 (+0.81%),11.87 K
Thu 09 Dec '21,12.4,12.7,12.4,12.4,0.0 (0.00%),5.23 K
Wed 08 Dec '21,12.4,12.4,12.4,12.4,−0.3 (−2.36%),1.9 K
Tue 07 Dec '21,12.6,12.7,12.5,12.7,+0.2 (+1.60%),16.11 K
Mon 06 Dec '21,12.4,12.5,12.0,12.5,−0.3 (−2.34%),17.04 K
Thu 02 Dec '21,12.1,12.9,12.0,12.8,+0.1 (+0.79%),10.63 K
Wed 01 Dec '21,12.9,12.9,12.6,12.7,+0.4 (+3.25%),8.49 K
Tue 30 Nov '21,12.6,13.4,12.1,12.3,−0.3 (−2.38%),14.47 K
Mon 29 Nov '21,13.0,13.0,12.5,12.6,−0.6 (−4.55%),4.99 K
Fri 26 Nov '21,12.8,13.5,12.6,13.2,+0.2 (+1.54%),36.86 K
Thu 25 Nov '21,14.3,14.6,13.0,13.0,−0.5 (−3.70%),211.57 K
Wed 24 Nov '21,12.8,14.8,12.1,13.5,+1.5 (+12.50%),493.29 K
Mon 22 Nov '21,11.9,12.4,11.8,12.0,+0.1 (+0.84%),36.76 K
Thu 18 Nov '21,12.0,12.0,11.9,11.9,+0.1 (+0.85%),2.4 K
Wed 17 Nov '21,11.8,12.0,11.8,11.8,−0.2 (−1.67%),9 K
Tue 16 Nov '21,12.4,13.0,11.8,12.0,0.0 (0.00%),29.61 K
Mon 15 Nov '21,11.3,13.0,11.3,12.0,0.0 (0.00%),22.06 K
Fri 12 Nov '21,12.0,12.4,11.0,12.0,+0.2 (+1.69%),65.2 K
Wed 10 Nov '21,12.2,12.9,11.8,11.8,−0.1 (−0.84%),4.94 K
Tue 09 Nov '21,12.1,12.6,11.9,11.9,−0.4 (−3.25%),10.2 K
Fri 05 Nov '21,12.6,12.8,12.3,12.3,−0.3 (−2.38%),14.4 K
Wed 03 Nov '21,12.6,13.0,12.6,12.6,0.0 (0.00%),11.75 K
Tue 02 Nov '21,13.0,13.1,12.5,12.6,−0.5 (−3.82%),14.07 K
Mon 01 Nov '21,13.6,13.6,12.6,13.1,−0.3 (−2.24%),11.52 K
Fri 29 Oct '21,13.3,13.9,12.4,13.4,+1.3 (+10.74%),234.07 K
Thu 28 Oct '21,12.4,13.4,12.1,12.1,−0.3 (−2.42%),40.13 K
Wed 27 Oct '21,12.8,12.8,12.0,12.4,−0.1 (−0.80%),25.1 K
Tue 26 Oct '21,12.9,12.9,12.3,12.5,+0.1 (+0.81%),8.1 K
Mon 25 Oct '21,13.0,13.2,12.4,12.4,−0.6 (−4.62%),6.46 K
Fri 22 Oct '21,13.0,13.0,12.8,13.0,+0.1 (+0.78%),7.29 K
Thu 21 Oct '21,13.1,13.2,12.5,12.9,−0.2 (−1.53%),5.63 K
Mon 18 Oct '21,13.2,13.2,13.0,13.1,+0.1 (+0.77%),4.4 K
Fri 15 Oct '21,13.0,13.3,12.7,13.0,0.0 (0.00%),29.53 K
Thu 14 Oct '21,12.2,13.8,12.2,13.0,+1.0 (+8.33%),169.2 K
Wed 13 Oct '21,12.2,12.2,12.0,12.0,−0.3 (−2.44%),15.64 K
Tue 12 Oct '21,12.0,12.4,12.0,12.3,+0.3 (+2.50%),33.1 K
Mon 11 Oct '21,12.0,12.0,11.8,12.0,0.0 (0.00%),1.9 K
Fri 08 Oct '21,12.2,12.2,11.6,12.0,+0.3 (+2.56%),3.78 K
Thu 07 Oct '21,12.6,12.6,10.8,11.7,0.0 (0.00%),41.36 K
Tue 05 Oct '21,12.2,12.2,11.7,11.7,0.0 (0.00%),6.35 K
Mon 04 Oct '21,11.7,12.0,11.7,11.7,0.0 (0.00%),4.14 K
Fri 01 Oct '21,12.4,12.4,11.7,11.7,−0.5 (−4.10%),38.55 K
Thu 30 Sep '21,12.0,12.2,12.0,12.2,+0.5 (+4.27%),312
Wed 29 Sep '21,12.4,12.4,11.6,11.7,0.0 (0.00%),48.94 K
Tue 28 Sep '21,11.6,11.7,11.6,11.7,−0.3 (−2.50%),13.55 K
Mon 27 Sep '21,12.6,12.6,11.5,12.0,−0.5 (−4.00%),9.81 K
Fri 24 Sep '21,12.6,12.9,12.0,12.5,+0.1 (+0.81%),139.74 K
Thu 23 Sep '21,11.4,12.5,11.4,12.4,+1.0 (+8.77%),68.73 K
Wed 22 Sep '21,11.3,11.4,11.3,11.4,−0.1 (−0.87%),1.2 K
Mon 20 Sep '21,11.3,11.5,11.3,11.5,+0.1 (+0.88%),200
Fri 17 Sep '21,11.4,11.4,11.4,11.4,−0.1 (−0.87%),10
Thu 16 Sep '21,11.5,11.5,11.3,11.5,0.0 (0.00%),540
Wed 15 Sep '21,11.2,11.5,11.1,11.5,−0.2 (−1.71%),1.42 K
Tue 14 Sep '21,11.7,11.7,11.7,11.7,+0.5 (+4.46%),100
Mon 13 Sep '21,11.2,11.7,11.0,11.2,−0.6 (−5.08%),9.6 K
Fri 10 Sep '21,11.9,12.0,11.2,11.8,−0.2 (−1.67%),14.1 K
Thu 09 Sep '21,11.8,12.0,11.2,12.0,+0.1 (+0.84%),13.7 K
Wed 08 Sep '21,11.3,12.0,10.6,11.9,+0.4 (+3.48%),17.88 K
Tue 07 Sep '21,11.8,11.9,11.5,11.5,−0.3 (−2.54%),22.13 K
Mon 06 Sep '21,12.0,12.1,11.8,11.8,−0.2 (−1.67%),5.22 K
Fri 03 Sep '21,12.0,12.0,11.8,12.0,−0.1 (−0.83%),12.9 K
Thu 02 Sep '21,12.0,12.1,12.0,12.1,+0.1 (+0.83%),5.2 K
Wed 01 Sep '21,12.0,12.0,11.5,12.0,+0.7 (+6.19%),40
Tue 31 Aug '21,11.6,12.2,11.3,11.3,−0.1 (−0.88%),25.21 K
Mon 30 Aug '21,11.2,11.4,11.0,11.4,−0.1 (−0.87%),16.3 K
Fri 27 Aug '21,11.6,12.2,11.0,11.5,−0.8 (−6.50%),48.63 K
Thu 26 Aug '21,11.9,12.3,11.4,12.3,+0.8 (+6.96%),37.19 K
Wed 25 Aug '21,12.0,12.0,11.5,11.5,−0.2 (−1.71%),24.1 K
Tue 24 Aug '21,12.4,12.4,11.7,11.7,−0.2 (−1.68%),9.72 K
Mon 23 Aug '21,11.8,12.2,11.8,11.9,+0.3 (+2.59%),10.1 K
Fri 20 Aug '21,11.5,11.6,11.5,11.6,+0.2 (+1.75%),2.38 K
Thu 19 Aug '21,11.9,11.9,11.0,11.4,−0.7 (−5.79%),16.2 K
Wed 18 Aug '21,11.5,12.2,11.4,12.1,+0.6 (+5.22%),30.46 K
Tue 17 Aug '21,11.5,11.5,11.5,11.5,+0.1 (+0.88%),1.5 K
Fri 13 Aug '21,11.4,11.4,11.4,11.4,−0.1 (−0.87%),1
Thu 12 Aug '21,11.8,11.8,11.5,11.5,−0.3 (−2.54%),19.02 K
Wed 11 Aug '21,11.9,11.9,11.8,11.8,+0.1 (+0.85%),2.05 K
Tue 10 Aug '21,11.8,11.8,11.7,11.7,0.0 (0.00%),14.45 K
Mon 09 Aug '21,11.7,12.3,11.7,11.7,−0.2 (−1.68%),5.3 K
Thu 05 Aug '21,12.7,12.7,11.9,11.9,−0.8 (−6.30%),47.67 K
Wed 04 Aug '21,12.5,13.0,12.5,12.7,+0.3 (+2.42%),29.46 K
Tue 03 Aug '21,12.5,12.5,12.4,12.4,−0.3 (−2.36%),2 K
Fri 30 Jul '21,12.1,12.7,12.1,12.7,+0.2 (+1.60%),7.49 K
Thu 29 Jul '21,11.7,12.7,11.7,12.5,+0.4 (+3.31%),18.85 K
Wed 28 Jul '21,11.9,12.3,11.5,12.1,+0.1 (+0.83%),207.02 K
Tue 27 Jul '21,12.0,12.0,12.0,12.0,0.0 (0.00%),4.73 K
Mon 26 Jul '21,12.0,12.3,12.0,12.0,0.0 (0.00%),22.53 K
Thu 22 Jul '21,12.0,12.5,11.9,12.0,0.0 (0.00%),7.56 K
Tue 20 Jul '21,12.4,12.4,12.0,12.0,0.0 (0.00%),21.7 K
Mon 19 Jul '21,13.0,13.0,11.9,12.0,0.0 (0.00%),37.71 K
Fri 16 Jul '21,12.0,13.0,12.0,12.0,0.0 (0.00%),124.24 K
Thu 15 Jul '21,12.6,12.9,12.0,12.0,0.0 (0.00%),141.54 K
Wed 14 Jul '21,11.7,12.5,11.7,12.0,+0.2 (+1.69%),56.04 K
Tue 13 Jul '21,11.8,11.8,11.8,11.8,+0.3 (+2.61%),111
Mon 12 Jul '21,11.5,11.5,11.5,11.5,0.0 (0.00%),2.72 K
Wed 07 Jul '21,11.3,11.5,11.3,11.5,+0.2 (+1.77%),6.55 K
Tue 06 Jul '21,11.8,11.8,11.3,11.3,−0.6 (−5.04%),8.47 K
Mon 05 Jul '21,11.9,11.9,11.9,11.9,0.0 (0.00%),500
Fri 02 Jul '21,11.9,11.9,11.9,11.9,−0.1 (−0.83%),1 K
Thu 01 Jul '21,11.8,12.0,11.8,12.0,0.0 (0.00%),1.96 K
Wed 30 Jun '21,11.9,12.0,11.9,12.0,+0.1 (+0.84%),1.65 K
Tue 29 Jun '21,12.1,12.1,11.8,11.9,−0.4 (−3.25%),3.2 K
Mon 28 Jun '21,11.9,12.5,11.9,12.3,−0.2 (−1.60%),4.05 K
Fri 25 Jun '21,12.5,12.5,12.5,12.5,0.0 (0.00%),1 K
Wed 23 Jun '21,11.7,12.5,11.7,12.5,+0.8 (+6.84%),3.11 K
Mon 21 Jun '21,11.7,11.7,11.7,11.7,−0.1 (−0.85%),6.39 K
Fri 18 Jun '21,11.8,12.0,11.7,11.8,−0.2 (−1.67%),2.28 K
Thu 17 Jun '21,11.9,12.3,11.9,12.0,+0.1 (+0.84%),2.5 K
Wed 16 Jun '21,11.9,11.9,11.9,11.9,0.0 (0.00%),3.05 K
Tue 15 Jun '21,12.8,12.8,11.9,11.9,0.0 (0.00%),113
Mon 14 Jun '21,12.8,12.8,11.9,11.9,−0.1 (−0.83%),2
Fri 11 Jun '21,11.8,12.0,11.7,12.0,+0.3 (+2.56%),4.73 K
Wed 09 Jun '21,11.7,11.7,11.7,11.7,0.0 (0.00%),500
Tue 08 Jun '21,11.7,11.7,11.7,11.7,−0.6 (−4.88%),2 K
Mon 07 Jun '21,12.1,12.3,11.7,12.3,−0.6 (−4.65%),23.09 K
Thu 03 Jun '21,12.1,12.9,12.1,12.9,+0.9 (+7.50%),101
Wed 02 Jun '21,12.1,12.1,12.0,12.0,−0.2 (−1.64%),550
Tue 01 Jun '21,13.2,13.2,12.2,12.2,−0.2 (−1.61%),9.71 K
Mon 31 May '21,12.5,12.5,12.3,12.4,−0.5 (−3.88%),5.73 K
Thu 27 May '21,12.4,12.9,12.4,12.9,+0.7 (+5.74%),710
Tue 25 May '21,12.5,12.5,12.2,12.2,−0.6 (−4.69%),5.57 K
Fri 21 May '21,12.3,12.9,12.0,12.8,+0.5 (+4.07%),54.56 K
Thu 20 May '21,12.9,12.9,12.3,12.3,−0.6 (−4.65%),22
Wed 19 May '21,12.8,12.9,12.7,12.9,−0.2 (−1.53%),1.02 K
Mon 17 May '21,12.2,13.4,12.2,13.1,−0.2 (−1.50%),11.25 K
Thu 13 May '21,11.7,13.6,11.7,13.3,+0.3 (+2.31%),51.39 K
Wed 12 May '21,13.3,13.8,13.0,13.0,0.0 (0.00%),114.29 K
Tue 11 May '21,11.9,13.5,11.9,13.0,+1.2 (+10.17%),165.26 K
Mon 10 May '21,11.9,12.3,11.8,11.8,−0.1 (−0.84%),3.22 K
Fri 07 May '21,11.9,12.4,11.8,11.9,+0.6 (+5.31%),85.43 K
Thu 06 May '21,11.0,11.9,11.0,11.3,+0.4 (+3.67%),26.52 K
Wed 05 May '21,10.6,10.9,10.5,10.9,−0.1 (−0.91%),500
Tue 04 May '21,10.7,11.0,10.6,11.0,−0.3 (−2.65%),301
Mon 03 May '21,11.3,11.3,10.5,11.3,0.0 (0.00%),1.19 K
Thu 29 Apr '21,10.5,11.3,10.5,11.3,+1.0 (+9.71%),1.14 K
Wed 28 Apr '21,9.9,11.0,9.9,10.3,−0.2 (−1.90%),9.1 K
Tue 27 Apr '21,10.5,10.7,9.8,10.5,−0.4 (−3.67%),12.79 K
Fri 23 Apr '21,10.6,11.4,10.5,10.9,+0.3 (+2.83%),9.5 K
Thu 22 Apr '21,10.8,10.8,10.6,10.6,−0.1 (−0.93%),4.02 K
Wed 21 Apr '21,10.7,10.7,10.5,10.7,−0.3 (−2.73%),465
Tue 20 Apr '21,11.1,11.1,10.9,11.0,−0.1 (−0.90%),2.04 K
Mon 19 Apr '21,11.1,11.1,11.0,11.1,0.0 (0.00%),8.2 K
Fri 16 Apr '21,11.1,11.2,11.0,11.1,+0.3 (+2.78%),3.73 K
Thu 15 Apr '21,11.5,11.5,10.8,10.8,−0.2 (−1.82%),6.2 K
Mon 12 Apr '21,11.5,11.5,11.0,11.0,+0.1 (+0.92%),1.21 K
Fri 09 Apr '21,11.1,11.1,10.9,10.9,−0.2 (−1.80%),240
Thu 08 Apr '21,10.9,11.1,10.9,11.1,+0.4 (+3.74%),2.45 K
Wed 07 Apr '21,11.5,11.5,10.7,10.7,−0.9 (−7.76%),513
Mon 05 Apr '21,11.9,11.9,11.6,11.6,−0.2 (−1.69%),430
Thu 01 Apr '21,11.8,11.8,11.8,11.8,+0.2 (+1.72%),210
Wed 31 Mar '21,10.9,11.6,10.8,11.6,+0.7 (+6.42%),21.1 K
Tue 30 Mar '21,10.5,10.9,10.5,10.9,+0.4 (+3.81%),6.76 K
Mon 29 Mar '21,10.7,10.8,10.2,10.5,−0.2 (−1.87%),6.94 K
Fri 26 Mar '21,10.3,10.7,10.0,10.7,+0.5 (+4.90%),5.3 K
Wed 24 Mar '21,10.3,10.7,10.2,10.2,0.0 (0.00%),2.65 K
Tue 23 Mar '21,10.6,10.6,10.2,10.2,−0.4 (−3.77%),1.6 K
Mon 22 Mar '21,10.6,10.7,10.6,10.6,0.0 (0.00%),2.29 K
Fri 19 Mar '21,10.2,10.6,10.2,10.6,+0.3 (+2.91%),1.35 K
Thu 18 Mar '21,10.2,10.5,10.2,10.3,−0.3 (−2.83%),3.87 K
Tue 16 Mar '21,10.8,10.8,10.0,10.6,+0.1 (+0.95%),5.62 K
Mon 15 Mar '21,10.9,11.0,10.0,10.5,−0.7 (−6.25%),29.27 K
Fri 12 Mar '21,10.8,11.3,10.5,11.2,−0.2 (−1.75%),2.9 K
Wed 10 Mar '21,11.5,11.5,10.5,11.4,+0.5 (+4.59%),277
Mon 08 Mar '21,10.7,10.9,10.5,10.9,−0.5 (−4.39%),20.59 K
Thu 04 Mar '21,10.1,11.4,10.1,11.4,−0.5 (−4.20%),4.6 K
Wed 03 Mar '21,11.2,11.9,10.0,11.9,+0.7 (+6.25%),4.3 K
Tue 02 Mar '21,11.4,12.5,11.2,11.2,−0.3 (−2.61%),8.17 K
Thu 25 Feb '21,11.2,11.5,11.2,11.5,−0.9 (−7.26%),5 K
Tue 23 Feb '21,12.3,12.5,11.2,12.4,+0.5 (+4.20%),52 K
Mon 22 Feb '21,11.4,12.1,11.4,11.9,+0.5 (+4.39%),18.77 K
Fri 19 Feb '21,11.8,11.8,11.4,11.4,+0.3 (+2.70%),241
Thu 18 Feb '21,11.1,11.6,11.1,11.1,−0.7 (−5.93%),3.82 K
Wed 17 Feb '21,11.6,11.8,11.0,11.8,+0.3 (+2.61%),9.53 K
Tue 16 Feb '21,12.0,12.0,11.5,11.5,−0.5 (−4.17%),3.65 K
Mon 15 Feb '21,12.0,12.0,11.5,12.0,−0.5 (−4.00%),1.02 K
Thu 11 Feb '21,11.8,12.5,11.3,12.5,+0.5 (+4.17%),5.61 K
Wed 10 Feb '21,12.7,12.7,12.0,12.0,−1.1 (−8.40%),13.72 K
Mon 08 Feb '21,13.0,13.1,12.9,13.1,−0.4 (−2.96%),17.55 K
Fri 05 Feb '21,12.8,13.6,12.8,13.5,0.0 (0.00%),9.69 K
Tue 02 Feb '21,14.2,14.3,12.6,13.5,−0.4 (−2.88%),28.87 K
Mon 01 Feb '21,13.7,14.3,13.6,13.9,+0.3 (+2.21%),4.2 K
Fri 29 Jan '21,14.0,14.0,13.6,13.6,−0.4 (−2.86%),3.34 K
Wed 27 Jan '21,14.0,14.0,14.0,14.0,−0.3 (−2.10%),21.44 K
Tue 26 Jan '21,14.6,14.6,13.6,14.3,−0.2 (−1.38%),34.31 K
Mon 25 Jan '21,14.2,14.6,13.6,14.5,+0.8 (+5.84%),38.24 K
Fri 22 Jan '21,14.5,14.6,13.6,13.7,−0.7 (−4.86%),16.77 K
Wed 20 Jan '21,15.0,15.0,14.1,14.4,+0.2 (+1.41%),15.94 K
Tue 19 Jan '21,14.5,14.5,14.2,14.2,−0.1 (−0.70%),12.86 K
Mon 18 Jan '21,14.8,15.2,14.1,14.3,−0.9 (−5.92%),80.12 K
Fri 15 Jan '21,14.0,15.2,14.0,15.2,+1.6 (+11.76%),189.62 K
Wed 13 Jan '21,13.5,14.5,13.5,13.6,+0.1 (+0.74%),41.64 K
Tue 12 Jan '21,13.7,13.7,13.4,13.5,−0.2 (−1.46%),10.62 K
Mon 11 Jan '21,13.9,13.9,13.6,13.7,−0.5 (−3.52%),12 K
Fri 08 Jan '21,14.2,14.2,14.0,14.2,0.0 (0.00%),79.53 K
Thu 07 Jan '21,14.7,14.9,14.0,14.2,−0.4 (−2.74%),26.15 K
Wed 06 Jan '21,14.5,14.6,14.5,14.6,0.0 (0.00%),5.49 K
Tue 05 Jan '21,14.5,15.0,14.5,14.6,−0.4 (−2.67%),34.85 K
Thu 31 Dec '20,15.0,15.2,15.0,15.0,0.0 (0.00%),53.52 K
Wed 30 Dec '20,15.0,15.2,15.0,15.0,−0.2 (−1.32%),166.94 K
Mon 28 Dec '20,14.8,15.4,14.8,15.2,+0.8 (+5.56%),19.1 K
Thu 24 Dec '20,14.5,14.8,14.0,14.4,0.0 (0.00%),93.75 K
Wed 23 Dec '20,13.6,14.5,13.6,14.4,+0.5 (+3.60%),37.56 K
Tue 22 Dec '20,14.0,14.0,13.6,13.9,−0.1 (−0.71%),36.7 K
Mon 21 Dec '20,14.0,14.5,14.0,14.0,−0.1 (−0.71%),15.41 K
Fri 18 Dec '20,13.9,14.4,13.9,14.1,+0.2 (+1.44%),11.86 K
Thu 17 Dec '20,14.2,14.2,13.9,13.9,−0.5 (−3.47%),23.2 K
Tue 15 Dec '20,14.1,14.5,14.1,14.4,−0.2 (−1.37%),4.37 K
Mon 14 Dec '20,15.0,15.0,14.0,14.6,+0.5 (+3.55%),48.4 K
Fri 11 Dec '20,14.5,14.8,14.0,14.1,+0.1 (+0.71%),81.54 K
Thu 10 Dec '20,14.5,14.6,14.0,14.0,−0.5 (−3.45%),36.66 K
Wed 09 Dec '20,14.4,14.5,14.1,14.5,+0.2 (+1.40%),23.64 K
Tue 08 Dec '20,14.4,14.6,14.2,14.3,−0.1 (−0.69%),16.66 K
Mon 07 Dec '20,14.9,14.9,14.3,14.4,−0.3 (−2.04%),2.45 K
Fri 04 Dec '20,14.8,14.9,14.2,14.7,+0.3 (+2.08%),33.95 K
Thu 03 Dec '20,14.9,14.9,14.4,14.4,−0.2 (−1.37%),37.2 K
Wed 02 Dec '20,13.8,14.6,13.4,14.6,+0.9 (+6.57%),53.78 K
Tue 01 Dec '20,13.5,13.8,13.5,13.7,+0.2 (+1.48%),133.6 K
Mon 30 Nov '20,13.6,13.7,13.4,13.5,−0.1 (−0.74%),49.77 K
Fri 27 Nov '20,13.7,13.8,13.6,13.6,+0.1 (+0.74%),10.01 K
Wed 25 Nov '20,13.8,13.8,13.5,13.5,−0.4 (−2.88%),12.54 K
Tue 24 Nov '20,13.5,13.9,13.5,13.9,+0.2 (+1.46%),25.85 K
Mon 23 Nov '20,14.0,14.0,13.5,13.7,0.0 (0.00%),9.23 K
Fri 20 Nov '20,13.9,13.9,13.5,13.7,+0.1 (+0.74%),65.8 K
Thu 19 Nov '20,15.0,15.0,13.6,13.6,−0.5 (−3.55%),25.82 K
Wed 18 Nov '20,14.7,14.7,13.8,14.1,−1.0 (−6.62%),89.5 K
Tue 17 Nov '20,15.0,15.6,15.0,15.1,+0.2 (+1.34%),71.26 K
Mon 16 Nov '20,15.1,15.1,14.7,14.9,−1.0 (−6.29%),133.32 K
Fri 13 Nov '20,15.5,15.9,15.1,15.9,0.0 (0.00%),25.43 K
Thu 12 Nov '20,15.5,15.9,15.5,15.9,−0.5 (−3.05%),40.22 K
Wed 11 Nov '20,16.1,16.4,15.8,16.4,−0.2 (−1.20%),8.31 K
Mon 09 Nov '20,17.0,17.0,16.0,16.6,−0.3 (−1.78%),87.41 K
Fri 06 Nov '20,16.4,17.0,16.4,16.9,+0.5 (+3.05%),153.87 K
Thu 05 Nov '20,15.8,16.6,15.8,16.4,+0.4 (+2.50%),180.86 K
Wed 04 Nov '20,16.2,16.2,15.8,16.0,+0.1 (+0.63%),54.82 K
Tue 03 Nov '20,16.0,16.4,15.3,15.9,0.0 (0.00%),115.62 K
Mon 02 Nov '20,15.0,16.0,14.5,15.9,+0.9 (+6.00%),99.99 K
Thu 29 Oct '20,14.4,15.0,14.1,15.0,+0.8 (+5.63%),29.56 K
Wed 28 Oct '20,15.0,15.4,14.2,14.2,−0.3 (−2.07%),20.34 K
Tue 27 Oct '20,14.5,14.9,14.2,14.5,0.0 (0.00%),12.58 K
Mon 26 Oct '20,14.5,14.9,14.2,14.5,−0.4 (−2.68%),18.39 K
Fri 23 Oct '20,15.1,15.1,14.1,14.9,−0.1 (−0.67%),18.57 K
Thu 22 Oct '20,13.9,15.2,13.8,15.0,0.0 (0.00%),103.99 K
Wed 21 Oct '20,16.5,16.5,14.0,15.0,−1.0 (−6.25%),225.46 K
Tue 20 Oct '20,17.5,18.0,15.8,16.0,−1.4 (−8.05%),774.4 K
Mon 19 Oct '20,14.7,17.4,14.7,17.4,+2.9 (+20.00%),900.48 K
Fri 16 Oct '20,14.5,14.6,13.8,14.5,0.0 (0.00%),199.93 K
Thu 15 Oct '20,14.2,14.7,13.8,14.5,−0.3 (−2.03%),46.24 K
Wed 14 Oct '20,14.4,14.8,13.7,14.8,+0.7 (+4.96%),134.83 K
Tue 13 Oct '20,14.0,15.4,14.0,14.1,−0.4 (−2.76%),43.51 K
Mon 12 Oct '20,14.0,15.0,14.0,14.5,+0.6 (+4.32%),38.91 K
Fri 09 Oct '20,14.5,14.5,13.9,13.9,+0.1 (+0.72%),20.09 K
Thu 08 Oct '20,13.4,14.5,13.4,13.8,+0.4 (+2.99%),21.84 K
Wed 07 Oct '20,12.7,13.9,12.7,13.4,+0.7 (+5.51%),6.79 K
Tue 06 Oct '20,12.7,14.1,12.7,12.7,−0.2 (−1.55%),115.67 K
Mon 05 Oct '20,14.2,14.2,11.9,12.9,−2.3 (−15.13%),102.19 K
Fri 02 Oct '20,15.4,15.9,15.2,15.2,+0.2 (+1.33%),23.81 K
Wed 30 Sep '20,15.3,15.4,15.0,15.0,−0.8 (−5.06%),72.52 K
Tue 29 Sep '20,15.9,15.9,14.0,15.8,0.0 (0.00%),43.31 K
Mon 28 Sep '20,15.8,16.5,15.8,15.8,−0.1 (−0.63%),122.82 K
Fri 25 Sep '20,14.5,16.4,14.4,15.9,+1.4 (+9.66%),411.17 K
Thu 24 Sep '20,14.6,14.6,14.2,14.5,0.0 (0.00%),18.71 K
Wed 23 Sep '20,14.5,14.7,14.0,14.5,+0.2 (+1.40%),88.95 K
Tue 22 Sep '20,14.3,14.5,14.0,14.3,+0.2 (+1.42%),178.29 K
Mon 21 Sep '20,13.5,14.1,13.3,14.1,+0.5 (+3.68%),376.58 K
Fri 18 Sep '20,13.6,13.7,13.0,13.6,+0.1 (+0.74%),59.12 K
Thu 17 Sep '20,13.5,13.6,13.5,13.5,−0.2 (−1.46%),33.63 K
Wed 16 Sep '20,13.6,14.0,13.4,13.7,+0.1 (+0.74%),105.18 K
Tue 15 Sep '20,13.4,13.8,13.4,13.6,−0.2 (−1.45%),60.8 K
Mon 14 Sep '20,13.9,13.9,13.1,13.8,+0.3 (+2.22%),8.95 K
Fri 11 Sep '20,13.3,13.5,12.8,13.5,0.0 (0.00%),125.14 K
Thu 10 Sep '20,13.5,13.9,13.3,13.5,0.0 (0.00%),52.82 K
Wed 09 Sep '20,13.6,14.0,13.4,13.5,0.0 (0.00%),426.55 K
Tue 08 Sep '20,13.0,13.6,12.9,13.5,+0.6 (+4.65%),169.37 K
Mon 07 Sep '20,12.8,13.3,12.8,12.9,+0.1 (+0.78%),136.2 K
Fri 04 Sep '20,12.5,12.8,12.3,12.8,+0.2 (+1.59%),50.17 K
Thu 03 Sep '20,12.1,12.7,12.1,12.6,+0.4 (+3.28%),208.81 K
Wed 02 Sep '20,12.0,12.4,12.0,12.2,+0.2 (+1.67%),50.14 K
Mon 31 Aug '20,12.5,12.5,12.0,12.0,−0.2 (−1.64%),52.81 K
Fri 28 Aug '20,12.6,12.6,11.9,12.2,0.0 (0.00%),277.23 K
Thu 27 Aug '20,12.5,12.5,12.2,12.2,−0.2 (−1.61%),59.39 K
Wed 26 Aug '20,12.0,12.5,12.0,12.4,+0.1 (+0.81%),53.68 K
Tue 25 Aug '20,12.2,12.6,12.1,12.3,−0.1 (−0.81%),41.85 K
Mon 24 Aug '20,12.6,12.9,12.4,12.4,−0.2 (−1.59%),92.58 K
Fri 21 Aug '20,12.3,12.8,12.3,12.6,+0.3 (+2.44%),256.64 K
Thu 20 Aug '20,12.4,12.6,12.2,12.3,+0.3 (+2.50%),50.29 K
Wed 19 Aug '20,12.0,12.4,11.8,12.0,0.0 (0.00%),159.72 K
Tue 18 Aug '20,12.6,12.6,11.5,12.0,−0.6 (−4.76%),142.22 K
Mon 17 Aug '20,12.2,12.9,12.1,12.6,+0.6 (+5.00%),352.18 K
Fri 14 Aug '20,11.5,12.4,11.5,12.0,+0.4 (+3.45%),130.26 K
Thu 13 Aug '20,11.5,11.7,11.1,11.6,+0.1 (+0.87%),107.42 K
Wed 12 Aug '20,12.5,12.5,11.0,11.5,−1.0 (−8.00%),278.54 K
Tue 11 Aug '20,13.0,13.4,11.9,12.5,−0.5 (−3.85%),463.19 K
Mon 10 Aug '20,10.5,13.1,10.5,13.0,+2.3 (+21.50%),910.49 K
Fri 07 Aug '20,10.5,10.8,10.3,10.7,+0.4 (+3.88%),407.84 K
Thu 06 Aug '20,9.2,10.4,9.2,10.3,+0.8 (+8.42%),719.84 K
Tue 04 Aug '20,9.5,9.5,9.1,9.5,−0.1 (−1.04%),7.38 K
Mon 03 Aug '20,9.9,9.9,9.6,9.6,+0.1 (+1.05%),3.31 K
Fri 31 Jul '20,9.9,9.9,9.5,9.5,−0.4 (−4.04%),25.51 K
Thu 30 Jul '20,10.3,10.3,9.5,9.9,0.0 (0.00%),129.7 K
Wed 29 Jul '20,9.2,10.1,9.2,9.9,+0.7 (+7.61%),796.18 K
Tue 28 Jul '20,10.0,10.0,9.2,9.2,−0.3 (−3.16%),101.63 K
Mon 27 Jul '20,8.4,9.5,8.4,9.5,+0.9 (+10.47%),186.82 K
Fri 24 Jul '20,8.0,8.6,8.0,8.6,+0.6 (+7.50%),49.21 K
Thu 23 Jul '20,8.0,8.0,7.9,8.0,−0.1 (−1.23%),13.65 K
Wed 22 Jul '20,8.3,8.3,8.1,8.1,−0.2 (−2.41%),1.58 K
Tue 21 Jul '20,7.8,8.3,7.8,8.3,+0.3 (+3.75%),350
Fri 17 Jul '20,8.1,8.1,8.0,8.0,0.0 (0.00%),1.38 K
Thu 16 Jul '20,8.0,8.0,7.6,8.0,+0.3 (+3.90%),3.26 K
Wed 15 Jul '20,7.7,7.7,7.7,7.7,−0.2 (−2.53%),400
Tue 14 Jul '20,8.3,8.3,7.7,7.9,+0.1 (+1.28%),14.7 K
Mon 13 Jul '20,7.7,8.4,7.7,7.8,−0.1 (−1.27%),4.4 K
Fri 10 Jul '20,8.0,8.2,7.9,7.9,−0.4 (−4.82%),4.55 K
Wed 08 Jul '20,8.4,8.5,8.0,8.3,+0.2 (+2.47%),4.01 K
Tue 07 Jul '20,8.5,8.5,8.1,8.1,−0.4 (−4.71%),2.03 K
Mon 06 Jul '20,8.5,8.7,8.2,8.5,+0.5 (+6.25%),2 K
Fri 03 Jul '20,8.2,8.2,8.0,8.0,−0.2 (−2.44%),6.8 K
Thu 02 Jul '20,8.5,8.5,8.2,8.2,−0.1 (−1.20%),601
Wed 01 Jul '20,8.3,8.3,8.3,8.3,0.0 (0.00%),199
Tue 30 Jun '20,8.5,8.7,8.3,8.3,0.0 (0.00%),51.94 K
Mon 29 Jun '20,8.2,8.9,8.1,8.3,−0.6 (−6.74%),9.77 K
Fri 26 Jun '20,8.9,8.9,8.9,8.9,+0.4 (+4.71%),5
Thu 25 Jun '20,8.4,8.9,8.4,8.5,+0.3 (+3.66%),183.53 K
Wed 24 Jun '20,8.0,8.3,8.0,8.2,+0.2 (+2.50%),12.34 K
Tue 23 Jun '20,8.0,8.2,8.0,8.0,−0.2 (−2.44%),5 K
Mon 22 Jun '20,8.0,8.2,7.6,8.2,+0.2 (+2.50%),8.64 K
Fri 19 Jun '20,8.0,8.0,8.0,8.0,+0.1 (+1.27%),24.25 K
Thu 18 Jun '20,7.8,8.2,7.8,7.9,+0.1 (+1.28%),19.06 K
Wed 17 Jun '20,7.8,8.0,7.8,7.8,−0.3 (−3.70%),15.79 K
Tue 16 Jun '20,8.3,8.3,8.1,8.1,+0.3 (+3.85%),311
Fri 12 Jun '20,8.0,8.0,7.8,7.8,−0.5 (−6.02%),26.03 K
Wed 10 Jun '20,8.3,8.4,8.3,8.3,+0.3 (+3.75%),293
Tue 09 Jun '20,8.5,8.5,7.8,8.0,+0.2 (+2.56%),53.8 K
Mon 08 Jun '20,7.6,8.9,7.6,7.8,+0.1 (+1.30%),365
Wed 03 Jun '20,7.7,8.0,7.6,7.7,−0.2 (−2.53%),11.81 K
Tue 02 Jun '20,7.9,7.9,7.7,7.9,−0.1 (−1.25%),3.81 K
Thu 28 May '20,7.6,8.0,7.5,8.0,+0.1 (+1.27%),1.01 K
Wed 27 May '20,7.9,8.0,7.5,7.9,0.0 (0.00%),14.81 K
Tue 26 May '20,8.1,8.1,7.9,7.9,−0.2 (−2.47%),26.34 K
Fri 22 May '20,8.4,8.5,8.0,8.1,−0.3 (−3.57%),14.69 K
Thu 21 May '20,8.6,8.9,8.4,8.4,−0.3 (−3.45%),55.43 K
Tue 19 May '20,8.8,8.8,8.3,8.7,+0.8 (+10.13%),53.8 K
Mon 18 May '20,7.8,8.2,7.7,7.9,+1.5 (+23.44%),59.22 K
Fri 15 May '20,6.6,7.8,6.3,6.4,+0.3 (+4.92%),25.4 K
Thu 14 May '20,6.2,7.0,6.1,6.1,−1.4 (−18.67%),18.42 K
Wed 13 May '20,6.2,7.5,6.0,7.5,+1.3 (+20.97%),14.4 K
Tue 12 May '20,6.2,6.2,5.5,6.2,−2.0 (−24.39%),7.01 K
Thu 19 Mar '20,8.4,8.4,6.2,8.2,0.0 (0.00%),5.4 K
Fri 13 Mar '20,7.0,8.5,6.2,8.2,−0.5 (−5.75%),15.71 K
Thu 12 Mar '20,8.5,8.7,8.0,8.7,+0.3 (+3.57%),5.52 K
Wed 11 Mar '20,8.0,8.4,8.0,8.4,−0.3 (−3.45%),500
Tue 10 Mar '20,8.1,8.7,8.1,8.7,−0.1 (−1.14%),981
Fri 06 Mar '20,8.6,8.8,8.2,8.8,−0.2 (−2.22%),10.55 K
Tue 03 Mar '20,9.0,9.0,8.8,9.0,0.0 (0.00%),2.83 K
Mon 02 Mar '20,8.6,9.0,8.6,9.0,−0.5 (−5.26%),1 K
Fri 28 Feb '20,8.6,9.5,8.4,9.5,+0.5 (+5.56%),9.32 K
Wed 26 Feb '20,8.2,9.0,8.2,9.0,+0.7 (+8.43%),3.93 K
Mon 24 Feb '20,8.3,8.3,8.3,8.3,−0.3 (−3.49%),4.5 K
Wed 19 Feb '20,8.5,8.6,8.5,8.6,−0.1 (−1.15%),13.7 K
Tue 18 Feb '20,8.7,8.7,8.7,8.7,−0.2 (−2.25%),650
Mon 17 Feb '20,8.6,8.9,8.5,8.9,0.0 (0.00%),7.11 K
Fri 14 Feb '20,8.7,8.9,8.5,8.9,0.0 (0.00%),10.4 K
Wed 12 Feb '20,9.0,9.4,8.9,8.9,−0.1 (−1.11%),80.18 K
Tue 11 Feb '20,9.1,9.1,9.0,9.0,−0.6 (−6.25%),115.06 K
Mon 10 Feb '20,9.2,9.6,9.0,9.6,−0.2 (−2.04%),5.1 K
Fri 07 Feb '20,9.0,9.8,9.0,9.8,+0.3 (+3.16%),900
Thu 06 Feb '20,9.3,9.8,9.3,9.5,+0.3 (+3.26%),3.34 K
Wed 05 Feb '20,9.3,9.3,8.9,9.2,−0.1 (−1.08%),300
Mon 03 Feb '20,9.3,9.3,8.8,9.3,−0.2 (−2.11%),2.95 K
Fri 31 Jan '20,9.0,9.5,9.0,9.5,+0.5 (+5.56%),4.14 K
Wed 29 Jan '20,8.8,9.0,8.8,9.0,0.0 (0.00%),2.5 K
Tue 28 Jan '20,9.0,9.0,8.8,9.0,−0.1 (−1.10%),1.7 K
Fri 24 Jan '20,9.0,9.1,8.8,9.1,+0.1 (+1.11%),1.79 K
Thu 23 Jan '20,9.0,9.0,8.9,9.0,−0.3 (−3.23%),3.06 K
Wed 22 Jan '20,8.8,9.3,8.8,9.3,+0.2 (+2.20%),5.05 K
Tue 21 Jan '20,8.8,9.1,8.8,9.1,+0.1 (+1.11%),690
Mon 20 Jan '20,8.8,9.0,8.7,9.0,−0.3 (−3.23%),7.17 K
Fri 17 Jan '20,9.7,9.7,9.0,9.3,−0.4 (−4.12%),11.32 K
Thu 16 Jan '20,9.1,9.7,9.0,9.7,−0.2 (−2.02%),14.48 K
Tue 14 Jan '20,9.9,9.9,9.9,9.9,0.0 (0.00%),10
Mon 13 Jan '20,9.9,9.9,9.9,9.9,+0.1 (+1.02%),750
Wed 08 Jan '20,9.6,9.9,9.0,9.8,−0.2 (−2.00%),9.07 K
Mon 06 Jan '20,10.0,10.0,10.0,10.0,+0.1 (+1.01%),2 K
Fri 03 Jan '20,9.8,10.0,9.8,9.9,−0.1 (−1.00%),1.39 K
Wed 01 Jan '20,10.0,10.0,10.0,10.0,0.0 (0.00%),1.52 K
Mon 30 Dec '19,9.7,10.0,9.7,10.0,−0.3 (−2.91%),1.32 K
Fri 27 Dec '19,10.3,10.3,10.0,10.3,+0.3 (+3.00%),1.68 K
Thu 26 Dec '19,9.9,10.6,9.9,10.0,+0.1 (+1.01%),14.32 K
Thu 19 Dec '19,9.9,9.9,9.9,9.9,0.0 (0.00%),2.4 K
Wed 18 Dec '19,9.9,9.9,9.9,9.9,+0.2 (+2.06%),5 K
Tue 17 Dec '19,9.8,9.8,9.6,9.7,−0.5 (−4.90%),17.41 K
Thu 12 Dec '19,9.7,10.2,9.7,10.2,+0.3 (+3.03%),1.06 K
Mon 09 Dec '19,10.0,10.0,9.9,9.9,−0.1 (−1.00%),8.22 K
Thu 05 Dec '19,9.8,10.0,9.7,10.0,+0.2 (+2.04%),2.02 K
Wed 04 Dec '19,10.2,10.4,9.7,9.8,−0.4 (−3.92%),13.71 K
Tue 03 Dec '19,10.4,10.4,9.7,10.2,−0.3 (−2.86%),114.95 K
Fri 29 Nov '19,9.7,10.5,9.6,10.5,+0.1 (+0.96%),32.2 K
Thu 28 Nov '19,10.2,10.6,9.6,10.4,+0.4 (+4.00%),10.43 K
Tue 26 Nov '19,10.3,10.3,9.9,10.0,−0.1 (−0.99%),7.35 K
Thu 21 Nov '19,10.0,10.2,9.8,10.1,−0.3 (−2.88%),11.79 K
Wed 20 Nov '19,10.3,10.4,10.0,10.4,+0.1 (+0.97%),4.19 K
Tue 19 Nov '19,10.4,10.5,10.3,10.3,−0.1 (−0.96%),5.17 K
Mon 18 Nov '19,10.1,10.4,10.0,10.4,+0.3 (+2.97%),9.74 K
Fri 15 Nov '19,10.2,10.2,10.1,10.1,0.0 (0.00%),400
Thu 14 Nov '19,10.2,10.2,9.9,10.1,−0.7 (−6.48%),8.11 K
Wed 13 Nov '19,10.7,10.8,10.1,10.8,0.0 (0.00%),511
Fri 08 Nov '19,10.4,10.8,10.0,10.8,+0.8 (+8.00%),8.1 K
Thu 07 Nov '19,10.6,10.6,10.0,10.0,−0.4 (−3.85%),3.77 K
Wed 06 Nov '19,10.0,10.4,10.0,10.4,−0.2 (−1.89%),1.9 K
Mon 04 Nov '19,10.0,10.6,10.0,10.6,−0.3 (−2.75%),200
Fri 01 Nov '19,10.8,10.9,10.8,10.9,+0.1 (+0.93%),900
Wed 30 Oct '19,10.5,10.8,10.5,10.8,−0.1 (−0.92%),1.25 K
Tue 29 Oct '19,10.9,10.9,10.7,10.9,0.0 (0.00%),201
Mon 28 Oct '19,10.5,10.9,10.5,10.9,0.0 (0.00%),7.36 K
Fri 25 Oct '19,10.5,10.9,10.5,10.9,0.0 (0.00%),2.45 K
Wed 23 Oct '19,10.8,11.0,10.5,10.9,+0.2 (+1.87%),1.01 K
Tue 22 Oct '19,10.9,11.0,10.5,10.7,−0.3 (−2.73%),29.52 K
Mon 21 Oct '19,10.8,11.0,10.5,11.0,+0.2 (+1.85%),14.88 K
Fri 18 Oct '19,10.4,11.0,10.4,10.8,+0.4 (+3.85%),155.89 K
Thu 17 Oct '19,10.3,10.4,10.2,10.4,+0.1 (+0.97%),11.1 K
Wed 16 Oct '19,10.0,10.3,9.5,10.3,+0.2 (+1.98%),44.46 K
Tue 15 Oct '19,10.3,10.4,9.8,10.1,−0.1 (−0.98%),5.19 K
Mon 14 Oct '19,10.0,10.2,9.5,10.2,+0.4 (+4.08%),49.17 K
Fri 11 Oct '19,9.8,9.9,9.7,9.8,+0.1 (+1.03%),10.63 K
Thu 10 Oct '19,9.9,9.9,9.0,9.7,−0.1 (−1.02%),10.77 K
Wed 09 Oct '19,9.8,10.0,9.8,9.8,−0.1 (−1.01%),12.33 K
Tue 08 Oct '19,9.8,10.0,9.5,9.9,+0.1 (+1.02%),7.82 K
Mon 07 Oct '19,9.1,9.8,9.1,9.8,0.0 (0.00%),6.95 K
Fri 04 Oct '19,9.5,9.8,9.5,9.8,0.0 (0.00%),1.5 K
Thu 03 Oct '19,9.5,9.8,9.1,9.8,0.0 (0.00%),2.2 K
Tue 01 Oct '19,9.7,9.8,9.7,9.8,−0.1 (−1.01%),1.03 K
Mon 30 Sep '19,9.5,9.9,9.4,9.9,−0.1 (−1.00%),5.7 K
Wed 25 Sep '19,10.0,10.0,10.0,10.0,0.0 (0.00%),2.97 K
Mon 23 Sep '19,10.0,10.0,10.0,10.0,−0.1 (−0.99%),30
Fri 20 Sep '19,10.0,10.1,10.0,10.1,−0.1 (−0.98%),2.67 K
Tue 17 Sep '19,9.6,10.2,9.5,10.2,−0.1 (−0.97%),1 K
Thu 12 Sep '19,9.6,10.4,9.4,10.3,+0.3 (+3.00%),8.11 K
Tue 10 Sep '19,9.8,10.0,9.8,10.0,−0.1 (−0.99%),2.8 K
Mon 09 Sep '19,10.1,10.1,10.1,10.1,−0.1 (−0.98%),11
Thu 05 Sep '19,10.2,10.2,10.0,10.2,0.0 (0.00%),3.03 K
Wed 04 Sep '19,9.8,10.2,9.6,10.2,−0.1 (−0.97%),3.6 K
Tue 03 Sep '19,10.2,10.3,10.2,10.3,0.0 (0.00%),168
Mon 02 Sep '19,10.0,10.4,10.0,10.3,+0.3 (+3.00%),4.04 K
Fri 30 Aug '19,10.1,10.5,9.9,10.0,−0.5 (−4.76%),15.27 K
Thu 29 Aug '19,10.4,10.5,9.8,10.5,+0.2 (+1.94%),16.1 K
Wed 28 Aug '19,10.5,10.5,10.3,10.3,−0.2 (−1.90%),300
Tue 27 Aug '19,10.5,10.5,10.0,10.5,0.0 (0.00%),3.89 K
Fri 23 Aug '19,10.0,10.5,10.0,10.5,+0.1 (+0.96%),1.14 K
Thu 22 Aug '19,10.5,10.5,10.1,10.4,−0.1 (−0.95%),11.43 K
Wed 21 Aug '19,10.1,10.6,10.1,10.5,−0.2 (−1.87%),10.8 K
Mon 19 Aug '19,10.8,10.8,10.1,10.7,−0.1 (−0.93%),309
Fri 16 Aug '19,10.7,10.8,10.1,10.8,+0.5 (+4.85%),3.37 K
Thu 15 Aug '19,10.5,10.5,10.3,10.3,−0.5 (−4.63%),10.1 K
Tue 13 Aug '19,10.0,10.9,10.0,10.8,−0.1 (−0.92%),1.4 K
Fri 09 Aug '19,10.5,10.9,10.5,10.9,−0.1 (−0.91%),4.41 K
Thu 08 Aug '19,10.6,11.0,10.5,11.0,+0.4 (+3.77%),14.33 K
Wed 07 Aug '19,10.6,10.6,10.6,10.6,−0.4 (−3.64%),1 K
Tue 06 Aug '19,10.5,11.1,10.5,11.0,+0.5 (+4.76%),440.39 K
Mon 05 Aug '19,9.7,10.7,9.7,10.5,0.0 (0.00%),4.81 K
Fri 02 Aug '19,10.5,10.5,10.1,10.5,0.0 (0.00%),2.16 K
Thu 01 Aug '19,10.5,10.7,10.3,10.5,−0.3 (−2.78%),13.87 K
Wed 31 Jul '19,11.0,11.0,10.4,10.8,0.0 (0.00%),16.22 K
Tue 30 Jul '19,11.0,11.0,10.5,10.8,−0.3 (−2.70%),42.71 K
Mon 29 Jul '19,10.8,11.3,10.8,11.1,+0.4 (+3.74%),135.97 K
Fri 26 Jul '19,10.5,11.1,10.5,10.7,−0.1 (−0.93%),4.39 K
Thu 25 Jul '19,10.8,11.0,10.6,10.8,−0.2 (−1.82%),27.2 K
Wed 24 Jul '19,10.6,11.4,10.6,11.0,+0.3 (+2.80%),248.56 K
Tue 23 Jul '19,9.6,11.0,9.6,10.7,+0.9 (+9.18%),178.06 K
Mon 22 Jul '19,10.1,10.1,9.6,9.8,−0.2 (−2.00%),13.29 K
Fri 19 Jul '19,9.5,10.3,9.5,10.0,+0.4 (+4.17%),176.8 K
Thu 18 Jul '19,9.4,10.0,9.1,9.6,+0.2 (+2.13%),34.07 K
Wed 17 Jul '19,9.5,9.5,9.0,9.4,−0.1 (−1.05%),4.9 K
Mon 15 Jul '19,9.3,9.5,9.3,9.5,+0.1 (+1.06%),10.15 K
Fri 12 Jul '19,9.1,9.4,9.0,9.4,0.0 (0.00%),6.05 K
Thu 11 Jul '19,9.3,9.4,9.3,9.4,+0.1 (+1.08%),4.17 K
Wed 10 Jul '19,9.0,9.3,9.0,9.3,0.0 (0.00%),5.3 K
Tue 09 Jul '19,9.0,9.3,9.0,9.3,+0.1 (+1.09%),17.73 K
Mon 08 Jul '19,9.1,9.3,9.0,9.2,−0.1 (−1.08%),18.15 K
Fri 05 Jul '19,9.4,9.4,9.3,9.3,−0.1 (−1.06%),601
Thu 04 Jul '19,9.0,9.6,9.0,9.4,+0.1 (+1.08%),29.43 K
Wed 03 Jul '19,9.0,9.5,9.0,9.3,+0.3 (+3.33%),19.69 K
Tue 02 Jul '19,9.0,9.0,9.0,9.0,0.0 (0.00%),5.68 K
Mon 01 Jul '19,8.8,9.0,8.8,9.0,0.0 (0.00%),610
Fri 28 Jun '19,8.9,9.0,8.9,9.0,0.0 (0.00%),453
Thu 27 Jun '19,9.0,9.0,8.8,9.0,0.0 (0.00%),1.05 K
Wed 26 Jun '19,9.1,9.1,8.8,9.0,+0.1 (+1.12%),632
Tue 25 Jun '19,8.9,8.9,8.9,8.9,−0.3 (−3.26%),1.09 K
Thu 20 Jun '19,9.2,9.2,9.2,9.2,0.0 (0.00%),101
Wed 19 Jun '19,8.9,9.2,8.9,9.2,0.0 (0.00%),2.56 K
Tue 18 Jun '19,9.2,9.2,9.2,9.2,0.0 (0.00%),50
Mon 17 Jun '19,8.9,9.2,8.9,9.2,+0.3 (+3.37%),24.19 K
Fri 14 Jun '19,9.0,9.2,8.9,8.9,−0.1 (−1.11%),14.9 K
Thu 13 Jun '19,9.0,9.0,9.0,9.0,−0.3 (−3.23%),9.51 K
Wed 12 Jun '19,9.3,9.3,9.2,9.3,0.0 (0.00%),16.64 K
Tue 11 Jun '19,9.1,9.4,9.0,9.3,−0.2 (−2.11%),4.32 K
Mon 10 Jun '19,9.4,9.5,9.4,9.5,0.0 (0.00%),400
Fri 07 Jun '19,9.5,9.9,9.0,9.5,0.0 (0.00%),2.93 K
Thu 06 Jun '19,9.4,9.5,9.0,9.5,0.0 (0.00%),1.72 K
Tue 04 Jun '19,9.0,9.5,9.0,9.5,0.0 (0.00%),400
Mon 03 Jun '19,9.2,9.5,9.0,9.5,−0.2 (−2.06%),1.08 K
Fri 31 May '19,9.2,9.9,9.2,9.7,+0.1 (+1.04%),421
Wed 29 May '19,9.5,9.6,9.3,9.6,+0.1 (+1.05%),755
Tue 28 May '19,9.5,9.5,9.0,9.5,0.0 (0.00%),814
Fri 24 May '19,9.7,9.7,9.0,9.5,−0.2 (−2.06%),2.42 K
Thu 23 May '19,9.3,9.7,9.3,9.7,+0.5 (+5.43%),2.6 K
Wed 22 May '19,9.7,9.9,9.2,9.2,−0.4 (−4.17%),4.34 K
Tue 21 May '19,9.2,9.9,9.0,9.6,+0.5 (+5.49%),4.86 K
Fri 17 May '19,9.2,9.2,8.5,9.1,+0.1 (+1.11%),1.5 K
Wed 15 May '19,8.1,9.0,7.5,9.0,+0.5 (+5.88%),14.08 K
Tue 14 May '19,8.6,8.6,8.2,8.5,−0.3 (−3.41%),5.5 K
Mon 13 May '19,8.7,8.8,8.3,8.8,−0.1 (−1.12%),35.41 K
Fri 10 May '19,9.1,9.1,8.7,8.9,−0.1 (−1.11%),9.15 K
Thu 09 May '19,9.3,9.3,9.0,9.0,−0.3 (−3.23%),2.52 K
Wed 08 May '19,9.4,9.4,9.0,9.3,0.0 (0.00%),20.8 K
Tue 07 May '19,9.3,9.3,9.0,9.3,−0.2 (−2.11%),22.43 K
Mon 06 May '19,9.5,9.5,9.5,9.5,+0.4 (+4.40%),1.26 K
Fri 03 May '19,9.5,9.7,9.1,9.1,−0.3 (−3.19%),17 K
Thu 02 May '19,9.8,9.8,9.3,9.4,−0.4 (−4.08%),2.2 K
Tue 30 Apr '19,9.6,9.8,9.5,9.8,−0.1 (−1.01%),1.78 K
Mon 29 Apr '19,9.2,9.9,9.0,9.9,+0.4 (+4.21%),9.98 K
Fri 26 Apr '19,9.4,9.5,9.4,9.5,0.0 (0.00%),850
Thu 25 Apr '19,9.5,9.5,9.2,9.5,−0.4 (−4.04%),5.25 K
Wed 24 Apr '19,9.8,9.9,9.6,9.9,+0.1 (+1.02%),1.08 K
Tue 23 Apr '19,9.5,9.8,9.4,9.8,−0.1 (−1.01%),1 K
Thu 18 Apr '19,9.5,9.9,9.4,9.9,0.0 (0.00%),2.6 K
Wed 17 Apr '19,9.8,9.9,9.6,9.9,+0.2 (+2.06%),11.49 K
Tue 16 Apr '19,9.9,10.2,9.7,9.7,−0.4 (−3.96%),6.85 K
Thu 11 Apr '19,10.4,10.4,9.8,10.1,+0.1 (+1.00%),1.4 K
Wed 10 Apr '19,10.3,10.3,9.8,10.0,−0.3 (−2.91%),2.04 K
Tue 09 Apr '19,10.1,10.5,10.0,10.3,−0.4 (−3.74%),5.53 K
Mon 08 Apr '19,10.5,10.7,10.3,10.7,+0.2 (+1.90%),352
Thu 04 Apr '19,10.5,10.8,10.4,10.5,0.0 (0.00%),1.7 K
Wed 03 Apr '19,10.5,10.7,10.0,10.5,+0.5 (+5.00%),24.05 K
Tue 02 Apr '19,11.0,11.0,9.9,10.0,−1.0 (−9.09%),13.51 K
Mon 01 Apr '19,10.6,11.3,10.5,11.0,+0.1 (+0.92%),6.44 K
Fri 29 Mar '19,10.7,11.4,10.7,10.9,+0.2 (+1.87%),6.02 K
Thu 28 Mar '19,10.5,10.8,9.6,10.7,+0.2 (+1.90%),2.78 K
Wed 27 Mar '19,11.0,11.0,9.4,10.5,+0.6 (+6.06%),11.5 K
Tue 26 Mar '19,10.2,10.2,9.9,9.9,−0.1 (−1.00%),4.74 K
Mon 25 Mar '19,10.0,10.0,10.0,10.0,0.0 (0.00%),6 K
Fri 22 Mar '19,10.3,10.3,9.2,10.0,−0.8 (−7.41%),4.1 K
Thu 21 Mar '19,10.7,10.8,10.7,10.8,+0.1 (+0.93%),1.85 K
Mon 18 Mar '19,11.9,11.9,10.5,10.7,−1.2 (−10.08%),1.55 K
Fri 15 Mar '19,10.9,11.9,10.8,11.9,+1.0 (+9.17%),2.36 K
Thu 14 Mar '19,10.0,10.9,10.0,10.9,−0.1 (−0.91%),2.1 K
Tue 12 Mar '19,10.2,11.0,10.1,11.0,0.0 (0.00%),1.05 K
Tue 05 Mar '19,10.0,11.0,10.0,11.0,+0.1 (+0.92%),867
Fri 01 Mar '19,10.5,10.9,10.0,10.9,−0.1 (−0.91%),12.21 K
Thu 28 Feb '19,11.2,11.4,11.0,11.0,+0.4 (+3.77%),1.9 K
Wed 27 Feb '19,10.6,11.2,10.6,10.6,−0.7 (−6.19%),8.15 K
Mon 25 Feb '19,11.0,11.5,10.6,11.3,+0.3 (+2.73%),1.22 K
Fri 22 Feb '19,10.4,11.0,10.1,11.0,−0.4 (−3.51%),9.6 K
Wed 20 Feb '19,11.6,11.6,10.5,11.4,−0.3 (−2.56%),11.35 K
Mon 18 Feb '19,10.6,11.7,10.6,11.7,−0.2 (−1.68%),29.48 K
Fri 15 Feb '19,11.8,12.2,11.1,11.9,+0.1 (+0.85%),26.7 K
Thu 14 Feb '19,11.9,12.2,11.6,11.8,−0.4 (−3.28%),2.14 K
Tue 12 Feb '19,12.2,12.2,11.9,12.2,+0.2 (+1.67%),3.18 K
Mon 11 Feb '19,12.3,12.3,11.9,12.0,−0.2 (−1.64%),71.55 K
Fri 08 Feb '19,12.3,12.3,12.0,12.2,+0.4 (+3.39%),1.25 K
Thu 07 Feb '19,11.8,12.3,11.8,11.8,−0.7 (−5.60%),16.4 K
Wed 06 Feb '19,12.0,12.5,11.8,12.5,−0.2 (−1.57%),13.3 K
Tue 05 Feb '19,12.5,12.7,12.1,12.7,0.0 (0.00%),5.68 K
Fri 01 Feb '19,12.7,12.7,12.2,12.7,+0.2 (+1.60%),39.87 K
Thu 31 Jan '19,12.5,12.8,11.8,12.5,−0.2 (−1.57%),118.14 K
Wed 30 Jan '19,12.7,13.0,12.5,12.7,−0.1 (−0.78%),34.98 K
Tue 29 Jan '19,13.1,13.5,12.7,12.8,−0.1 (−0.78%),174.53 K
Mon 28 Jan '19,13.4,13.6,12.5,12.9,−0.5 (−3.73%),289.29 K
Fri 25 Jan '19,12.0,13.7,12.0,13.4,+1.4 (+11.67%),1.27 M
Thu 24 Jan '19,11.3,12.0,11.2,12.0,+0.8 (+7.14%),703.66 K
Wed 23 Jan '19,11.0,11.4,10.8,11.2,+0.1 (+0.90%),253.36 K
Mon 21 Jan '19,10.4,11.2,10.3,11.1,+1.1 (+11.00%),338.62 K
Fri 18 Jan '19,9.5,10.0,9.5,10.0,+0.5 (+5.26%),78.84 K
Thu 17 Jan '19,9.3,9.5,9.3,9.5,0.0 (0.00%),350
Wed 16 Jan '19,9.2,9.5,9.2,9.5,−0.3 (−3.06%),371
Thu 10 Jan '19,9.9,9.9,9.3,9.8,−0.1 (−1.01%),1.66 K
Wed 09 Jan '19,9.1,9.9,9.1,9.9,0.0 (0.00%),6.05 K
Tue 08 Jan '19,9.0,9.9,9.0,9.9,0.0 (0.00%),302
Mon 07 Jan '19,10.0,10.0,9.0,9.9,−0.2 (−1.98%),1.35 K
Fri 04 Jan '19,9.9,10.1,9.8,10.1,−0.1 (−0.98%),2.8 K
Wed 02 Jan '19,10.2,10.2,10.2,10.2,+0.4 (+4.08%),5 K
Tue 01 Jan '19,10.0,10.0,9.7,9.8,−0.4 (−3.92%),21
Thu 27 Dec '18,10.2,10.2,10.2,10.2,0.0 (0.00%),200
Wed 26 Dec '18,10.5,11.0,9.9,10.2,0.0 (0.00%),4.98 K
Mon 24 Dec '18,9.8,10.2,9.8,10.2,+0.6 (+6.25%),1 K
Thu 20 Dec '18,9.6,9.6,9.6,9.6,0.0 (0.00%),2
Thu 13 Dec '18,9.6,9.7,8.3,9.6,−0.2 (−2.04%),2.49 K
Tue 11 Dec '18,9.5,9.8,9.5,9.8,+0.3 (+3.16%),1.6 K
Mon 10 Dec '18,9.8,9.8,9.5,9.5,−0.3 (−3.06%),1.54 K
Fri 07 Dec '18,9.7,9.8,9.7,9.8,0.0 (0.00%),2.1 K
Wed 05 Dec '18,9.6,9.8,9.6,9.8,0.0 (0.00%),1.79 K
Mon 03 Dec '18,9.6,9.8,9.5,9.8,0.0 (0.00%),10.06 K
Fri 30 Nov '18,9.6,9.9,9.5,9.8,−0.2 (−2.00%),18.29 K
Thu 29 Nov '18,9.5,10.0,9.5,10.0,0.0 (0.00%),1 K
Tue 27 Nov '18,10.0,10.0,10.0,10.0,0.0 (0.00%),100
Mon 26 Nov '18,9.9,10.0,9.9,10.0,−0.4 (−3.85%),1.1 K
Wed 21 Nov '18,10.4,10.4,9.6,10.4,0.0 (0.00%),135
Mon 19 Nov '18,9.8,10.5,9.8,10.4,−0.1 (−0.95%),25.9 K
Wed 14 Nov '18,10.0,10.5,10.0,10.5,−0.1 (−0.94%),1.7 K
Fri 09 Nov '18,10.5,10.6,10.1,10.6,+0.6 (+6.00%),1.8 K
Wed 07 Nov '18,10.5,10.5,10.0,10.0,−0.7 (−6.54%),7.15 K
Mon 05 Nov '18,10.8,10.8,10.3,10.7,−0.1 (−0.93%),210
Fri 02 Nov '18,10.5,10.8,10.5,10.8,0.0 (0.00%),10.19 K
Thu 01 Nov '18,10.0,11.0,10.0,10.8,+0.3 (+2.86%),45.67 K
Wed 31 Oct '18,10.1,10.5,10.0,10.5,−0.2 (−1.87%),8.26 K
Tue 30 Oct '18,10.7,10.8,10.5,10.7,−0.1 (−0.93%),5.22 K
Mon 29 Oct '18,10.4,10.8,10.4,10.8,+0.4 (+3.85%),2.68 K
Fri 26 Oct '18,10.5,10.5,10.0,10.4,0.0 (0.00%),5.55 K
Thu 25 Oct '18,10.2,10.4,10.0,10.4,−0.1 (−0.95%),5.2 K
Tue 23 Oct '18,10.2,10.5,10.2,10.5,−0.3 (−2.78%),500
Fri 19 Oct '18,10.2,10.8,10.2,10.8,+0.5 (+4.85%),755
Thu 18 Oct '18,10.5,10.6,10.3,10.3,−0.1 (−0.96%),6.29 K
Wed 17 Oct '18,10.5,10.8,10.4,10.4,−0.5 (−4.59%),1.5 K
Tue 16 Oct '18,10.8,10.9,10.8,10.9,+0.1 (+0.93%),860
Mon 15 Oct '18,10.5,10.8,10.5,10.8,−0.1 (−0.92%),800
Fri 12 Oct '18,10.8,10.9,10.5,10.9,+0.2 (+1.87%),7.16 K
Thu 11 Oct '18,10.4,10.7,10.4,10.7,−0.1 (−0.93%),2.13 K
Wed 10 Oct '18,10.8,10.8,10.8,10.8,0.0 (0.00%),110
Tue 09 Oct '18,10.5,10.8,10.5,10.8,−0.1 (−0.92%),3.26 K
Mon 08 Oct '18,10.9,10.9,10.9,10.9,−0.1 (−0.91%),100
Fri 05 Oct '18,10.6,11.0,10.5,11.0,0.0 (0.00%),3.29 K
Thu 04 Oct '18,10.5,11.0,10.5,11.0,+0.5 (+4.76%),4.45 K
Wed 03 Oct '18,10.7,10.9,10.5,10.5,−0.5 (−4.55%),4.22 K
Tue 02 Oct '18,10.7,11.0,10.7,11.0,−0.2 (−1.79%),2.13 K
Mon 01 Oct '18,11.2,11.5,10.6,11.2,+0.1 (+0.90%),7.44 K
Fri 28 Sep '18,11.1,11.2,10.4,11.1,−0.1 (−0.89%),7.17 K
Thu 27 Sep '18,10.9,11.2,10.9,11.2,+0.3 (+2.75%),1.6 K
Wed 26 Sep '18,11.0,11.0,10.5,10.9,−0.1 (−0.91%),25.59 K
Tue 25 Sep '18,11.0,13.5,10.5,11.0,+0.1 (+0.92%),57.36 K
Fri 21 Sep '18,10.7,11.0,10.2,10.9,+0.4 (+3.81%),2.07 K
Thu 20 Sep '18,10.9,10.9,10.0,10.5,−0.7 (−6.25%),8.21 K
Tue 18 Sep '18,11.2,11.2,10.2,11.2,−0.1 (−0.88%),3.27 K
Mon 17 Sep '18,11.3,11.5,10.4,11.3,0.0 (0.00%),17.06 K
Fri 14 Sep '18,10.5,11.3,10.4,11.3,+0.3 (+2.73%),4.2 K
Wed 12 Sep '18,11.1,11.1,10.6,11.0,0.0 (0.00%),5.37 K
Tue 11 Sep '18,11.3,11.3,10.9,11.0,−0.3 (−2.65%),9.5 K
Thu 06 Sep '18,11.0,11.3,11.0,11.3,+0.3 (+2.73%),8.91 K
Wed 05 Sep '18,11.4,11.4,10.8,11.0,−0.3 (−2.65%),23.3 K
Tue 04 Sep '18,10.6,11.5,10.5,11.3,+0.2 (+1.80%),3.88 K
Mon 03 Sep '18,11.5,11.5,10.7,11.1,−0.4 (−3.48%),14.13 K
Fri 31 Aug '18,11.4,11.5,10.7,11.5,+0.1 (+0.88%),11.71 K
Thu 30 Aug '18,11.0,11.4,11.0,11.4,+0.2 (+1.79%),2.1 K
Wed 29 Aug '18,10.7,11.9,10.4,11.2,+0.4 (+3.70%),6.69 K
Tue 28 Aug '18,10.2,10.9,10.2,10.8,+0.1 (+0.93%),24.79 K
Mon 27 Aug '18,10.7,11.0,10.2,10.7,0.0 (0.00%),3.88 K
Fri 24 Aug '18,9.9,10.8,9.8,10.7,+0.2 (+1.90%),85.75 K
Wed 22 Aug '18,10.5,10.5,10.4,10.5,+0.1 (+0.96%),700
Tue 21 Aug '18,10.8,10.8,10.0,10.4,−0.6 (−5.45%),6.63 K
Thu 16 Aug '18,11.3,12.0,10.9,11.0,−0.9 (−7.56%),158.61 K
Wed 15 Aug '18,11.7,11.9,11.7,11.9,+0.1 (+0.85%),820
Tue 14 Aug '18,11.6,12.4,11.5,11.8,−1.2 (−9.23%),63.71 K
Thu 09 Aug '18,12.9,13.0,12.9,13.0,0.0 (0.00%),31
Wed 08 Aug '18,12.2,13.0,12.2,13.0,−0.5 (−3.70%),225
Tue 07 Aug '18,13.6,13.6,13.0,13.5,−0.2 (−1.46%),4.2 K
Thu 02 Aug '18,13.3,13.8,13.3,13.7,+0.2 (+1.48%),9.16 K
Wed 01 Aug '18,13.5,13.8,13.5,13.5,−0.3 (−2.17%),11.22 K
Tue 31 Jul '18,13.8,13.8,13.8,13.8,−0.1 (−0.72%),250
Wed 25 Jul '18,14.0,14.0,13.0,13.9,−0.1 (−0.71%),14.37 K
Tue 24 Jul '18,13.5,14.1,13.2,14.0,−0.4 (−2.78%),21.15 K
Thu 19 Jul '18,14.4,14.5,13.8,14.4,0.0 (0.00%),2.59 K
Wed 18 Jul '18,14.1,14.4,14.1,14.4,−0.1 (−0.69%),850
Tue 17 Jul '18,14.3,14.5,14.2,14.5,−0.2 (−1.36%),5.79 K
Fri 13 Jul '18,15.0,15.0,14.3,14.7,−0.2 (−1.34%),7.77 K
Thu 12 Jul '18,14.0,15.5,14.0,14.9,+0.9 (+6.43%),20.52 K
Wed 11 Jul '18,14.1,14.3,13.8,14.0,−0.1 (−0.71%),11.91 K
Tue 10 Jul '18,14.5,14.5,14.1,14.1,−0.4 (−2.76%),5.12 K
Mon 09 Jul '18,14.8,14.8,14.0,14.5,−0.1 (−0.68%),7.11 K
Fri 06 Jul '18,14.9,15.0,14.4,14.6,−0.3 (−2.01%),35.09 K
Thu 05 Jul '18,14.0,15.2,14.0,14.9,−0.2 (−1.32%),8.57 K
Tue 03 Jul '18,14.6,15.5,14.5,15.1,−0.6 (−3.82%),11.69 K
Mon 02 Jul '18,16.0,16.0,15.1,15.7,−0.2 (−1.26%),717
Fri 29 Jun '18,15.4,16.0,15.0,15.9,+0.7 (+4.61%),25.3 K
Thu 28 Jun '18,16.5,16.5,15.0,15.2,−1.2 (−7.32%),104.48 K
Tue 26 Jun '18,16.5,16.5,15.9,16.4,+0.4 (+2.50%),8.44 K
Mon 25 Jun '18,16.7,16.7,16.0,16.0,−0.5 (−3.03%),7.57 K
Fri 22 Jun '18,16.0,16.7,16.0,16.5,−0.2 (−1.20%),31.74 K
Wed 20 Jun '18,16.5,16.7,15.5,16.7,−0.2 (−1.18%),10.5 K
Mon 18 Jun '18,16.5,17.0,16.5,16.9,−0.1 (−0.59%),10.3 K
Thu 14 Jun '18,17.5,17.5,17.0,17.0,0.0 (0.00%),8.32 K
Wed 13 Jun '18,17.0,17.0,17.0,17.0,+0.5 (+3.03%),8.5 K
Tue 12 Jun '18,17.4,17.5,16.5,16.5,−0.9 (−5.17%),5.31 K
Mon 11 Jun '18,17.1,17.4,17.1,17.4,−0.1 (−0.57%),60
Fri 08 Jun '18,17.2,17.5,17.2,17.5,−0.5 (−2.78%),1.19 K
Thu 07 Jun '18,18.0,18.0,17.5,18.0,0.0 (0.00%),10.63 K
Wed 06 Jun '18,18.5,19.2,17.6,18.0,0.0 (0.00%),15.32 K
Tue 05 Jun '18,19.4,19.4,18.0,18.0,−1.8 (−9.09%),3.4 K
Mon 04 Jun '18,20.0,20.0,18.0,19.8,+0.1 (+0.51%),1.27 K
Fri 01 Jun '18,20.1,20.1,18.5,19.7,−0.4 (−1.99%),2.37 K
Thu 31 May '18,20.2,20.2,18.9,20.1,0.0 (0.00%),300
Wed 30 May '18,20.2,20.2,18.9,20.1,−0.1 (−0.50%),240
Mon 28 May '18,19.0,20.2,19.0,20.2,−0.1 (−0.49%),5.93 K
Fri 25 May '18,20.2,20.3,18.0,20.3,+0.5 (+2.53%),50.92 K
Thu 24 May '18,19.9,20.5,19.1,19.8,−1.0 (−4.81%),1.84 K
Wed 23 May '18,20.7,20.8,20.0,20.8,+0.2 (+0.97%),1.2 K
Tue 22 May '18,20.0,20.6,19.9,20.6,−0.2 (−0.96%),490
Mon 21 May '18,20.9,21.0,19.9,20.8,+0.8 (+4.00%),401
Fri 18 May '18,19.7,21.0,19.7,20.0,−0.9 (−4.31%),2.71 K
Thu 17 May '18,20.0,20.9,20.0,20.9,−0.1 (−0.48%),4.8 K
Wed 16 May '18,20.7,21.0,20.3,21.0,+1.0 (+5.00%),42 K
Tue 15 May '18,20.0,20.0,20.0,20.0,−0.9 (−4.31%),5
Mon 14 May '18,21.2,21.2,20.0,20.9,−0.2 (−0.95%),31.96 K
Fri 11 May '18,20.9,21.2,20.9,21.1,+0.6 (+2.93%),64.39 K
Thu 10 May '18,20.5,21.0,20.5,20.5,−0.5 (−2.38%),600
Wed 09 May '18,21.0,21.0,20.0,21.0,0.0 (0.00%),1.5 K
Tue 08 May '18,20.1,21.0,20.1,21.0,−0.1 (−0.47%),210
Fri 04 May '18,21.1,21.1,20.0,21.1,0.0 (0.00%),4.61 K
Thu 03 May '18,21.0,21.2,20.5,21.1,+0.2 (+0.96%),38.38 K
Tue 01 May '18,21.3,21.3,20.3,20.9,−0.1 (−0.48%),2.9 K
Fri 27 Apr '18,21.3,21.3,20.5,21.0,−0.3 (−1.41%),589
Thu 26 Apr '18,20.4,21.3,20.4,21.3,0.0 (0.00%),1.03 K
Wed 25 Apr '18,21.6,21.6,20.3,21.3,−0.3 (−1.39%),2.63 K
Tue 24 Apr '18,20.1,21.6,20.1,21.6,0.0 (0.00%),4.66 K
Mon 23 Apr '18,21.7,21.7,21.0,21.6,0.0 (0.00%),5.2 K
Thu 19 Apr '18,21.5,22.0,21.5,21.6,−0.2 (−0.92%),30.65 K
Tue 17 Apr '18,21.7,21.8,21.5,21.8,+0.1 (+0.46%),2.81 K
Mon 16 Apr '18,20.5,21.7,20.5,21.7,+0.6 (+2.84%),500
Wed 11 Apr '18,21.7,21.7,21.1,21.1,−0.4 (−1.86%),9.76 K
Mon 09 Apr '18,20.8,22.0,20.8,21.5,+0.7 (+3.37%),107.34 K
Fri 06 Apr '18,21.0,21.0,20.8,20.8,−0.2 (−0.95%),10.2 K
Thu 05 Apr '18,20.0,21.0,19.9,21.0,+1.0 (+5.00%),10.59 K
Wed 04 Apr '18,20.6,21.0,19.9,20.0,−0.5 (−2.44%),20.38 K
Tue 03 Apr '18,19.8,20.6,19.8,20.5,+0.7 (+3.54%),20.31 K
Mon 02 Apr '18,19.4,21.0,18.6,19.8,+0.8 (+4.21%),5.07 K
Thu 29 Mar '18,19.7,19.7,19.0,19.0,−1.6 (−7.77%),20.56 K
Wed 28 Mar '18,20.5,21.0,19.9,20.6,+0.1 (+0.49%),11.78 K
Tue 27 Mar '18,20.0,21.0,20.0,20.5,−0.4 (−1.91%),9.92 K
Mon 26 Mar '18,20.8,20.9,20.0,20.9,−0.1 (−0.48%),5.94 K
Thu 22 Mar '18,21.0,21.0,20.8,21.0,−0.9 (−4.11%),17.43 K
Tue 20 Mar '18,22.3,22.5,21.0,21.9,+0.1 (+0.46%),18.83 K
Mon 19 Mar '18,21.5,22.0,21.0,21.8,+0.3 (+1.40%),106.43 K
Fri 16 Mar '18,21.0,21.5,21.0,21.5,0.0 (0.00%),1.61 K
Thu 15 Mar '18,21.7,21.7,21.2,21.5,−0.2 (−0.92%),11.12 K
Wed 14 Mar '18,21.0,21.7,21.0,21.7,0.0 (0.00%),6.2 K
Tue 13 Mar '18,21.6,22.0,20.6,21.7,+0.1 (+0.46%),1.35 K
Mon 12 Mar '18,21.7,22.0,21.0,21.6,+0.7 (+3.35%),20.55 K
Fri 09 Mar '18,21.0,21.1,20.9,20.9,−0.8 (−3.69%),15.52 K
Thu 08 Mar '18,21.5,21.7,20.7,21.7,−0.3 (−1.36%),401
Wed 07 Mar '18,21.1,22.0,21.0,22.0,0.0 (0.00%),7.11 K
Tue 06 Mar '18,22.0,22.0,21.0,22.0,+0.1 (+0.46%),1.32 K
Fri 02 Mar '18,21.5,22.0,20.7,21.9,+0.2 (+0.92%),13.88 K
Wed 28 Feb '18,21.8,22.0,21.0,21.7,−0.1 (−0.46%),82.21 K
Tue 27 Feb '18,22.0,22.0,21.2,21.8,−0.8 (−3.54%),38.25 K
Fri 23 Feb '18,22.8,22.8,21.7,22.6,−0.2 (−0.88%),36.27 K
Thu 22 Feb '18,22.8,22.8,22.5,22.8,0.0 (0.00%),1.1 K
Wed 21 Feb '18,22.9,22.9,21.5,22.8,−0.1 (−0.44%),1.02 K
Tue 20 Feb '18,23.0,23.0,21.5,22.9,−0.1 (−0.43%),1.72 K
Mon 19 Feb '18,22.9,23.0,22.2,23.0,0.0 (0.00%),7.05 K
Thu 15 Feb '18,22.7,23.0,22.7,23.0,−0.4 (−1.71%),853
Tue 13 Feb '18,23.4,23.8,22.9,23.4,−0.1 (−0.43%),59.2 K
Mon 12 Feb '18,23.0,23.8,23.0,23.5,−0.1 (−0.42%),38.7 K
Fri 09 Feb '18,23.3,24.0,22.8,23.6,0.0 (0.00%),18.82 K
Thu 08 Feb '18,23.5,23.7,22.8,23.6,+0.6 (+2.61%),31.1 K
Tue 06 Feb '18,23.2,23.5,22.6,23.0,0.0 (0.00%),13.8 K
Fri 02 Feb '18,22.2,23.1,22.2,23.0,+0.6 (+2.68%),254.98 K
Thu 01 Feb '18,22.0,22.8,21.4,22.4,+0.6 (+2.75%),103.59 K
Tue 30 Jan '18,21.2,22.0,21.2,21.8,+0.6 (+2.83%),12.25 K
Mon 29 Jan '18,21.0,21.2,20.6,21.2,−0.1 (−0.47%),13.23 K
Fri 26 Jan '18,21.3,21.3,21.3,21.3,+0.1 (+0.47%),400
Thu 25 Jan '18,21.4,21.4,20.6,21.2,−0.2 (−0.93%),80.75 K
Wed 24 Jan '18,21.3,21.5,20.8,21.4,−0.6 (−2.73%),4.24 K
Tue 23 Jan '18,21.1,22.0,20.6,22.0,+0.1 (+0.46%),29.21 K
Mon 22 Jan '18,22.4,22.4,21.3,21.9,+0.2 (+0.92%),22.93 K
Fri 19 Jan '18,21.2,22.5,21.0,21.7,+0.6 (+2.84%),18.8 K
Thu 18 Jan '18,21.0,21.6,20.9,21.1,−0.6 (−2.76%),6.4 K
Wed 17 Jan '18,21.0,21.7,20.6,21.7,+0.1 (+0.46%),9.11 K
Mon 15 Jan '18,21.6,21.6,21.6,21.6,−0.1 (−0.46%),540
Fri 12 Jan '18,21.1,21.7,21.0,21.7,+0.5 (+2.36%),7.8 K
Thu 11 Jan '18,21.7,22.0,21.2,21.2,−1.1 (−4.93%),108.12 K
Wed 10 Jan '18,22.3,22.3,22.3,22.3,+0.3 (+1.36%),475
Tue 09 Jan '18,22.0,22.8,22.0,22.0,0.0 (0.00%),2.65 K
Thu 04 Jan '18,22.2,22.5,22.0,22.0,−0.5 (−2.22%),16.8 K
Wed 03 Jan '18,22.8,23.0,22.5,22.5,−0.2 (−0.88%),46 K
Tue 02 Jan '18,22.5,23.0,22.5,22.7,+0.2 (+0.89%),15.64 K
Fri 29 Dec '17,22.4,23.0,22.4,22.5,−0.5 (−2.17%),75.22 K
Wed 27 Dec '17,22.9,23.2,22.5,23.0,+0.4 (+1.77%),238.27 K
Tue 26 Dec '17,21.0,22.6,21.0,22.6,+2.5 (+12.44%),262.96 K
Fri 22 Dec '17,21.2,21.2,20.1,20.1,−0.7 (−3.37%),31.25 K
Wed 20 Dec '17,20.4,21.0,20.0,20.8,+0.9 (+4.52%),43.01 K
Mon 18 Dec '17,20.0,20.0,19.0,19.9,−2.1 (−9.55%),65.04 K
Thu 14 Dec '17,20.7,23.0,20.7,22.0,+1.5 (+7.32%),195.4 K
Wed 13 Dec '17,20.4,20.5,20.1,20.5,+0.1 (+0.49%),18 K
Tue 12 Dec '17,19.6,20.4,19.6,20.4,0.0 (0.00%),12.51 K
Fri 08 Dec '17,20.0,20.5,19.7,20.4,+0.6 (+3.03%),9.31 K
Thu 07 Dec '17,20.5,20.5,19.7,19.8,−0.7 (−3.41%),55.08 K
Wed 06 Dec '17,19.7,20.5,19.0,20.5,+0.5 (+2.50%),139.65 K
Tue 05 Dec '17,20.5,20.8,19.7,20.0,−1.4 (−6.54%),45.69 K
Wed 29 Nov '17,21.7,21.7,21.4,21.4,+0.1 (+0.47%),2
Tue 28 Nov '17,21.4,21.5,20.6,21.3,−0.2 (−0.93%),2.38 K
Fri 24 Nov '17,22.0,22.4,21.3,21.5,−0.5 (−2.27%),42.14 K
Thu 23 Nov '17,21.4,22.4,21.4,22.0,+0.6 (+2.80%),273.95 K
Wed 22 Nov '17,21.4,21.8,21.4,21.4,0.0 (0.00%),51.51 K
Tue 21 Nov '17,21.8,21.8,21.0,21.4,−0.1 (−0.47%),54.25 K
Mon 20 Nov '17,20.7,22.2,20.7,21.5,+0.9 (+4.37%),21.81 K
Fri 17 Nov '17,21.9,21.9,20.6,20.6,−0.9 (−4.19%),5.61 K
Thu 16 Nov '17,21.5,22.0,21.0,21.5,+0.5 (+2.38%),95.34 K
Wed 15 Nov '17,20.0,21.5,20.0,21.0,+0.5 (+2.44%),127.11 K
Tue 14 Nov '17,22.0,22.0,19.6,20.5,−3.2 (−13.50%),400.48 K
Mon 13 Nov '17,23.6,24.6,23.0,23.7,−0.3 (−1.25%),72.36 K
Fri 10 Nov '17,24.2,25.4,23.5,24.0,−0.1 (−0.41%),101.29 K
Thu 09 Nov '17,26.0,26.0,24.0,24.1,−2.3 (−8.71%),200.27 K
Wed 08 Nov '17,26.5,27.0,26.4,26.4,+0.4 (+1.54%),46.95 K
Tue 07 Nov '17,25.4,26.5,25.4,26.0,−0.2 (−0.76%),28.35 K
Mon 06 Nov '17,26.8,26.8,25.0,26.2,−0.6 (−2.24%),179.67 K
Thu 02 Nov '17,26.8,27.1,26.3,26.8,−0.1 (−0.37%),56.26 K
Wed 01 Nov '17,27.3,27.5,26.9,26.9,−0.4 (−1.47%),221.05 K
Tue 31 Oct '17,26.9,27.3,26.9,27.3,+0.4 (+1.49%),159.27 K
Mon 30 Oct '17,26.7,27.2,26.5,26.9,+0.5 (+1.89%),542.55 K
Fri 27 Oct '17,26.4,26.9,26.0,26.4,+0.1 (+0.38%),175.1 K
Thu 26 Oct '17,26.3,26.5,26.0,26.3,−0.1 (−0.38%),25.65 K
Wed 25 Oct '17,26.3,26.8,26.1,26.4,+0.1 (+0.38%),216.09 K
Tue 24 Oct '17,25.9,26.4,25.6,26.3,+0.8 (+3.14%),371.68 K
Mon 23 Oct '17,25.1,26.0,25.1,25.5,−0.2 (−0.78%),203.08 K
Fri 20 Oct '17,25.6,25.8,25.0,25.7,+0.5 (+1.98%),56.34 K
Wed 18 Oct '17,25.8,25.8,25.2,25.2,−0.1 (−0.40%),5.97 K
Tue 17 Oct '17,24.8,25.5,24.5,25.3,+0.5 (+2.02%),313.97 K
Mon 16 Oct '17,24.5,25.0,24.5,24.8,−0.1 (−0.40%),29.4 K
Fri 13 Oct '17,24.5,24.9,23.7,24.9,+0.8 (+3.32%),127.24 K
Thu 12 Oct '17,25.0,25.4,24.1,24.1,−0.9 (−3.60%),259.4 K
Wed 11 Oct '17,25.5,25.6,24.2,25.0,0.0 (0.00%),113.97 K
Tue 10 Oct '17,26.0,26.0,24.2,25.0,−0.5 (−1.96%),232.68 K
Mon 09 Oct '17,26.0,27.0,25.4,25.5,−0.5 (−1.92%),238.62 K
Fri 06 Oct '17,24.9,26.0,24.0,26.0,+1.7 (+7.00%),366.4 K
Wed 04 Oct '17,24.9,24.9,23.5,24.3,−0.2 (−0.82%),232.68 K
Tue 03 Oct '17,24.5,25.5,23.7,24.5,+0.5 (+2.08%),447.43 K
Mon 02 Oct '17,22.5,24.6,22.5,24.0,+1.8 (+8.11%),587.15 K
Fri 29 Sep '17,22.0,22.4,21.6,22.2,+0.4 (+1.83%),121.05 K
Thu 28 Sep '17,22.2,22.3,21.6,21.8,−0.2 (−0.91%),174.9 K
Wed 27 Sep '17,21.0,22.3,21.0,22.0,+1.1 (+5.26%),748.82 K
Tue 26 Sep '17,20.3,21.5,20.3,20.9,+0.8 (+3.98%),466.39 K
Mon 25 Sep '17,19.4,20.3,19.2,20.1,+0.9 (+4.69%),278.92 K
Fri 22 Sep '17,19.1,19.7,18.5,19.2,+0.2 (+1.05%),175.41 K
Thu 21 Sep '17,18.5,19.4,18.5,19.0,+0.2 (+1.06%),335.17 K
Wed 20 Sep '17,19.7,19.7,18.7,18.8,−0.8 (−4.08%),174.82 K
Tue 19 Sep '17,19.0,19.9,19.0,19.6,+0.6 (+3.16%),349.81 K
Mon 18 Sep '17,18.8,19.4,18.4,19.0,+0.2 (+1.06%),340.91 K
Fri 15 Sep '17,18.5,19.1,17.9,18.8,+0.4 (+2.17%),598.03 K
Thu 14 Sep '17,18.4,18.7,18.0,18.4,+0.1 (+0.55%),566 K
Wed 13 Sep '17,17.1,18.3,17.1,18.3,+1.2 (+7.02%),609.58 K
Tue 12 Sep '17,16.2,17.1,16.2,17.1,+0.9 (+5.56%),560.6 K
Mon 11 Sep '17,15.7,16.3,15.7,16.2,+0.5 (+3.18%),287.18 K
Fri 08 Sep '17,15.1,15.8,15.1,15.7,+0.5 (+3.29%),144.82 K
Thu 07 Sep '17,14.6,15.2,14.6,15.2,+0.4 (+2.70%),72.06 K
Wed 06 Sep '17,14.8,14.8,14.8,14.8,−0.4 (−2.63%),2.51 K
Mon 04 Sep '17,14.9,15.4,14.9,15.2,+0.4 (+2.70%),28.34 K
Thu 31 Aug '17,14.5,14.8,14.3,14.8,+0.3 (+2.07%),40.2 K
Wed 30 Aug '17,14.5,14.7,14.4,14.5,0.0 (0.00%),46.38 K
Tue 29 Aug '17,14.9,14.9,14.5,14.5,−0.3 (−2.03%),25.49 K
Mon 28 Aug '17,15.0,15.2,14.8,14.8,−0.2 (−1.33%),55.7 K
Fri 25 Aug '17,14.6,15.0,14.6,15.0,+0.4 (+2.74%),61.59 K
Thu 24 Aug '17,14.0,14.6,14.0,14.6,0.0 (0.00%),2.59 K
Tue 22 Aug '17,14.3,14.6,14.3,14.6,+0.2 (+1.39%),102
Fri 18 Aug '17,14.4,14.4,14.4,14.4,+0.2 (+1.41%),20
Thu 17 Aug '17,14.3,14.7,14.2,14.2,−0.8 (−5.33%),4.88 K
Tue 15 Aug '17,15.0,15.1,15.0,15.0,−0.1 (−0.66%),19.34 K
Mon 14 Aug '17,15.0,15.1,14.8,15.1,+0.2 (+1.34%),280.72 K
Fri 11 Aug '17,15.0,15.5,14.8,14.9,+0.7 (+4.93%),488.8 K
Wed 09 Aug '17,14.2,14.2,14.0,14.2,−0.1 (−0.70%),15.5 K
Tue 08 Aug '17,14.0,14.3,14.0,14.3,+0.3 (+2.14%),17.46 K
Thu 03 Aug '17,14.0,14.2,14.0,14.0,0.0 (0.00%),46.8 K
Wed 02 Aug '17,13.8,14.0,13.8,14.0,−0.1 (−0.71%),21.55 K
Mon 31 Jul '17,14.9,14.9,14.0,14.1,−0.8 (−5.37%),26.85 K
Fri 28 Jul '17,14.9,15.0,14.9,14.9,0.0 (0.00%),1.62 K
Thu 27 Jul '17,15.1,15.2,14.9,14.9,−0.4 (−2.61%),15.27 K
Wed 26 Jul '17,15.3,15.3,15.2,15.3,+0.1 (+0.66%),23.86 K
Tue 25 Jul '17,15.0,15.3,15.0,15.2,+0.1 (+0.66%),172.52 K
Mon 24 Jul '17,14.9,15.1,14.9,15.1,+0.2 (+1.34%),67.43 K
Fri 21 Jul '17,15.0,15.0,14.8,14.9,+0.3 (+2.05%),2.78 K
Thu 20 Jul '17,15.2,15.2,14.2,14.6,−0.3 (−2.01%),33.38 K
Wed 19 Jul '17,15.1,15.1,14.6,14.9,−0.2 (−1.32%),25.9 K
Tue 18 Jul '17,15.2,15.3,15.1,15.1,−0.1 (−0.66%),25.5 K
Mon 17 Jul '17,15.2,15.2,15.1,15.2,−0.1 (−0.65%),6.3 K
Fri 14 Jul '17,15.5,15.6,15.0,15.3,−0.2 (−1.29%),231.34 K
Thu 13 Jul '17,15.0,15.7,14.8,15.5,+0.5 (+3.33%),281.45 K
Wed 12 Jul '17,14.8,15.0,14.6,15.0,+0.4 (+2.74%),159.91 K
Tue 11 Jul '17,14.5,14.7,14.3,14.6,+0.3 (+2.10%),67.81 K
Mon 10 Jul '17,14.3,14.6,14.0,14.3,+0.3 (+2.14%),136.53 K
Fri 07 Jul '17,14.0,14.4,13.8,14.0,+0.3 (+2.19%),840.63 K
Thu 06 Jul '17,13.9,14.4,13.7,13.7,−0.1 (−0.72%),853.52 K
Wed 05 Jul '17,12.9,13.8,12.9,13.8,+1.1 (+8.66%),36.18 K
Tue 04 Jul '17,14.1,14.1,12.7,12.7,−0.9 (−6.62%),712
Mon 03 Jul '17,13.6,14.5,13.6,13.6,0.0 (0.00%),16.24 K
Fri 30 Jun '17,12.9,14.5,12.8,13.6,+0.8 (+6.25%),132.4 K
Thu 29 Jun '17,12.3,12.8,12.3,12.8,+0.5 (+4.07%),89.66 K
Wed 28 Jun '17,12.3,12.3,11.9,12.3,+0.5 (+4.24%),28.25 K
Tue 27 Jun '17,11.4,12.5,11.4,11.8,+0.4 (+3.51%),36.47 K
Fri 23 Jun '17,11.0,11.4,11.0,11.4,+0.5 (+4.59%),41.71 K
Thu 22 Jun '17,10.8,11.0,10.8,10.9,0.0 (0.00%),5.3 K
Tue 20 Jun '17,10.9,10.9,10.9,10.9,−0.1 (−0.91%),1
Mon 19 Jun '17,11.0,11.0,11.0,11.0,−0.2 (−1.79%),2 K
Wed 14 Jun '17,11.2,11.2,11.2,11.2,−0.1 (−0.88%),8.1 K
Tue 13 Jun '17,11.2,11.4,11.2,11.3,0.0 (0.00%),2.15 K
Mon 12 Jun '17,11.4,11.5,11.3,11.3,−0.2 (−1.74%),12.61 K
Wed 07 Jun '17,11.7,11.8,11.5,11.5,0.0 (0.00%),25.5 K
Tue 06 Jun '17,11.5,11.6,11.5,11.5,−0.1 (−0.86%),22.43 K
Mon 05 Jun '17,11.6,11.8,11.6,11.6,−0.1 (−0.85%),1.01 K
Fri 02 Jun '17,11.7,11.7,11.7,11.7,+0.2 (+1.74%),899
Thu 01 Jun '17,11.5,11.5,11.5,11.5,−0.3 (−2.54%),500
Wed 31 May '17,11.8,11.9,11.8,11.8,+0.5 (+4.42%),601
Tue 30 May '17,11.3,11.3,11.3,11.3,−0.7 (−5.83%),1.2 K
Fri 26 May '17,12.1,12.1,11.2,12.0,0.0 (0.00%),401
Thu 25 May '17,11.2,12.2,11.2,12.0,+0.4 (+3.45%),21.39 K
Tue 23 May '17,11.6,11.6,11.0,11.6,+0.3 (+2.65%),25.49 K
Mon 22 May '17,12.0,12.4,11.2,11.3,−0.9 (−7.38%),10.27 K
Fri 19 May '17,10.5,12.2,10.5,12.2,+1.7 (+16.19%),90.92 K
Thu 18 May '17,10.0,10.5,10.0,10.5,+0.7 (+7.14%),12.42 K
Wed 17 May '17,10.5,10.5,9.8,9.8,−0.7 (−6.67%),1.11 K
Tue 16 May '17,10.6,10.8,10.5,10.5,0.0 (0.00%),39.85 K
Mon 15 May '17,9.4,10.5,9.4,10.5,+1.2 (+12.90%),178.54 K
Fri 12 May '17,9.1,9.3,9.0,9.3,+0.3 (+3.33%),28.36 K
Mon 08 May '17,8.9,9.3,8.8,9.0,+0.2 (+2.27%),48.74 K
Fri 05 May '17,8.7,9.0,8.7,8.8,+0.2 (+2.33%),43.7 K
Thu 04 May '17,8.6,8.9,8.6,8.6,+0.1 (+1.18%),23.25 K
Tue 02 May '17,8.5,8.5,8.5,8.5,−0.4 (−4.49%),3.35 K
Mon 01 May '17,8.5,8.9,8.5,8.9,+0.6 (+7.23%),10.01 K
Fri 28 Apr '17,8.4,8.4,8.3,8.3,−0.3 (−3.49%),1.1 K
Wed 26 Apr '17,8.6,8.6,8.6,8.6,0.0 (0.00%),407
Tue 25 Apr '17,8.6,8.9,8.6,8.6,0.0 (0.00%),7.31 K
Mon 24 Apr '17,8.0,8.6,8.0,8.6,+0.1 (+1.18%),3.2 K
Fri 21 Apr '17,8.3,8.7,8.0,8.5,+0.2 (+2.41%),6.03 K
Wed 19 Apr '17,8.0,8.3,8.0,8.3,+0.7 (+9.21%),135
Mon 17 Apr '17,8.0,8.0,7.6,7.6,−0.1 (−1.30%),12.95 K
Tue 11 Apr '17,7.5,7.7,7.5,7.7,−0.1 (−1.28%),15.6 K
Wed 05 Apr '17,7.3,7.8,7.3,7.8,0.0 (0.00%),94
Tue 04 Apr '17,7.5,7.8,7.5,7.8,0.0 (0.00%),14.55 K
Mon 03 Apr '17,7.8,7.8,7.8,7.8,+0.2 (+2.63%),200
Thu 30 Mar '17,7.0,7.6,7.0,7.6,+0.1 (+1.33%),13.9 K
Tue 28 Mar '17,7.5,7.5,7.5,7.5,0.0 (0.00%),1
Mon 27 Mar '17,7.8,7.8,6.0,7.5,−0.3 (−3.85%),6.54 K
Fri 24 Mar '17,7.3,7.8,7.3,7.8,−0.1 (−1.27%),6.3 K
Tue 21 Mar '17,7.9,7.9,7.9,7.9,−0.1 (−1.25%),1
Thu 16 Mar '17,7.5,8.0,7.5,8.0,+0.9 (+12.68%),100
Wed 15 Mar '17,7.0,8.0,7.0,7.1,+0.1 (+1.43%),803
Mon 13 Mar '17,8.0,8.0,7.0,7.0,−0.3 (−4.11%),100
Thu 09 Mar '17,8.2,8.2,7.3,7.3,+0.1 (+1.39%),11
Wed 08 Mar '17,7.2,7.2,7.2,7.2,−0.8 (−10.00%),1
Mon 06 Mar '17,8.4,8.4,8.0,8.0,−0.3 (−3.61%),2.31 K
Thu 02 Mar '17,7.7,8.4,7.2,8.3,+1.3 (+18.57%),2.42 K
Wed 01 Mar '17,7.1,7.1,7.0,7.0,−0.1 (−1.41%),200
Tue 28 Feb '17,6.7,8.1,6.7,7.1,−1.1 (−13.41%),259
Thu 23 Feb '17,8.0,8.2,7.8,8.2,+0.2 (+2.50%),7.1 K
Mon 20 Feb '17,8.0,8.0,8.0,8.0,0.0 (0.00%),13.28 K
Wed 15 Feb '17,8.2,8.2,8.0,8.0,0.0 (0.00%),4.5 K
Tue 14 Feb '17,8.0,8.0,8.0,8.0,−0.2 (−2.44%),500
Mon 30 Jan '17,8.2,8.2,8.2,8.2,+0.6 (+7.89%),183
Thu 26 Jan '17,7.6,7.6,7.6,7.6,−0.7 (−8.43%),10
Wed 18 Jan '17,8.3,8.3,8.3,8.3,+0.5 (+6.41%),6 K
Mon 16 Jan '17,8.5,8.5,7.8,7.8,+0.1 (+1.30%),450
Tue 10 Jan '17,8.1,8.1,7.7,7.7,−0.4 (−4.94%),1.1 K
Mon 09 Jan '17,8.1,8.1,8.1,8.1,+0.5 (+6.58%),10
Thu 05 Jan '17,7.6,7.7,7.6,7.6,−0.4 (−5.00%),2.08 K
Wed 04 Jan '17,8.2,8.2,8.0,8.0,+0.3 (+3.90%),110
Mon 02 Jan '17,7.7,7.7,7.7,7.7,−0.2 (−2.53%),150
Fri 30 Dec '16,7.9,7.9,7.9,7.9,0.0 (0.00%),190
Wed 28 Dec '16,8.4,8.4,7.9,7.9,0.0 (0.00%),123
Tue 27 Dec '16,7.9,7.9,7.9,7.9,+0.7 (+9.72%),200
Wed 21 Dec '16,7.2,7.2,7.2,7.2,0.0 (0.00%),1.4 K
Mon 19 Dec '16,7.2,7.2,7.2,7.2,+0.2 (+2.86%),50
Thu 15 Dec '16,7.0,7.0,7.0,7.0,−0.5 (−6.67%),216
Wed 14 Dec '16,7.5,7.6,7.5,7.5,+0.1 (+1.35%),285
Tue 06 Dec '16,7.4,7.4,7.4,7.4,−1.2 (−13.95%),200
Wed 30 Nov '16,8.6,8.6,8.6,8.6,+0.6 (+7.50%),1
Mon 28 Nov '16,8.0,8.2,8.0,8.0,+0.9 (+12.68%),600
Thu 24 Nov '16,7.2,7.2,7.1,7.1,−0.2 (−2.74%),3.74 K
Wed 23 Nov '16,7.3,7.3,7.3,7.3,−0.6 (−7.59%),2.2 K
Tue 22 Nov '16,7.3,8.0,7.3,7.9,+0.1 (+1.28%),1.07 M
Mon 21 Nov '16,7.9,7.9,7.8,7.8,−0.2 (−2.50%),6.34 K
Thu 17 Nov '16,8.0,8.0,8.0,8.0,0.0 (0.00%),990
Tue 15 Nov '16,8.2,8.2,8.0,8.0,−0.9 (−10.11%),715
Thu 10 Nov '16,8.0,8.9,8.0,8.9,0.0 (0.00%),1.89 K
Tue 08 Nov '16,8.9,8.9,8.9,8.9,+0.1 (+1.14%),10
Fri 04 Nov '16,8.0,8.8,8.0,8.8,+0.8 (+10.00%),2.67 K
Wed 02 Nov '16,8.3,8.3,8.0,8.0,−0.5 (−5.88%),616
Wed 26 Oct '16,8.5,8.5,8.5,8.5,0.0 (0.00%),408
Thu 20 Oct '16,8.5,8.5,8.5,8.5,0.0 (0.00%),2 K
Tue 18 Oct '16,8.5,8.5,8.5,8.5,0.0 (0.00%),6.61 K
Thu 13 Oct '16,8.5,8.5,8.5,8.5,0.0 (0.00%),7.3 K
Tue 11 Oct '16,8.5,8.5,8.5,8.5,0.0 (0.00%),200
Fri 07 Oct '16,8.5,8.5,8.5,8.5,−0.3 (−3.41%),100
Wed 05 Oct '16,8.8,8.8,8.8,8.8,+0.2 (+2.33%),592
Mon 03 Oct '16,8.6,8.6,8.6,8.6,0.0 (0.00%),49.19 K
Fri 30 Sep '16,8.6,8.6,8.6,8.6,+0.1 (+1.18%),592
Wed 28 Sep '16,8.5,8.5,8.5,8.5,0.0 (0.00%),1.02 K
Mon 26 Sep '16,8.5,8.5,8.5,8.5,−0.4 (−4.49%),200
Fri 23 Sep '16,8.9,8.9,8.9,8.9,+0.1 (+1.14%),4.7 K
Thu 22 Sep '16,8.6,8.8,8.6,8.8,+0.1 (+1.15%),17.45 K
Tue 20 Sep '16,8.7,8.7,8.7,8.7,+0.2 (+2.35%),300
Wed 14 Sep '16,8.8,8.9,8.2,8.5,0.0 (0.00%),13.1 K
Tue 13 Sep '16,8.8,8.8,8.5,8.5,0.0 (0.00%),7.5 K
Fri 09 Sep '16,8.9,8.9,8.5,8.5,−0.4 (−4.49%),1.01 K
Wed 07 Sep '16,8.7,8.9,8.7,8.9,+0.2 (+2.30%),4.98 K
Tue 06 Sep '16,8.7,8.7,8.7,8.7,+0.7 (+8.75%),20
Wed 31 Aug '16,8.0,8.0,8.0,8.0,0.0 (0.00%),2 K
Tue 30 Aug '16,8.3,8.3,8.0,8.0,−0.3 (−3.61%),11 K
Thu 25 Aug '16,8.3,8.3,8.3,8.3,−0.4 (−4.60%),200
Wed 24 Aug '16,8.7,8.7,8.7,8.7,−0.1 (−1.14%),1 K
Thu 18 Aug '16,9.1,9.1,8.8,8.8,−0.2 (−2.22%),35.4 K
Tue 16 Aug '16,8.9,9.1,8.9,9.0,0.0 (0.00%),26.2 K
Mon 15 Aug '16,7.5,9.0,7.5,9.0,+0.7 (+8.43%),12.81 K
Wed 10 Aug '16,8.3,8.4,8.3,8.3,+0.2 (+2.47%),16.63 K
Tue 09 Aug '16,8.1,8.1,8.1,8.1,−0.2 (−2.41%),2.9 K
Fri 05 Aug '16,8.0,8.3,8.0,8.3,+0.4 (+5.06%),13.01 K
Wed 03 Aug '16,7.7,7.9,7.7,7.9,−0.1 (−1.25%),7.09 K
Tue 02 Aug '16,7.8,8.0,7.7,8.0,+0.2 (+2.56%),32.58 K
Mon 01 Aug '16,7.9,7.9,7.8,7.8,+0.2 (+2.63%),8.6 K
Fri 29 Jul '16,8.4,8.4,7.6,7.6,−1.0 (−11.63%),31.7 K
Thu 28 Jul '16,8.3,8.9,8.3,8.6,+0.2 (+2.38%),3.3 K
Wed 27 Jul '16,8.4,8.4,8.4,8.4,−0.6 (−6.67%),3.2 K
Tue 26 Jul '16,9.0,9.0,8.5,9.0,+0.3 (+3.45%),7.31 K
Mon 25 Jul '16,8.5,8.7,8.5,8.7,+0.1 (+1.16%),1.4 K
Thu 21 Jul '16,8.2,8.6,8.2,8.6,−0.6 (−6.52%),2.5 K
Wed 20 Jul '16,8.1,9.2,8.1,9.2,+0.4 (+4.55%),101
Mon 18 Jul '16,8.4,9.5,8.4,8.8,+0.6 (+7.32%),86.06 K
Fri 15 Jul '16,7.9,8.4,7.8,8.2,+0.4 (+5.13%),26.59 K
Thu 14 Jul '16,8.0,8.0,7.8,7.8,−0.2 (−2.50%),1.1 K
Tue 12 Jul '16,8.3,8.3,8.0,8.0,−0.4 (−4.76%),2.8 K
Mon 11 Jul '16,8.5,8.5,8.0,8.4,−0.1 (−1.18%),10 K
Fri 08 Jul '16,8.0,8.5,8.0,8.5,+0.5 (+6.25%),9.7 K
Thu 07 Jul '16,7.5,8.0,7.5,8.0,+0.8 (+11.11%),1.7 K
Thu 30 Jun '16,6.9,7.2,6.9,7.2,−0.7 (−8.86%),1.4 K
Wed 29 Jun '16,7.9,7.9,6.5,7.9,−0.2 (−2.47%),2.39 K
Tue 28 Jun '16,8.1,8.1,8.1,8.1,−0.1 (−1.22%),1.52 K
Thu 23 Jun '16,8.2,8.2,8.2,8.2,+0.1 (+1.23%),1
Wed 22 Jun '16,8.3,8.3,8.1,8.1,−0.4 (−4.71%),899
Thu 16 Jun '16,8.5,8.5,8.5,8.5,0.0 (0.00%),100
Tue 14 Jun '16,8.7,8.7,8.5,8.5,0.0 (0.00%),120
Mon 13 Jun '16,8.5,8.5,8.5,8.5,0.0 (0.00%),2
Thu 09 Jun '16,8.2,8.5,8.2,8.5,0.0 (0.00%),700
Wed 08 Jun '16,8.4,9.1,8.4,8.5,0.0 (0.00%),27.82 K
Tue 07 Jun '16,8.5,8.5,8.5,8.5,0.0 (0.00%),2 K
Thu 02 Jun '16,8.5,9.2,8.5,8.5,−0.2 (−2.30%),8.21 K
Wed 01 Jun '16,8.4,8.9,8.4,8.7,+0.1 (+1.16%),15.1 K
Tue 31 May '16,8.5,8.6,8.5,8.6,+0.4 (+4.88%),7.5 K
Wed 25 May '16,8.3,8.3,8.2,8.2,−0.1 (−1.20%),11 K
Mon 23 May '16,8.3,8.3,8.3,8.3,−0.2 (−2.35%),1
Fri 20 May '16,8.5,8.5,8.5,8.5,+0.1 (+1.19%),24.86 K
Thu 19 May '16,8.9,8.9,8.2,8.4,−0.3 (−3.45%),45.81 K
Wed 18 May '16,9.1,9.1,8.7,8.7,−0.3 (−3.33%),501
Mon 16 May '16,9.0,9.5,8.6,9.0,+0.1 (+1.12%),9.08 K
Fri 13 May '16,8.6,8.9,8.6,8.9,+0.5 (+5.95%),3.15 K
Wed 11 May '16,8.6,8.6,8.4,8.4,−0.4 (−4.55%),8.53 K
Thu 05 May '16,8.8,8.8,8.8,8.8,+0.4 (+4.76%),1
Wed 04 May '16,8.4,8.4,8.4,8.4,+0.1 (+1.20%),1
Mon 02 May '16,8.3,8.3,8.3,8.3,−0.5 (−5.68%),30
Wed 27 Apr '16,9.3,9.6,8.8,8.8,−0.1 (−1.12%),3.15 K
Fri 22 Apr '16,9.4,9.4,8.9,8.9,+0.3 (+3.49%),170
Tue 19 Apr '16,8.6,8.6,8.6,8.6,−0.9 (−9.47%),1 K
Mon 18 Apr '16,9.5,9.6,9.5,9.5,0.0 (0.00%),10.38 K
Thu 14 Apr '16,9.5,9.5,9.5,9.5,+0.4 (+4.40%),2 K
Mon 11 Apr '16,9.5,9.5,9.1,9.1,−0.7 (−7.14%),52
Thu 07 Apr '16,9.8,9.8,9.8,9.8,+0.3 (+3.16%),10
Tue 05 Apr '16,9.0,9.5,9.0,9.5,+1.8 (+23.38%),2.77 K
Fri 01 Apr '16,7.7,7.7,7.7,7.7,0.0 (0.00%),3
Thu 31 Mar '16,7.7,7.7,7.7,7.7,−0.1 (−1.28%),1.15 K
Tue 29 Mar '16,7.7,8.0,7.7,7.8,−0.2 (−2.50%),30.1 K
Thu 24 Mar '16,8.1,8.1,8.0,8.0,−0.6 (−6.98%),15.94 K
Wed 16 Mar '16,8.5,8.6,8.5,8.6,+0.1 (+1.18%),2.4 K
Thu 10 Mar '16,8.5,8.5,8.5,8.5,+0.8 (+10.39%),105
Tue 08 Mar '16,7.7,7.7,7.7,7.7,−0.2 (−2.53%),200
Mon 07 Mar '16,8.0,8.0,7.9,7.9,−0.1 (−1.25%),535
Wed 02 Mar '16,8.8,8.8,8.0,8.0,−0.1 (−1.23%),174
Tue 01 Mar '16,8.2,8.2,8.1,8.1,+0.1 (+1.25%),3.3 K
Wed 24 Feb '16,8.1,8.1,8.0,8.0,−0.1 (−1.23%),1.7 K
Tue 23 Feb '16,8.2,8.2,8.1,8.1,−0.9 (−10.00%),500
Mon 22 Feb '16,9.0,9.0,9.0,9.0,−0.5 (−5.26%),1
Thu 18 Feb '16,8.4,9.5,8.4,9.5,+0.7 (+7.95%),2.64 K
Wed 17 Feb '16,8.1,8.8,8.0,8.8,+0.4 (+4.76%),10.47 K
Tue 16 Feb '16,8.0,8.6,8.0,8.4,−0.4 (−4.55%),1.01 K
Mon 15 Feb '16,8.3,8.8,8.0,8.8,+0.4 (+4.76%),1.23 K
Fri 12 Feb '16,8.4,8.4,8.4,8.4,−0.3 (−3.45%),2 K
Wed 10 Feb '16,8.3,9.1,8.3,8.7,+0.2 (+2.35%),8.82 K
Mon 08 Feb '16,8.5,8.5,8.5,8.5,0.0 (0.00%),1
Thu 04 Feb '16,8.5,8.5,8.5,8.5,0.0 (0.00%),1
Tue 02 Feb '16,8.3,8.5,8.3,8.5,+0.6 (+7.59%),1.3 K
Mon 01 Feb '16,8.2,8.9,7.9,7.9,−0.1 (−1.25%),27.29 K
Thu 28 Jan '16,7.9,8.0,7.9,8.0,+0.1 (+1.27%),600
Wed 27 Jan '16,8.0,8.0,7.9,7.9,−1.0 (−11.24%),300
Mon 25 Jan '16,9.4,9.4,8.9,8.9,0.0 (0.00%),800
Wed 20 Jan '16,8.9,8.9,8.9,8.9,+0.7 (+8.54%),100
Mon 18 Jan '16,8.2,8.2,8.2,8.2,−0.3 (−3.53%),14.4 K
Tue 12 Jan '16,8.5,9.0,8.5,8.5,−0.5 (−5.56%),50.5 K
Fri 08 Jan '16,9.1,9.1,9.0,9.0,−0.3 (−3.23%),11.99 K
Tue 05 Jan '16,9.3,9.3,9.3,9.3,−0.7 (−7.00%),500
Mon 04 Jan '16,9.5,10.0,9.5,10.0,+1.0 (+11.11%),12.69 K
Thu 31 Dec '15,9.0,9.2,9.0,9.0,+0.3 (+3.45%),14.07 K
Tue 29 Dec '15,8.7,8.7,8.7,8.7,−0.2 (−2.25%),1
Wed 23 Dec '15,8.9,9.0,8.9,8.9,−0.5 (−5.32%),5.55 K
Tue 22 Dec '15,9.4,9.4,9.4,9.4,−0.4 (−4.08%),10
Thu 17 Dec '15,9.8,9.8,9.8,9.8,+0.3 (+3.16%),500
Tue 15 Dec '15,8.5,9.5,8.5,9.5,+0.9 (+10.47%),600
Mon 14 Dec '15,8.8,8.8,8.6,8.6,−0.2 (−2.27%),9.5 K
Fri 11 Dec '15,8.8,8.8,8.8,8.8,−0.1 (−1.12%),200
Wed 09 Dec '15,8.9,8.9,8.9,8.9,−0.8 (−8.25%),90
Tue 08 Dec '15,9.7,9.7,9.7,9.7,0.0 (0.00%),10
Thu 03 Dec '15,9.7,9.7,9.7,9.7,+0.1 (+1.04%),591
Wed 02 Dec '15,9.5,9.6,9.5,9.6,−0.3 (−3.03%),200
Mon 30 Nov '15,9.9,9.9,9.9,9.9,+0.1 (+1.02%),1
Thu 26 Nov '15,9.7,9.8,9.7,9.8,+0.6 (+6.52%),30 K
Mon 23 Nov '15,9.3,9.3,9.2,9.2,−0.4 (−4.17%),105
Fri 20 Nov '15,9.5,9.6,9.3,9.6,+0.3 (+3.23%),978
Thu 19 Nov '15,9.3,9.3,9.3,9.3,−0.1 (−1.06%),2.01 K
Tue 17 Nov '15,9.5,9.9,9.4,9.4,0.0 (0.00%),3 K
Mon 16 Nov '15,9.4,9.4,9.4,9.4,−0.2 (−2.08%),500
Thu 12 Nov '15,9.7,9.7,9.6,9.6,−0.1 (−1.03%),2.2 K
Tue 10 Nov '15,9.7,9.7,9.7,9.7,0.0 (0.00%),1.2 K
Thu 05 Nov '15,10.0,10.2,9.7,9.7,+0.1 (+1.04%),5.1 K
Wed 04 Nov '15,9.6,9.6,9.6,9.6,0.0 (0.00%),1
Fri 30 Oct '15,9.6,9.6,9.6,9.6,0.0 (0.00%),1.91 K
Thu 29 Oct '15,9.7,9.7,9.6,9.6,0.0 (0.00%),2.32 K
Tue 27 Oct '15,9.6,9.6,9.6,9.6,+0.1 (+1.05%),1.07 K
Thu 22 Oct '15,9.6,9.6,9.5,9.5,−0.1 (−1.04%),15.04 K
Tue 20 Oct '15,9.6,9.6,9.6,9.6,0.0 (0.00%),1
Mon 19 Oct '15,9.6,9.6,9.6,9.6,−0.4 (−4.00%),2.3 K
Thu 15 Oct '15,9.7,10.0,9.6,10.0,−0.3 (−2.91%),12.85 K
Mon 12 Oct '15,10.3,10.3,10.3,10.3,+0.5 (+5.10%),1
Fri 09 Oct '15,10.0,10.0,9.8,9.8,−0.6 (−5.77%),500
Thu 08 Oct '15,9.9,10.4,9.9,10.4,+0.5 (+5.05%),3.9 K
Tue 06 Oct '15,10.4,10.4,9.9,9.9,−0.4 (−3.88%),1.99 K
Mon 05 Oct '15,9.8,10.3,9.8,10.3,−0.1 (−0.96%),11
Fri 02 Oct '15,9.6,10.5,9.6,10.4,+0.4 (+4.00%),250
Wed 30 Sep '15,10.0,10.0,10.0,10.0,+0.2 (+2.04%),22
Tue 22 Sep '15,9.8,9.8,9.8,9.8,−0.2 (−2.00%),100
Mon 21 Sep '15,10.0,10.0,10.0,10.0,+0.2 (+2.04%),5 K
Fri 18 Sep '15,10.1,10.1,9.7,9.8,−0.3 (−2.97%),78.83 K
Thu 17 Sep '15,10.8,11.7,10.0,10.1,−0.4 (−3.81%),69.75 K
Tue 15 Sep '15,10.0,10.5,10.0,10.5,+0.4 (+3.96%),10 K
Mon 14 Sep '15,10.0,10.1,10.0,10.1,+0.2 (+2.02%),8.5 K
Fri 11 Sep '15,10.8,11.8,9.9,9.9,−0.9 (−8.33%),54.8 K
Thu 10 Sep '15,10.0,11.1,10.0,10.8,−1.0 (−8.47%),1.1 K
Wed 09 Sep '15,10.5,11.8,10.5,11.8,+2.0 (+20.41%),11.51 K
Tue 08 Sep '15,9.8,9.8,9.8,9.8,−0.1 (−1.01%),2
Mon 07 Sep '15,10.2,10.2,9.8,9.9,−1.1 (−10.00%),956
Thu 03 Sep '15,11.0,11.0,11.0,11.0,0.0 (0.00%),1
Wed 02 Sep '15,10.3,11.0,10.3,11.0,+0.8 (+7.84%),301
Tue 01 Sep '15,10.2,10.2,10.2,10.2,0.0 (0.00%),499
Thu 27 Aug '15,10.1,10.2,10.1,10.2,−0.9 (−8.11%),608
Wed 26 Aug '15,11.0,11.1,10.0,11.1,+0.1 (+0.91%),6.05 K
Tue 25 Aug '15,10.2,11.0,10.2,11.0,−0.2 (−1.79%),606
Mon 24 Aug '15,10.6,11.2,10.2,11.2,+0.6 (+5.66%),3.58 K
Fri 21 Aug '15,10.5,11.0,10.5,10.6,−0.2 (−1.85%),631
Thu 20 Aug '15,11.0,11.2,10.5,10.8,+0.4 (+3.85%),1.8 K
Tue 18 Aug '15,11.2,11.2,10.4,10.4,−0.8 (−7.14%),2.55 K
Fri 14 Aug '15,10.2,11.2,10.2,11.2,0.0 (0.00%),70
Tue 11 Aug '15,11.2,11.2,11.2,11.2,−0.2 (−1.75%),4
Mon 10 Aug '15,11.3,11.4,10.8,11.4,+0.7 (+6.54%),2.2 K
Fri 07 Aug '15,10.4,12.0,10.4,10.7,+0.4 (+3.88%),29.74 K
Thu 06 Aug '15,10.5,10.5,10.3,10.3,−0.2 (−1.90%),9.71 K
Wed 05 Aug '15,10.6,10.6,10.5,10.5,−0.1 (−0.94%),900
Tue 04 Aug '15,10.8,10.8,10.5,10.6,−0.4 (−3.64%),1.55 K
Mon 03 Aug '15,10.9,12.4,10.8,11.0,+0.3 (+2.80%),42.02 K
Wed 29 Jul '15,10.6,10.7,10.6,10.7,−0.1 (−0.93%),501
Tue 28 Jul '15,10.8,10.8,10.8,10.8,+0.1 (+0.93%),100
Mon 27 Jul '15,10.8,10.8,10.6,10.7,0.0 (0.00%),8.4 K
Fri 24 Jul '15,10.7,10.7,10.7,10.7,−0.2 (−1.83%),51
Thu 23 Jul '15,10.6,10.9,10.6,10.9,+0.3 (+2.83%),110
Wed 22 Jul '15,10.9,11.0,10.5,10.6,+0.2 (+1.92%),11.92 K
Mon 20 Jul '15,10.5,10.5,10.4,10.4,0.0 (0.00%),2.35 K
Thu 16 Jul '15,10.1,10.8,10.1,10.4,−0.1 (−0.95%),50.59 K
Mon 13 Jul '15,10.5,10.5,10.5,10.5,+0.5 (+5.00%),1
Tue 07 Jul '15,10.0,10.0,10.0,10.0,+0.2 (+2.04%),50
Tue 30 Jun '15,9.8,9.8,9.8,9.8,−0.2 (−2.00%),900
Mon 29 Jun '15,10.0,10.0,10.0,10.0,+0.2 (+2.04%),2.6 K
Fri 26 Jun '15,10.2,10.2,9.8,9.8,−0.4 (−3.92%),32.2 K
Wed 24 Jun '15,10.2,10.2,10.2,10.2,0.0 (0.00%),16
Tue 23 Jun '15,10.2,10.2,10.2,10.2,+0.2 (+2.00%),1 K
Fri 19 Jun '15,10.2,10.2,10.0,10.0,0.0 (0.00%),2.5 K
Thu 18 Jun '15,10.0,10.0,10.0,10.0,0.0 (0.00%),501
Wed 17 Jun '15,10.0,10.5,10.0,10.0,−0.4 (−3.85%),5.8 K
Tue 16 Jun '15,9.9,10.4,9.9,10.4,+0.4 (+4.00%),926
Fri 12 Jun '15,10.0,10.0,9.9,10.0,−0.6 (−5.66%),5.2 K
Tue 09 Jun '15,10.7,10.7,9.6,10.6,+0.6 (+6.00%),62.08 K
Mon 08 Jun '15,10.7,10.7,10.0,10.0,−0.7 (−6.54%),932
Fri 05 Jun '15,10.7,10.7,10.7,10.7,+0.7 (+7.00%),5
Wed 03 Jun '15,9.9,10.0,9.8,10.0,0.0 (0.00%),7.52 K
Fri 29 May '15,9.9,10.0,9.9,10.0,+0.1 (+1.01%),14.99 K
Thu 28 May '15,9.9,10.0,9.8,9.9,−0.1 (−1.00%),9.65 K
Tue 26 May '15,9.9,10.0,9.9,10.0,0.0 (0.00%),420
Mon 25 May '15,10.1,10.1,10.0,10.0,−0.3 (−2.91%),3 K
Fri 22 May '15,10.3,10.3,10.3,10.3,−0.2 (−1.90%),500
Wed 20 May '15,10.5,10.5,10.5,10.5,0.0 (0.00%),102
Mon 18 May '15,10.1,10.5,10.0,10.5,−0.3 (−2.78%),9 K
Fri 15 May '15,10.1,10.8,10.1,10.8,0.0 (0.00%),2.6 K
Thu 14 May '15,10.8,10.8,10.8,10.8,+0.3 (+2.86%),1 K
Tue 12 May '15,10.5,10.5,10.5,10.5,−0.8 (−7.08%),200
Mon 11 May '15,10.8,11.3,10.8,11.3,+0.5 (+4.63%),1.2 K
Fri 08 May '15,10.6,10.9,10.1,10.8,+0.2 (+1.89%),3.35 K
Thu 07 May '15,10.5,10.9,10.1,10.6,−0.1 (−0.93%),2.38 K
Tue 05 May '15,10.7,10.9,10.7,10.7,+0.1 (+0.94%),3.74 K
Wed 29 Apr '15,10.4,10.6,10.4,10.6,+0.3 (+2.91%),14.28 K
Tue 28 Apr '15,10.3,10.3,10.3,10.3,0.0 (0.00%),7.36 K
Mon 27 Apr '15,10.3,10.3,10.1,10.3,+0.2 (+1.98%),15.6 K
Fri 24 Apr '15,10.1,10.8,10.1,10.1,0.0 (0.00%),45.26 K
Thu 23 Apr '15,10.1,10.1,10.1,10.1,−0.4 (−3.81%),1.34 K
Tue 21 Apr '15,10.1,10.5,10.1,10.5,+0.4 (+3.96%),1 K
Mon 20 Apr '15,10.1,10.1,10.1,10.1,0.0 (0.00%),9 K
Thu 16 Apr '15,10.0,10.1,10.0,10.1,+0.1 (+1.00%),100
Thu 09 Apr '15,9.9,10.0,9.9,10.0,−0.4 (−3.85%),2.99 K
Wed 08 Apr '15,10.4,10.4,10.4,10.4,−0.1 (−0.95%),2
Mon 06 Apr '15,10.0,10.5,10.0,10.5,+0.1 (+0.96%),1.98 K
Wed 01 Apr '15,9.9,10.6,9.7,10.4,+0.5 (+5.05%),48.78 K
Tue 31 Mar '15,9.7,10.0,9.7,9.9,0.0 (0.00%),6.66 K
Mon 30 Mar '15,10.0,10.0,9.8,9.9,−0.1 (−1.00%),4.52 K
Fri 27 Mar '15,10.0,10.0,9.9,10.0,−0.1 (−0.99%),19.31 K
Thu 26 Mar '15,10.0,10.3,10.0,10.1,+0.1 (+1.00%),32.98 K
Wed 25 Mar '15,10.1,10.1,10.0,10.0,−0.1 (−0.99%),3.8 K
Tue 24 Mar '15,10.1,10.7,10.0,10.1,−0.1 (−0.98%),24.44 K
Mon 23 Mar '15,10.2,10.3,10.2,10.2,−0.7 (−6.42%),2 K
Fri 20 Mar '15,10.5,11.4,10.2,10.9,+0.1 (+0.93%),32.19 K
Thu 19 Mar '15,10.5,10.9,10.5,10.8,−0.2 (−1.82%),5.41 K
Wed 18 Mar '15,10.9,11.0,10.9,11.0,+0.5 (+4.76%),10 K
Mon 16 Mar '15,10.3,10.5,10.2,10.5,+0.1 (+0.96%),9.56 K
Fri 13 Mar '15,10.5,11.0,10.4,10.4,−0.8 (−7.14%),3.71 K
Thu 12 Mar '15,10.8,11.2,10.3,11.2,+0.4 (+3.70%),5.45 K
Wed 11 Mar '15,10.7,11.0,10.6,10.8,−0.4 (−3.57%),15.23 K
Tue 10 Mar '15,10.7,11.2,10.7,11.2,+0.4 (+3.70%),24.43 K
Mon 09 Mar '15,11.2,11.2,10.7,10.8,−0.3 (−2.70%),998
Fri 06 Mar '15,10.7,11.4,10.7,11.1,+0.2 (+1.83%),3.21 K
Wed 04 Mar '15,10.9,11.5,10.5,10.9,+0.7 (+6.86%),127.18 K
Tue 03 Mar '15,11.6,11.6,10.0,10.2,−2.2 (−17.74%),162.22 K
Mon 02 Mar '15,11.9,12.4,11.7,12.4,−0.3 (−2.36%),1.2 K
Wed 25 Feb '15,12.5,12.7,11.9,12.7,+0.7 (+5.83%),21.71 K
Mon 23 Feb '15,11.6,12.5,11.6,12.0,−0.5 (−4.00%),2.14 K
Thu 19 Feb '15,12.3,12.5,12.3,12.5,0.0 (0.00%),2.03 K
Wed 18 Feb '15,12.9,12.9,12.5,12.5,−0.5 (−3.85%),399
Fri 13 Feb '15,12.2,13.0,12.2,13.0,+0.8 (+6.56%),501
Wed 11 Feb '15,12.2,12.2,12.0,12.2,0.0 (0.00%),3.55 K
Mon 09 Feb '15,12.2,12.2,12.2,12.2,−0.2 (−1.61%),700
Thu 05 Feb '15,12.4,12.4,12.4,12.4,+0.5 (+4.20%),3
Mon 02 Feb '15,11.7,11.9,11.7,11.9,−0.1 (−0.83%),900
Fri 30 Jan '15,12.9,13.5,11.6,12.0,−1.0 (−7.69%),1.91 K
Wed 28 Jan '15,13.0,13.0,12.2,13.0,−0.2 (−1.52%),2.4 K
Mon 26 Jan '15,13.2,13.2,13.2,13.2,+0.2 (+1.54%),51
Fri 23 Jan '15,13.0,13.0,13.0,13.0,0.0 (0.00%),92
Thu 22 Jan '15,13.0,13.0,13.0,13.0,−0.1 (−0.76%),92
Mon 19 Jan '15,13.1,13.1,12.7,13.1,0.0 (0.00%),501
Fri 16 Jan '15,13.1,13.2,13.1,13.1,0.0 (0.00%),600
Tue 13 Jan '15,13.1,13.1,13.1,13.1,−0.4 (−2.96%),300
Mon 12 Jan '15,13.5,13.6,13.5,13.5,0.0 (0.00%),587
Fri 09 Jan '15,13.5,13.7,13.3,13.5,+0.4 (+3.05%),1.75 K
Thu 08 Jan '15,13.1,13.1,13.1,13.1,+0.4 (+3.15%),380
Wed 07 Jan '15,12.7,12.7,12.7,12.7,+0.2 (+1.60%),1 K
Tue 06 Jan '15,12.5,12.5,12.5,12.5,−0.3 (−2.34%),10
Fri 02 Jan '15,12.8,12.8,12.8,12.8,+0.3 (+2.40%),2.5 K
Wed 31 Dec '14,12.5,12.5,12.5,12.5,0.0 (0.00%),4.6 K
Tue 30 Dec '14,12.5,12.9,12.5,12.5,−0.6 (−4.58%),3.13 K
Fri 26 Dec '14,13.1,13.1,12.9,13.1,+0.1 (+0.77%),2.05 K
Mon 22 Dec '14,13.0,13.0,13.0,13.0,+0.5 (+4.00%),1 K
Fri 19 Dec '14,12.5,12.5,12.5,12.5,0.0 (0.00%),1.24 K
Thu 18 Dec '14,12.5,12.5,12.5,12.5,−0.3 (−2.34%),1.1 K
Tue 16 Dec '14,12.8,12.8,12.8,12.8,+0.3 (+2.40%),500
Mon 15 Dec '14,12.5,12.5,12.5,12.5,−0.1 (−0.79%),500
Thu 11 Dec '14,12.6,12.9,12.5,12.6,−0.4 (−3.08%),9.55 K
Wed 10 Dec '14,13.0,13.0,13.0,13.0,−0.5 (−3.70%),117
Fri 05 Dec '14,13.5,13.9,12.9,13.5,0.0 (0.00%),1 K
Thu 04 Dec '14,13.5,13.6,13.0,13.5,−0.5 (−3.57%),12.3 K
Tue 02 Dec '14,14.0,14.0,12.5,14.0,+0.5 (+3.70%),105
Mon 01 Dec '14,13.5,13.5,13.5,13.5,+1.3 (+10.66%),540
Fri 28 Nov '14,12.2,12.9,12.0,12.2,−0.3 (−2.40%),1.03 K
Thu 27 Nov '14,12.5,12.7,12.4,12.5,−0.2 (−1.57%),10.04 K
Wed 26 Nov '14,12.7,12.9,12.7,12.7,−0.5 (−3.79%),512
Tue 25 Nov '14,13.2,13.4,13.2,13.2,−0.3 (−2.22%),1.3 K
Mon 24 Nov '14,13.5,13.5,13.5,13.5,0.0 (0.00%),62
Fri 21 Nov '14,13.5,14.0,13.5,13.5,−0.2 (−1.46%),20.21 K
Thu 20 Nov '14,13.7,13.9,13.7,13.7,0.0 (0.00%),2.52 K
Wed 19 Nov '14,13.7,13.9,13.7,13.7,−0.2 (−1.44%),26.47 K
Tue 18 Nov '14,13.9,14.0,13.9,13.9,+0.2 (+1.46%),850
Mon 17 Nov '14,13.7,14.0,13.7,13.7,+0.1 (+0.74%),22.44 K
Fri 14 Nov '14,13.6,14.0,13.4,13.6,−0.6 (−4.23%),42.94 K
Thu 13 Nov '14,14.2,14.3,14.1,14.2,−0.1 (−0.70%),2.93 K
Wed 12 Nov '14,14.3,14.3,14.3,14.3,+0.2 (+1.42%),2.05 K
Tue 11 Nov '14,14.1,14.5,14.1,14.1,0.0 (0.00%),312
Mon 10 Nov '14,14.1,14.5,14.0,14.1,−0.3 (−2.08%),87.54 K
Fri 07 Nov '14,14.4,14.4,14.3,14.4,+0.1 (+0.70%),900
Wed 05 Nov '14,14.3,14.3,14.3,14.3,0.0 (0.00%),10.46 K
Tue 04 Nov '14,14.3,14.7,14.1,14.3,−0.4 (−2.72%),20.2 K
Mon 03 Nov '14,14.7,14.9,14.6,14.7,−0.1 (−0.68%),8.69 K
Fri 31 Oct '14,14.8,15.0,14.7,14.8,0.0 (0.00%),40.31 K
Thu 30 Oct '14,14.8,15.1,14.6,14.8,−0.3 (−1.99%),107.9 K
Wed 29 Oct '14,15.1,15.2,15.1,15.1,0.0 (0.00%),35.89 K
Tue 28 Oct '14,15.1,15.2,15.0,15.1,0.0 (0.00%),63.95 K
Mon 27 Oct '14,15.1,15.2,15.1,15.1,+0.1 (+0.67%),1 K
Fri 24 Oct '14,15.0,15.4,15.0,15.0,0.0 (0.00%),20.41 K
Thu 23 Oct '14,15.0,15.3,14.9,15.0,+0.1 (+0.67%),19.63 K
Tue 21 Oct '14,14.9,16.0,14.6,14.9,+0.1 (+0.68%),38.68 K
Mon 20 Oct '14,14.8,15.5,14.8,14.8,−0.3 (−1.99%),36.83 K
Fri 17 Oct '14,15.1,16.0,14.1,15.1,+0.1 (+0.67%),43.73 K
Thu 16 Oct '14,15.0,15.0,15.0,15.0,−0.1 (−0.66%),200
Wed 15 Oct '14,15.1,15.4,14.7,15.1,+0.6 (+4.14%),303.8 K
Tue 14 Oct '14,14.5,14.9,13.8,14.5,+0.3 (+2.11%),5.22 K
Mon 13 Oct '14,14.2,14.7,13.7,14.2,−0.5 (−3.40%),98.06 K
Fri 10 Oct '14,14.7,15.0,14.7,14.7,0.0 (0.00%),25
Thu 09 Oct '14,14.7,15.0,14.7,14.7,−0.3 (−2.00%),400
Tue 07 Oct '14,15.0,15.1,14.6,15.0,0.0 (0.00%),118.49 K
Fri 03 Oct '14,15.0,15.2,14.9,15.0,−0.1 (−0.66%),1 K
Thu 02 Oct '14,15.1,15.2,14.5,15.1,+0.7 (+4.86%),907.69 K
Wed 01 Oct '14,14.4,14.5,13.9,14.4,+0.5 (+3.60%),22.79 K
Tue 30 Sep '14,13.9,14.3,13.9,13.9,−0.1 (−0.71%),5.69 K
Mon 29 Sep '14,14.0,14.2,14.0,14.0,−0.2 (−1.41%),28.02 K
Fri 26 Sep '14,14.2,14.4,14.2,14.2,−0.2 (−1.39%),2.5 K
Wed 24 Sep '14,14.4,14.9,14.3,14.4,−0.2 (−1.37%),13.57 K
Tue 23 Sep '14,14.6,14.7,14.5,14.6,+0.1 (+0.69%),6.21 K
Mon 22 Sep '14,14.5,14.5,14.5,14.5,−0.2 (−1.36%),3
Fri 19 Sep '14,14.7,15.0,14.7,14.7,−0.1 (−0.68%),10.96 K
Thu 18 Sep '14,14.8,15.1,14.1,14.8,+0.5 (+3.50%),398.44 K
Wed 17 Sep '14,14.3,14.4,14.0,14.3,+0.2 (+1.42%),55.74 K
Tue 16 Sep '14,14.1,14.4,13.8,14.1,+0.1 (+0.71%),270.84 K
Mon 15 Sep '14,14.0,14.3,13.9,14.0,+0.3 (+2.19%),204.03 K
Fri 12 Sep '14,13.7,14.0,13.6,13.7,0.0 (0.00%),33.08 K
Thu 11 Sep '14,13.7,13.7,13.6,13.7,0.0 (0.00%),17.25 K
Wed 10 Sep '14,13.7,13.9,13.5,13.7,+0.2 (+1.48%),15.72 K
Tue 09 Sep '14,13.5,13.9,13.5,13.5,−0.2 (−1.46%),87.93 K
Fri 05 Sep '14,13.7,13.9,13.7,13.7,0.0 (0.00%),7.54 K
Thu 04 Sep '14,13.7,13.9,13.7,13.7,−0.2 (−1.44%),2.44 K
Wed 03 Sep '14,13.9,14.0,13.7,13.9,+0.1 (+0.72%),11.3 K
Tue 02 Sep '14,13.8,14.0,13.8,13.8,−0.1 (−0.72%),13.57 K
Mon 01 Sep '14,13.9,14.3,13.9,13.9,−0.4 (−2.80%),6.12 K
Fri 29 Aug '14,14.3,14.4,13.9,14.3,+0.3 (+2.14%),40.34 K
Thu 28 Aug '14,14.0,14.1,14.0,14.0,−0.1 (−0.71%),11.25 K
Wed 27 Aug '14,14.1,14.2,13.9,14.1,−0.1 (−0.70%),39.7 K
Tue 26 Aug '14,14.2,14.5,14.0,14.2,+0.3 (+2.16%),50.69 K
Mon 25 Aug '14,13.9,14.8,13.6,13.9,−0.2 (−1.42%),123.92 K
Fri 22 Aug '14,14.1,14.3,13.9,14.1,+0.5 (+3.68%),52.81 K
Thu 21 Aug '14,13.6,13.9,13.6,13.6,+0.1 (+0.74%),17.51 K
Wed 20 Aug '14,13.5,14.0,13.5,13.5,+0.1 (+0.75%),17.06 K
Tue 19 Aug '14,13.4,14.0,13.3,13.4,−0.1 (−0.74%),15.1 K
Mon 18 Aug '14,13.5,14.0,13.5,13.5,−0.3 (−2.17%),6.91 K
Fri 15 Aug '14,13.8,14.1,13.7,13.8,−0.1 (−0.72%),352.31 K
Thu 14 Aug '14,13.9,14.6,13.7,13.9,−0.1 (−0.71%),573.94 K
Wed 13 Aug '14,14.0,14.2,13.0,14.0,+1.0 (+7.69%),224.66 K
Tue 12 Aug '14,13.0,13.1,12.5,13.0,+0.5 (+4.00%),140.91 K
Mon 11 Aug '14,12.5,12.6,12.2,12.5,+0.3 (+2.46%),29.12 K
Fri 08 Aug '14,12.2,12.2,12.1,12.2,+0.1 (+0.83%),10.7 K
Thu 07 Aug '14,12.1,12.3,11.9,12.1,−0.1 (−0.82%),6.78 K
Wed 06 Aug '14,12.2,12.5,12.2,12.2,0.0 (0.00%),5.95 K
Tue 05 Aug '14,12.2,12.2,12.0,12.2,0.0 (0.00%),26.45 K
Mon 04 Aug '14,12.2,12.2,12.2,12.2,0.0 (0.00%),2 K
Fri 01 Aug '14,12.2,12.2,12.1,12.2,−0.1 (−0.81%),1 K
Thu 31 Jul '14,12.3,12.5,12.2,12.3,−0.1 (−0.81%),12.74 K
Wed 30 Jul '14,12.4,12.5,12.4,12.4,−0.2 (−1.59%),26.77 K
Mon 28 Jul '14,12.6,12.7,12.4,12.6,0.0 (0.00%),8.88 K
Fri 25 Jul '14,12.6,12.9,12.4,12.6,−0.1 (−0.79%),5.39 K
Thu 24 Jul '14,12.7,13.0,12.4,12.7,+0.4 (+3.25%),163.23 K
Wed 23 Jul '14,12.3,12.5,12.1,12.3,+0.1 (+0.82%),47.77 K
Tue 22 Jul '14,12.2,12.5,12.1,12.2,−0.2 (−1.61%),14.21 K
Mon 21 Jul '14,12.4,12.4,12.0,12.4,+0.4 (+3.33%),16.53 K
Fri 18 Jul '14,12.0,12.0,11.5,12.0,+0.2 (+1.69%),16.04 K
Thu 17 Jul '14,11.8,12.0,11.8,11.8,0.0 (0.00%),109
Wed 16 Jul '14,11.8,12.7,11.8,11.8,−0.2 (−1.67%),55.44 K
Tue 15 Jul '14,12.0,12.2,12.0,12.0,0.0 (0.00%),8.9 K
Mon 14 Jul '14,12.0,12.1,12.0,12.0,−0.2 (−1.64%),3.29 K
Fri 11 Jul '14,12.2,12.9,12.2,12.2,−0.3 (−2.40%),2.7 K
Thu 10 Jul '14,12.5,12.9,12.2,12.5,+0.2 (+1.63%),48.55 K
Wed 09 Jul '14,12.3,12.4,12.0,12.3,+0.3 (+2.50%),1.55 K
Tue 08 Jul '14,12.0,12.0,12.0,12.0,−0.1 (−0.83%),3.29 K
Mon 07 Jul '14,12.1,12.1,12.1,12.1,+0.1 (+0.83%),100
Fri 04 Jul '14,12.0,12.4,12.0,12.0,−0.1 (−0.83%),550
Thu 03 Jul '14,12.1,12.7,12.0,12.1,−0.2 (−1.63%),47.73 K
Wed 02 Jul '14,12.3,12.4,11.4,12.3,+0.8 (+6.96%),41.99 K
Tue 01 Jul '14,11.5,11.7,11.5,11.5,0.0 (0.00%),4.87 K
Mon 30 Jun '14,11.5,11.8,11.4,11.5,−0.3 (−2.54%),23
Fri 27 Jun '14,11.8,11.8,11.6,11.8,+0.2 (+1.72%),19.02 K
Thu 26 Jun '14,11.6,11.6,11.1,11.6,+0.3 (+2.65%),11.5 K
Wed 25 Jun '14,11.3,11.6,11.0,11.3,+0.5 (+4.63%),724.05 K
Tue 24 Jun '14,10.8,10.8,10.8,10.8,−0.1 (−0.92%),2 K
Mon 23 Jun '14,10.9,11.0,10.8,10.9,−0.1 (−0.91%),36.4 K
Fri 20 Jun '14,11.0,11.0,11.0,11.0,0.0 (0.00%),10.37 K
Thu 19 Jun '14,11.0,11.9,10.9,11.0,−0.8 (−6.78%),45.73 K
Wed 18 Jun '14,11.8,11.8,11.8,11.8,−0.1 (−0.84%),1
Mon 16 Jun '14,11.9,11.9,11.8,11.9,+0.1 (+0.85%),3.98 K
Fri 13 Jun '14,11.8,11.8,11.3,11.8,+0.5 (+4.42%),5.26 K
Wed 11 Jun '14,11.3,11.4,11.3,11.3,−0.1 (−0.88%),1.24 K
Mon 09 Jun '14,11.4,11.4,11.4,11.4,+0.4 (+3.64%),1.5 K
Fri 06 Jun '14,11.0,11.5,11.0,11.0,0.0 (0.00%),610
Thu 05 Jun '14,11.0,11.0,10.7,11.0,−0.1 (−0.90%),1.45 K
Tue 03 Jun '14,11.1,11.5,11.0,11.1,+0.1 (+0.91%),3.82 K
Mon 02 Jun '14,11.0,11.0,11.0,11.0,0.0 (0.00%),5.8 K
Fri 30 May '14,11.0,11.3,11.0,11.0,−0.3 (−2.65%),5.2 K
Thu 29 May '14,11.3,11.6,11.0,11.3,−0.2 (−1.74%),555
Wed 28 May '14,11.5,11.5,11.2,11.5,+0.3 (+2.68%),10 K
Tue 27 May '14,11.2,11.2,11.2,11.2,0.0 (0.00%),1.15 K
Mon 26 May '14,11.2,11.2,11.0,11.2,+0.2 (+1.82%),12.45 K
Fri 23 May '14,11.0,11.0,11.0,11.0,+0.5 (+4.76%),1 K
Thu 22 May '14,10.5,10.5,10.5,10.5,−0.4 (−3.67%),600
Wed 21 May '14,10.9,11.1,10.6,10.9,0.0 (0.00%),7.53 K
Mon 19 May '14,10.9,10.9,10.9,10.9,−0.1 (−0.91%),300
Fri 16 May '14,11.0,11.0,11.0,11.0,0.0 (0.00%),8.81 K
Tue 13 May '14,11.0,11.0,11.0,11.0,0.0 (0.00%),4.49 K
Mon 12 May '14,11.0,11.1,10.9,11.0,0.0 (0.00%),12.79 K
Thu 08 May '14,11.0,11.1,10.6,11.0,+0.2 (+1.85%),2.42 K
Wed 07 May '14,10.8,11.1,10.7,10.8,−0.3 (−2.70%),11.93 K
Mon 05 May '14,11.1,11.3,11.1,11.1,0.0 (0.00%),2.1 K
Fri 02 May '14,11.1,11.8,10.6,11.1,+0.5 (+4.72%),12.73 K
Wed 30 Apr '14,10.6,12.3,10.4,10.6,+0.3 (+2.91%),46.26 K
Tue 29 Apr '14,10.3,10.3,10.1,10.3,+0.1 (+0.98%),2.44 K
Mon 28 Apr '14,10.2,10.3,10.1,10.2,−0.2 (−1.92%),1.16 K
Fri 25 Apr '14,10.4,10.4,10.1,10.4,+0.3 (+2.97%),550
Thu 24 Apr '14,10.1,10.4,10.1,10.1,−0.1 (−0.98%),7.78 K
Wed 23 Apr '14,10.2,10.2,10.2,10.2,−0.1 (−0.97%),1
Tue 22 Apr '14,10.3,10.4,10.3,10.3,−0.3 (−2.83%),2.32 K
Mon 21 Apr '14,10.6,10.7,10.5,10.6,0.0 (0.00%),2.35 K
Thu 17 Apr '14,10.6,10.7,10.5,10.6,+0.6 (+6.00%),3.05 K
Wed 16 Apr '14,10.0,10.0,10.0,10.0,−0.5 (−4.76%),200
Fri 11 Apr '14,10.5,10.5,10.4,10.5,+0.4 (+3.96%),698
Thu 10 Apr '14,10.1,10.1,10.1,10.1,−0.1 (−0.98%),3.5 K
Wed 09 Apr '14,10.2,10.3,10.0,10.2,+0.1 (+0.99%),2.6 K
Mon 07 Apr '14,10.1,10.1,10.1,10.1,−0.2 (−1.94%),2.8 K
Fri 04 Apr '14,10.3,10.4,10.0,10.3,+0.2 (+1.98%),1.35 K
Thu 03 Apr '14,10.1,10.1,10.1,10.1,+0.1 (+1.00%),300
Wed 02 Apr '14,10.0,10.1,10.0,10.0,−0.3 (−2.91%),1 K
Tue 01 Apr '14,10.3,10.3,10.3,10.3,+0.3 (+3.00%),2.41 K
Mon 31 Mar '14,10.0,10.1,10.0,10.0,−0.2 (−1.96%),7.89 K
Fri 28 Mar '14,10.2,10.6,10.2,10.2,+0.1 (+0.99%),1.25 K
Thu 27 Mar '14,10.1,10.5,10.1,10.1,0.0 (0.00%),3.6 K
Wed 26 Mar '14,10.1,10.1,10.1,10.1,0.0 (0.00%),972
Tue 25 Mar '14,10.1,10.1,10.0,10.1,+0.2 (+2.02%),2.05 K
Mon 24 Mar '14,9.9,9.9,9.9,9.9,−0.1 (−1.00%),1.1 K
Fri 21 Mar '14,10.0,10.3,9.9,10.0,−0.3 (−2.91%),1 K
Thu 20 Mar '14,10.3,10.4,10.3,10.3,+0.3 (+3.00%),8
Wed 19 Mar '14,10.0,10.4,10.0,10.0,−0.4 (−3.85%),5.2 K
Tue 18 Mar '14,10.4,10.4,10.1,10.4,−0.1 (−0.95%),5.4 K
Mon 17 Mar '14,10.5,10.5,10.3,10.5,0.0 (0.00%),5.05 K
Fri 14 Mar '14,10.5,10.5,10.0,10.5,0.0 (0.00%),17.8 K
Thu 13 Mar '14,10.5,11.9,10.5,10.5,+0.5 (+5.00%),2.66 K
Wed 12 Mar '14,10.0,10.0,10.0,10.0,0.0 (0.00%),100
Tue 11 Mar '14,10.0,10.0,10.0,10.0,−0.1 (−0.99%),1.87 K
Mon 10 Mar '14,10.1,10.1,10.1,10.1,−0.2 (−1.94%),100
Fri 07 Mar '14,10.3,10.4,10.3,10.3,−0.2 (−1.90%),1.2 K
Thu 06 Mar '14,10.5,10.5,10.3,10.5,−0.1 (−0.94%),200
Wed 05 Mar '14,10.6,10.6,10.6,10.6,0.0 (0.00%),200
Tue 04 Mar '14,10.6,10.6,10.6,10.6,+0.3 (+2.91%),10
Mon 03 Mar '14,10.3,10.6,10.3,10.3,−0.3 (−2.83%),2.3 K
Fri 28 Feb '14,10.6,10.8,10.0,10.6,+0.4 (+3.92%),7.35 K
Wed 26 Feb '14,10.2,10.5,9.8,10.2,+0.5 (+5.15%),1.34 K
Tue 25 Feb '14,9.7,9.9,9.6,9.7,+0.1 (+1.04%),3.59 K
Mon 24 Feb '14,9.6,9.6,9.6,9.6,0.0 (0.00%),100
Fri 21 Feb '14,9.6,9.8,9.6,9.6,0.0 (0.00%),9.16 K
Thu 20 Feb '14,9.6,10.0,9.6,9.6,0.0 (0.00%),8.5 K
Wed 19 Feb '14,9.6,9.6,9.6,9.6,−0.4 (−4.00%),927
Tue 18 Feb '14,10.0,10.0,10.0,10.0,−0.1 (−0.99%),110
Mon 17 Feb '14,10.1,10.4,10.0,10.1,−0.4 (−3.81%),19.2 K
Thu 13 Feb '14,10.5,10.8,10.2,10.5,−0.1 (−0.94%),1.31 K
Wed 12 Feb '14,10.6,10.8,10.5,10.6,+0.1 (+0.95%),14.2 K
Tue 11 Feb '14,10.5,11.0,10.5,10.5,0.0 (0.00%),2.79 K
Mon 10 Feb '14,10.5,10.9,10.5,10.5,−0.5 (−4.55%),15.44 K
Fri 07 Feb '14,11.0,11.5,11.0,11.0,−0.6 (−5.17%),11.22 K
Thu 06 Feb '14,11.6,11.6,11.6,11.6,0.0 (0.00%),3.63 K
Wed 05 Feb '14,11.6,11.8,11.6,11.6,−0.4 (−3.33%),10.95 K
Fri 31 Jan '14,12.0,12.0,12.0,12.0,+0.4 (+3.45%),300
Wed 29 Jan '14,11.6,12.0,11.6,11.6,−0.1 (−0.85%),2.41 K
Tue 28 Jan '14,11.7,12.2,11.7,11.7,−0.3 (−2.50%),830
Mon 27 Jan '14,12.0,12.2,12.0,12.0,+0.4 (+3.45%),103
Fri 24 Jan '14,11.6,12.1,11.5,11.6,−0.4 (−3.33%),11.81 K
Thu 23 Jan '14,12.0,12.3,11.9,12.0,0.0 (0.00%),374
Wed 22 Jan '14,12.0,12.0,11.9,12.0,+0.1 (+0.84%),5
Tue 21 Jan '14,11.9,12.3,11.9,11.9,0.0 (0.00%),402
Mon 20 Jan '14,11.9,12.4,11.9,11.9,0.0 (0.00%),1 K
Fri 17 Jan '14,11.9,12.4,11.9,11.9,−0.1 (−0.83%),5.65 K
Thu 16 Jan '14,12.0,12.5,12.0,12.0,0.0 (0.00%),3.08 K
Mon 13 Jan '14,12.0,12.5,11.9,12.0,0.0 (0.00%),5.48 K
Fri 10 Jan '14,12.0,12.5,11.9,12.0,0.0 (0.00%),6.15 K
Thu 09 Jan '14,12.0,12.4,12.0,12.0,−0.3 (−2.44%),6 K
Wed 08 Jan '14,12.3,13.9,11.8,12.3,+0.2 (+1.65%),283.8 K
Tue 07 Jan '14,12.1,12.1,11.0,12.1,−0.3 (−2.42%),812
Mon 06 Jan '14,12.4,12.9,11.1,12.4,+1.4 (+12.73%),193.08 K
Fri 03 Jan '14,11.0,11.1,10.7,11.0,+0.3 (+2.80%),16.76 K
Thu 02 Jan '14,10.7,10.9,10.5,10.7,+0.2 (+1.90%),3.57 K
Tue 31 Dec '13,10.5,10.7,10.5,10.5,−0.2 (−1.87%),1.98 K
Mon 30 Dec '13,10.7,10.7,10.5,10.7,+0.2 (+1.90%),1.9 K
Fri 27 Dec '13,10.5,10.5,10.1,10.5,+0.2 (+1.94%),3.41 K
Thu 26 Dec '13,10.3,10.3,10.1,10.3,+0.2 (+1.98%),1.6 K
Tue 24 Dec '13,10.1,10.1,10.1,10.1,0.0 (0.00%),5.3 K
Fri 20 Dec '13,10.1,10.1,10.1,10.1,+0.1 (+1.00%),1.41 K
Thu 19 Dec '13,10.0,10.3,10.0,10.0,+0.2 (+2.04%),18.35 K
Wed 18 Dec '13,9.8,9.8,9.8,9.8,0.0 (0.00%),16.7 K
Tue 17 Dec '13,9.8,9.8,9.8,9.8,−0.2 (−2.00%),1.3 K
Fri 13 Dec '13,10.0,10.0,10.0,10.0,−0.2 (−1.96%),16
Thu 12 Dec '13,10.2,10.2,9.4,10.2,+0.6 (+6.25%),6 K
Wed 11 Dec '13,9.6,9.6,9.6,9.6,+0.1 (+1.05%),1.7 K
Tue 10 Dec '13,9.5,9.5,9.5,9.5,0.0 (0.00%),2.91 K
Mon 09 Dec '13,9.5,9.5,9.5,9.5,0.0 (0.00%),1
Fri 06 Dec '13,9.5,9.7,9.5,9.5,−0.1 (−1.04%),4.79 K
Thu 05 Dec '13,9.6,9.7,9.6,9.6,−0.1 (−1.03%),11.2 K
Wed 04 Dec '13,9.7,9.7,9.7,9.7,−0.1 (−1.02%),500
Tue 03 Dec '13,9.8,10.0,9.4,9.8,−0.2 (−2.00%),6.93 K
Mon 02 Dec '13,10.0,10.1,10.0,10.0,−0.1 (−0.99%),1.65 K
Fri 29 Nov '13,10.1,10.3,10.0,10.1,−0.1 (−0.98%),8.1 K
Thu 28 Nov '13,10.2,10.2,10.2,10.2,0.0 (0.00%),100
Wed 27 Nov '13,10.2,10.3,10.0,10.2,+0.2 (+2.00%),2.4 K
Tue 26 Nov '13,10.0,10.0,10.0,10.0,−0.1 (−0.99%),1
Mon 25 Nov '13,10.1,10.2,10.0,10.1,−0.1 (−0.98%),8.4 K
Fri 22 Nov '13,10.2,10.2,10.2,10.2,−0.3 (−2.86%),1.5 K
Thu 21 Nov '13,10.5,10.5,10.5,10.5,+0.3 (+2.94%),100
Wed 20 Nov '13,10.2,10.2,10.2,10.2,0.0 (0.00%),1.1 K
Mon 18 Nov '13,10.2,10.8,10.2,10.2,−0.1 (−0.97%),3.1 K
Fri 15 Nov '13,10.3,11.2,10.1,10.3,−1.5 (−12.71%),91.01 K
Tue 12 Nov '13,11.8,12.7,11.8,11.8,−0.2 (−1.67%),1.31 K
Mon 11 Nov '13,12.0,12.6,12.0,12.0,−0.7 (−5.51%),300
Fri 08 Nov '13,12.7,12.7,12.7,12.7,−0.1 (−0.78%),100
Thu 07 Nov '13,12.8,12.8,12.8,12.8,0.0 (0.00%),5.16 K
Tue 05 Nov '13,12.8,12.8,12.8,12.8,+1.2 (+10.34%),200
Mon 04 Nov '13,11.6,13.0,11.0,11.6,−0.6 (−4.92%),926
Fri 01 Nov '13,12.2,12.2,12.1,12.2,−0.1 (−0.81%),1 K
Thu 31 Oct '13,12.3,12.3,12.2,12.3,0.0 (0.00%),6.49 K
Wed 30 Oct '13,12.3,12.8,12.3,12.3,−0.3 (−2.38%),225
Mon 28 Oct '13,12.6,12.7,12.4,12.6,−0.8 (−5.97%),3 K
Fri 25 Oct '13,13.4,13.4,12.7,13.4,+0.2 (+1.52%),225
Thu 24 Oct '13,13.2,13.4,13.0,13.2,−0.4 (−2.94%),1.8 K
Tue 22 Oct '13,13.6,13.6,13.5,13.6,+0.9 (+7.09%),1.3 K
Mon 21 Oct '13,12.7,13.4,12.7,12.7,−0.9 (−6.62%),400
Thu 17 Oct '13,13.6,13.9,13.4,13.6,+0.3 (+2.26%),61.49 K
Tue 15 Oct '13,13.3,13.3,13.3,13.3,0.0 (0.00%),22.3 K
Mon 14 Oct '13,13.3,13.5,12.6,13.3,+0.3 (+2.31%),2.96 K
Fri 11 Oct '13,13.0,13.3,12.2,13.0,+0.5 (+4.00%),40.31 K
Thu 10 Oct '13,12.5,12.9,12.0,12.5,+0.8 (+6.84%),31.85 K
Wed 09 Oct '13,11.7,12.4,11.0,11.7,0.0 (0.00%),8.31 K
Tue 08 Oct '13,11.7,11.7,11.0,11.7,+0.5 (+4.46%),2.6 K
Mon 07 Oct '13,11.2,11.5,11.2,11.2,+0.2 (+1.82%),5.63 K
Fri 04 Oct '13,11.0,11.1,10.7,11.0,+0.3 (+2.80%),5.86 K
Thu 03 Oct '13,10.7,10.7,10.7,10.7,−0.1 (−0.93%),5
Tue 01 Oct '13,10.8,11.0,10.1,10.8,−0.1 (−0.92%),13.3 K
Mon 30 Sep '13,10.9,10.9,10.9,10.9,−0.1 (−0.91%),10
Fri 27 Sep '13,11.0,11.0,10.6,11.0,+0.6 (+5.77%),8.73 K
Thu 26 Sep '13,10.4,10.6,9.7,10.4,−0.2 (−1.89%),35.65 K
Wed 25 Sep '13,10.6,10.9,10.6,10.6,−0.2 (−1.85%),5.97 K
Tue 24 Sep '13,10.8,10.8,10.7,10.8,+0.1 (+0.93%),501
Mon 23 Sep '13,10.7,11.0,10.7,10.7,−0.5 (−4.46%),2.2 K
Fri 20 Sep '13,11.2,11.5,11.2,11.2,0.0 (0.00%),4.78 K
Wed 18 Sep '13,11.2,11.2,11.2,11.2,+0.6 (+5.66%),100
Mon 16 Sep '13,10.6,10.8,10.6,10.6,+0.1 (+0.95%),100
Fri 13 Sep '13,10.5,11.5,10.2,10.5,+0.3 (+2.94%),8.15 K
Thu 12 Sep '13,10.2,10.6,10.2,10.2,−0.8 (−7.27%),3.22 K
Wed 11 Sep '13,11.0,11.1,10.9,11.0,0.0 (0.00%),1.3 K
Tue 10 Sep '13,11.0,11.0,11.0,11.0,+1.2 (+12.24%),108
Mon 09 Sep '13,9.8,9.8,9.8,9.8,−0.2 (−2.00%),790
Fri 06 Sep '13,10.0,11.0,9.7,10.0,0.0 (0.00%),10.6 K
Thu 05 Sep '13,10.0,10.0,9.7,10.0,0.0 (0.00%),1.01 K
Wed 04 Sep '13,10.0,10.9,9.9,10.0,−0.8 (−7.41%),595
Tue 03 Sep '13,10.8,11.0,10.1,10.8,−0.1 (−0.92%),1.72 K
Mon 02 Sep '13,10.9,11.3,10.9,10.9,−0.4 (−3.54%),2.74 K
Fri 30 Aug '13,11.3,11.3,11.3,11.3,0.0 (0.00%),200
Thu 29 Aug '13,11.3,11.3,11.3,11.3,0.0 (0.00%),100
Wed 28 Aug '13,11.3,11.3,11.1,11.3,0.0 (0.00%),5.7 K
Tue 27 Aug '13,11.3,11.3,11.1,11.3,0.0 (0.00%),10.63 K
Fri 23 Aug '13,11.3,11.4,11.3,11.3,−0.2 (−1.74%),2.2 K
Thu 22 Aug '13,11.5,11.6,11.3,11.5,−0.2 (−1.71%),6.77 K
Wed 21 Aug '13,11.7,11.7,11.7,11.7,+0.2 (+1.74%),100
Mon 19 Aug '13,11.5,11.5,11.5,11.5,−0.2 (−1.71%),5.19 K
Fri 16 Aug '13,11.7,12.6,11.5,11.7,+0.1 (+0.86%),1.72 K
Thu 15 Aug '13,11.6,12.2,11.5,11.6,−0.8 (−6.45%),16.7 K
Tue 13 Aug '13,12.4,12.4,12.4,12.4,+0.1 (+0.81%),110
Mon 12 Aug '13,12.3,12.7,12.3,12.3,−0.1 (−0.81%),9 K
Thu 08 Aug '13,12.4,12.7,12.3,12.4,−0.1 (−0.80%),21.73 K
Wed 07 Aug '13,12.5,12.5,12.3,12.5,+0.2 (+1.63%),78.7 K
Tue 06 Aug '13,12.3,12.4,12.3,12.3,−0.7 (−5.38%),7.9 K
Mon 05 Aug '13,13.0,13.0,12.3,13.0,+0.5 (+4.00%),7.5 K
Fri 02 Aug '13,12.5,12.5,12.5,12.5,−0.5 (−3.85%),685
Thu 01 Aug '13,13.0,13.0,12.3,13.0,+0.5 (+4.00%),2.74 K
Wed 31 Jul '13,12.5,13.0,12.5,12.5,0.0 (0.00%),1.23 K
Tue 30 Jul '13,12.5,13.6,12.5,12.5,0.0 (0.00%),2.6 K
Mon 29 Jul '13,12.5,12.5,12.5,12.5,−0.2 (−1.57%),3 K
Fri 26 Jul '13,12.7,12.9,12.4,12.7,+0.2 (+1.60%),511
Thu 25 Jul '13,12.5,12.5,12.5,12.5,0.0 (0.00%),5.1 K
Wed 24 Jul '13,12.5,12.5,12.5,12.5,−0.2 (−1.57%),400
Tue 23 Jul '13,12.7,12.7,12.5,12.7,−0.2 (−1.55%),1.28 K
Fri 19 Jul '13,12.9,13.2,12.9,12.9,−0.3 (−2.27%),4.6 K
Thu 18 Jul '13,13.2,13.2,12.5,13.2,0.0 (0.00%),700
Wed 17 Jul '13,13.2,13.3,12.2,13.2,−0.1 (−0.75%),51.51 K
Tue 16 Jul '13,13.3,13.6,12.6,13.3,+0.8 (+6.40%),35.18 K
Mon 15 Jul '13,12.5,12.7,12.5,12.5,−0.1 (−0.79%),9.48 K
Fri 12 Jul '13,12.6,12.6,12.6,12.6,−0.1 (−0.79%),17.3 K
Thu 11 Jul '13,12.7,12.7,12.7,12.7,+0.1 (+0.79%),2.18 K
Wed 10 Jul '13,12.6,12.7,12.6,12.6,+0.1 (+0.80%),1.2 K
Tue 09 Jul '13,12.5,12.5,12.5,12.5,−0.1 (−0.79%),22
Mon 08 Jul '13,12.6,12.7,12.5,12.6,−0.1 (−0.79%),23.67 K
Fri 05 Jul '13,12.7,12.8,12.6,12.7,−0.5 (−3.79%),3.1 K
Thu 04 Jul '13,13.2,13.2,13.2,13.2,+0.2 (+1.54%),200
Wed 03 Jul '13,13.0,13.6,13.0,13.0,−0.4 (−2.99%),24.62 K
Tue 02 Jul '13,13.4,13.6,13.2,13.4,0.0 (0.00%),154.08 K
Mon 01 Jul '13,13.4,13.9,13.4,13.4,−0.1 (−0.74%),12.73 K
Fri 28 Jun '13,13.5,13.5,13.5,13.5,−0.2 (−1.46%),100
Thu 27 Jun '13,13.7,13.8,13.5,13.7,+0.1 (+0.74%),3.92 K
Wed 26 Jun '13,13.6,13.6,13.4,13.6,−0.2 (−1.45%),4.5 K
Tue 25 Jun '13,13.8,13.8,13.6,13.8,+0.1 (+0.73%),12.6 K
Mon 24 Jun '13,13.7,14.0,13.7,13.7,−0.1 (−0.72%),30.35 K
Fri 21 Jun '13,13.8,14.0,13.8,13.8,−0.2 (−1.43%),223
Thu 20 Jun '13,14.0,14.2,13.8,14.0,+0.1 (+0.72%),2.37 K
Wed 19 Jun '13,13.9,14.0,13.9,13.9,0.0 (0.00%),210
Tue 18 Jun '13,13.9,14.0,13.8,13.9,0.0 (0.00%),121.97 K
Mon 17 Jun '13,13.9,14.4,13.9,13.9,−0.2 (−1.42%),252
Fri 14 Jun '13,14.1,14.3,14.1,14.1,−0.4 (−2.76%),7.37 K
Thu 13 Jun '13,14.5,14.6,14.5,14.5,+0.4 (+2.84%),350
Wed 12 Jun '13,14.1,14.5,13.8,14.1,+0.3 (+2.17%),13.13 K
Tue 11 Jun '13,13.8,14.9,13.5,13.8,−0.1 (−0.72%),32.04 K
Mon 10 Jun '13,13.9,14.9,13.8,13.9,−0.1 (−0.71%),83.25 K
Fri 07 Jun '13,14.0,14.4,14.0,14.0,−0.3 (−2.10%),65.22 K
Thu 06 Jun '13,14.3,15.2,14.1,14.3,−0.4 (−2.72%),98.39 K
Wed 05 Jun '13,14.7,15.2,14.7,14.7,−0.6 (−3.92%),15.15 K
Tue 04 Jun '13,15.3,15.7,14.8,15.3,−0.4 (−2.55%),19.97 K
Mon 03 Jun '13,15.7,16.2,13.5,15.7,+2.5 (+18.94%),429.58 K
Fri 31 May '13,13.2,13.2,13.2,13.2,+0.1 (+0.76%),400
Thu 30 May '13,13.1,13.7,13.1,13.1,0.0 (0.00%),5.6 K
Wed 29 May '13,13.1,13.5,12.9,13.1,−0.6 (−4.38%),11.8 K
Tue 28 May '13,13.7,13.7,12.8,13.7,+0.7 (+5.38%),80.04 K
Mon 27 May '13,13.0,13.0,13.0,13.0,0.0 (0.00%),100
Wed 22 May '13,13.0,13.0,13.0,13.0,0.0 (0.00%),4 K
Tue 21 May '13,13.0,13.1,13.0,13.0,0.0 (0.00%),1.9 K
Mon 20 May '13,13.0,13.5,12.9,13.0,−0.5 (−3.70%),18.81 K
Fri 17 May '13,13.5,13.6,13.2,13.5,+0.5 (+3.85%),5.54 K
Thu 16 May '13,13.0,13.2,12.9,13.0,−0.2 (−1.52%),1.78 K
Wed 15 May '13,13.2,13.2,13.2,13.2,+0.2 (+1.54%),50
Tue 14 May '13,13.0,13.1,13.0,13.0,−0.2 (−1.52%),2.1 K
Mon 13 May '13,13.2,13.3,13.2,13.2,−0.1 (−0.75%),11.1 K
Fri 10 May '13,13.3,13.7,13.3,13.3,−0.2 (−1.48%),35.84 K
Thu 09 May '13,13.5,13.6,12.7,13.5,+0.2 (+1.50%),28.1 K
Wed 08 May '13,13.3,13.3,12.5,13.3,+0.5 (+3.91%),27.63 K
Tue 07 May '13,12.8,13.0,12.8,12.8,−0.1 (−0.78%),6.04 K
Mon 06 May '13,12.9,13.4,12.7,12.9,+0.1 (+0.78%),6.4 K
Fri 03 May '13,12.8,13.5,12.8,12.8,0.0 (0.00%),20.89 K
Thu 02 May '13,12.8,13.0,12.8,12.8,−0.2 (−1.54%),60.4 K
Tue 30 Apr '13,13.0,13.0,13.0,13.0,+0.2 (+1.56%),1 K
Mon 29 Apr '13,12.8,13.1,12.8,12.8,−0.3 (−2.29%),48.38 K
Fri 26 Apr '13,13.1,13.2,12.8,13.1,0.0 (0.00%),73.78 K
Wed 24 Apr '13,13.1,13.1,13.1,13.1,0.0 (0.00%),600
Tue 23 Apr '13,13.1,13.1,13.0,13.1,+0.1 (+0.77%),1.53 K
Mon 22 Apr '13,13.0,13.1,12.8,13.0,+0.2 (+1.56%),10.46 K
Fri 19 Apr '13,12.8,12.8,12.6,12.8,−0.2 (−1.54%),3.7 K
Thu 18 Apr '13,13.0,13.3,13.0,13.0,+0.2 (+1.56%),5.14 K
Wed 17 Apr '13,12.8,13.1,12.8,12.8,−0.2 (−1.54%),3.26 K
Thu 11 Apr '13,13.0,13.0,13.0,13.0,0.0 (0.00%),1.82 K
Wed 10 Apr '13,13.0,13.0,13.0,13.0,0.0 (0.00%),1
Tue 09 Apr '13,13.0,13.4,12.4,13.0,+0.3 (+2.36%),10.85 K
Mon 08 Apr '13,12.7,12.8,12.5,12.7,+0.2 (+1.60%),3.7 K
Fri 05 Apr '13,12.5,12.6,12.4,12.5,+0.1 (+0.81%),16.89 K
Thu 04 Apr '13,12.4,12.5,12.3,12.4,0.0 (0.00%),5.23 K
Wed 03 Apr '13,12.4,12.4,12.3,12.4,+0.1 (+0.81%),1.16 K
Tue 02 Apr '13,12.3,12.3,12.3,12.3,−0.2 (−1.60%),2
Mon 01 Apr '13,12.5,12.7,12.5,12.5,+0.4 (+3.31%),602
Thu 28 Mar '13,12.1,12.9,12.1,12.1,0.0 (0.00%),15.03 K
Wed 27 Mar '13,12.1,12.1,12.0,12.1,+0.1 (+0.83%),2.3 K
Mon 25 Mar '13,12.0,12.7,11.9,12.0,−0.3 (−2.44%),7
Fri 22 Mar '13,12.3,12.4,12.0,12.3,+0.3 (+2.50%),1.94 K
Thu 21 Mar '13,12.0,12.4,12.0,12.0,−0.1 (−0.83%),21.8 K
Wed 20 Mar '13,12.1,12.1,12.1,12.1,−0.1 (−0.82%),771
Tue 19 Mar '13,12.2,12.3,12.1,12.2,−0.1 (−0.81%),500
Mon 18 Mar '13,12.3,12.4,12.2,12.3,−0.1 (−0.81%),24.75 K
Fri 15 Mar '13,12.4,12.4,12.4,12.4,−0.4 (−3.13%),1.9 K
Thu 14 Mar '13,12.8,12.8,12.4,12.8,0.0 (0.00%),1.7 K
Wed 13 Mar '13,12.8,12.8,12.4,12.8,+0.3 (+2.40%),902
Tue 12 Mar '13,12.5,12.5,12.5,12.5,−0.3 (−2.34%),74
Mon 11 Mar '13,12.8,12.8,12.8,12.8,−0.1 (−0.78%),10.84 K
Fri 08 Mar '13,12.9,13.0,12.7,12.9,−0.1 (−0.77%),5.92 K
Thu 07 Mar '13,13.0,13.1,12.7,13.0,+0.3 (+2.36%),6.73 K
Wed 06 Mar '13,12.7,13.0,12.5,12.7,+0.3 (+2.42%),50.68 K
Tue 05 Mar '13,12.4,12.5,12.4,12.4,+0.2 (+1.64%),500
Mon 04 Mar '13,12.2,13.0,12.1,12.2,−0.8 (−6.15%),3 K
Fri 01 Mar '13,13.0,13.4,12.5,13.0,+0.8 (+6.56%),46.7 K
Thu 28 Feb '13,12.2,12.3,12.2,12.2,−0.4 (−3.17%),308
Wed 27 Feb '13,12.6,12.6,12.6,12.6,0.0 (0.00%),105
Tue 26 Feb '13,12.6,13.0,12.2,12.6,−0.3 (−2.33%),8.8 K
Fri 22 Feb '13,12.9,12.9,12.9,12.9,+0.4 (+3.20%),300
Thu 21 Feb '13,12.5,12.5,12.5,12.5,−0.1 (−0.79%),2 K
Wed 20 Feb '13,12.6,13.3,12.5,12.6,−0.6 (−4.55%),4.5 K
Tue 19 Feb '13,13.2,13.2,12.8,13.2,+0.2 (+1.54%),550
Mon 18 Feb '13,13.0,13.4,12.9,13.0,−0.1 (−0.76%),21.38 K
Fri 15 Feb '13,13.1,13.7,13.1,13.1,−0.2 (−1.50%),89.21 K
Thu 14 Feb '13,13.3,13.5,13.1,13.3,0.0 (0.00%),23.61 K
Wed 13 Feb '13,13.3,13.8,13.2,13.3,−0.4 (−2.92%),51.2 K
Tue 12 Feb '13,13.7,13.9,13.2,13.7,+0.2 (+1.48%),23.95 K
Mon 11 Feb '13,13.5,14.0,13.4,13.5,+0.5 (+3.85%),108.2 K
Fri 08 Feb '13,13.0,13.4,13.0,13.0,0.0 (0.00%),3.67 K
Thu 07 Feb '13,13.0,13.0,13.0,13.0,+0.6 (+4.84%),458
Wed 06 Feb '13,12.4,12.5,12.4,12.4,−0.1 (−0.80%),2.94 K
Tue 05 Feb '13,12.5,13.0,12.5,12.5,−0.3 (−2.34%),10.8 K
Fri 01 Feb '13,12.8,13.2,12.8,12.8,0.0 (0.00%),305
Thu 31 Jan '13,12.8,13.0,12.7,12.8,+0.3 (+2.40%),1.43 K
Wed 30 Jan '13,12.5,13.0,12.5,12.5,−0.1 (−0.79%),4.5 K
Tue 29 Jan '13,12.6,12.7,12.5,12.6,+0.1 (+0.80%),2.5 K
Mon 28 Jan '13,12.5,12.6,12.5,12.5,−0.2 (−1.57%),5 K
Tue 22 Jan '13,12.7,12.9,12.6,12.7,−0.1 (−0.78%),6.31 K
Mon 21 Jan '13,12.8,13.0,12.6,12.8,−0.1 (−0.78%),3.5 K
Fri 18 Jan '13,12.9,13.5,12.9,12.9,−0.6 (−4.44%),29.93 K
Thu 17 Jan '13,13.5,13.5,13.4,13.5,+0.4 (+3.05%),16.61 K
Wed 16 Jan '13,13.1,13.3,12.9,13.1,+0.1 (+0.77%),2.51 K
Tue 15 Jan '13,13.0,13.0,13.0,13.0,0.0 (0.00%),8.02 K
Fri 11 Jan '13,13.0,13.3,12.9,13.0,−0.2 (−1.52%),5.85 K
Thu 10 Jan '13,13.2,13.2,13.1,13.2,+0.3 (+2.33%),2.2 K
Wed 09 Jan '13,12.9,13.0,12.5,12.9,−0.1 (−0.77%),311
Tue 08 Jan '13,13.0,13.0,12.6,13.0,+0.4 (+3.17%),11.99 K
Mon 07 Jan '13,12.6,12.8,12.5,12.6,−0.4 (−3.08%),3.95 K
Fri 04 Jan '13,13.0,13.0,13.0,13.0,0.0 (0.00%),2.05 K
Thu 03 Jan '13,13.0,13.2,13.0,13.0,−0.2 (−1.52%),10.68 K
Wed 02 Jan '13,13.2,13.2,12.7,13.2,+0.5 (+3.94%),12.79 K
Mon 31 Dec '12,12.7,12.9,12.5,12.7,+0.3 (+2.42%),11.23 K
Fri 28 Dec '12,12.4,12.6,11.9,12.4,+0.2 (+1.64%),19.37 K
Wed 26 Dec '12,12.2,12.2,12.2,12.2,+0.2 (+1.67%),1
Mon 24 Dec '12,12.0,12.4,12.0,12.0,−0.1 (−0.83%),1.3 K
Fri 21 Dec '12,12.1,12.4,12.0,12.1,+0.1 (+0.83%),2.35 K
Thu 20 Dec '12,12.0,12.3,12.0,12.0,+0.3 (+2.56%),24 K
Wed 19 Dec '12,11.7,11.8,11.7,11.7,+0.1 (+0.86%),100
Tue 18 Dec '12,11.6,12.2,11.6,11.6,−0.5 (−4.13%),9.2 K
Mon 17 Dec '12,12.1,12.1,12.1,12.1,+0.4 (+3.42%),2
Fri 14 Dec '12,11.7,11.7,11.7,11.7,−0.1 (−0.85%),190
Thu 13 Dec '12,11.8,12.5,11.8,11.8,−0.1 (−0.84%),44.7 K
Wed 12 Dec '12,11.9,12.0,11.6,11.9,+0.2 (+1.71%),31.04 K
Tue 11 Dec '12,11.7,11.9,11.6,11.7,+0.1 (+0.86%),1.53 K
Mon 10 Dec '12,11.6,11.6,11.4,11.6,0.0 (0.00%),335
Fri 07 Dec '12,11.6,12.0,11.3,11.6,+0.1 (+0.87%),282
Thu 06 Dec '12,11.5,11.7,11.3,11.5,−0.4 (−3.36%),35.33 K
Wed 05 Dec '12,11.9,11.9,11.4,11.9,+0.5 (+4.39%),1.6 K
Tue 04 Dec '12,11.4,12.1,11.0,11.4,+0.4 (+3.64%),2.87 K
Mon 03 Dec '12,11.0,11.0,11.0,11.0,−0.7 (−5.98%),458
Fri 30 Nov '12,11.7,11.7,10.8,11.7,+0.5 (+4.46%),12.88 K
Thu 29 Nov '12,11.2,11.8,11.0,11.2,−1.3 (−10.40%),201
Wed 28 Nov '12,12.5,12.5,12.5,12.5,+1.5 (+13.64%),1
Mon 26 Nov '12,11.0,11.9,10.1,11.0,−0.5 (−4.35%),7.59 K
Fri 23 Nov '12,11.5,11.9,11.5,11.5,−0.2 (−1.71%),1.77 K
Thu 22 Nov '12,11.7,12.5,11.7,11.7,−0.8 (−6.40%),105
Wed 21 Nov '12,12.5,12.9,11.5,12.5,−0.4 (−3.10%),7
Tue 20 Nov '12,12.9,12.9,12.9,12.9,+1.0 (+8.40%),1
Mon 19 Nov '12,11.9,12.3,11.9,11.9,−0.6 (−4.80%),8.2 K
Fri 16 Nov '12,12.5,13.4,12.5,12.5,−0.2 (−1.57%),731
Thu 15 Nov '12,12.7,13.3,12.7,12.7,−0.6 (−4.51%),670
Wed 14 Nov '12,13.3,13.3,13.1,13.3,+0.6 (+4.72%),1.4 K
Mon 12 Nov '12,12.7,13.2,12.1,12.7,+0.4 (+3.25%),2.16 K
Fri 09 Nov '12,12.3,13.0,12.3,12.3,−0.2 (−1.60%),5.6 K
Thu 08 Nov '12,12.5,13.0,12.4,12.5,−0.5 (−3.85%),6.52 K
Wed 07 Nov '12,13.0,13.2,12.9,13.0,+0.3 (+2.36%),2.49 K
Tue 06 Nov '12,12.7,12.9,12.5,12.7,−0.3 (−2.31%),10.89 K
Mon 05 Nov '12,13.0,13.1,12.5,13.0,−0.2 (−1.52%),12.2 K
Fri 02 Nov '12,13.2,13.3,12.1,13.2,+0.2 (+1.54%),18.84 K
Thu 01 Nov '12,13.0,13.1,13.0,13.0,+0.1 (+0.78%),909
Wed 31 Oct '12,12.9,13.1,12.9,12.9,−0.3 (−2.27%),12.13 K
Tue 30 Oct '12,13.2,14.7,13.0,13.2,−0.5 (−3.65%),17.36 K
Fri 26 Oct '12,13.7,14.8,13.7,13.7,−1.1 (−7.43%),417
Thu 25 Oct '12,14.8,14.8,13.6,14.8,+0.8 (+5.71%),802
Wed 24 Oct '12,14.0,14.9,13.2,14.0,−1.0 (−6.67%),14.36 K
Tue 23 Oct '12,15.0,15.4,14.0,15.0,+0.3 (+2.04%),5.81 K
Mon 22 Oct '12,14.7,16.0,14.4,14.7,−1.6 (−9.82%),5.36 K
Fri 19 Oct '12,16.3,17.3,16.2,16.3,−0.6 (−3.55%),19.86 K
Thu 18 Oct '12,16.9,17.2,16.9,16.9,−0.1 (−0.59%),1.55 K
Wed 17 Oct '12,17.0,17.3,16.9,17.0,−0.4 (−2.30%),2.79 K
Tue 16 Oct '12,17.4,18.0,17.2,17.4,+0.1 (+0.58%),436
Mon 15 Oct '12,17.3,18.4,17.0,17.3,−0.6 (−3.35%),10.46 K
Fri 12 Oct '12,17.9,18.5,17.2,17.9,−0.1 (−0.56%),8.14 K
Thu 11 Oct '12,18.0,18.1,17.2,18.0,+0.2 (+1.12%),8.07 K
Wed 10 Oct '12,17.8,18.0,17.7,17.8,−0.1 (−0.56%),2.15 K
Tue 09 Oct '12,17.9,18.5,17.7,17.9,0.0 (0.00%),5.19 K
Mon 08 Oct '12,17.9,18.0,17.7,17.9,−0.1 (−0.56%),1.69 K
Fri 05 Oct '12,18.0,19.0,17.6,18.0,0.0 (0.00%),9.9 K
Thu 04 Oct '12,18.0,20.0,17.9,18.0,−1.3 (−6.74%),34.06 K
Wed 03 Oct '12,19.3,20.0,19.2,19.3,−0.7 (−3.50%),7.61 K
Tue 02 Oct '12,20.0,20.8,19.5,20.0,−0.1 (−0.50%),12.74 K
Mon 01 Oct '12,20.1,20.8,18.6,20.1,+0.2 (+1.01%),9.84 K
Fri 28 Sep '12,19.9,20.5,19.7,19.9,+0.4 (+2.05%),12.85 K
Thu 27 Sep '12,19.5,21.0,18.1,19.5,+1.5 (+8.33%),152.03 K
Wed 26 Sep '12,18.0,18.5,17.1,18.0,+0.9 (+5.26%),70.22 K
Tue 25 Sep '12,17.1,17.3,15.7,17.1,+0.1 (+0.59%),7.01 K
Mon 24 Sep '12,17.0,17.5,17.0,17.0,0.0 (0.00%),9.87 K
Fri 21 Sep '12,17.0,17.6,16.5,17.0,+1.0 (+6.25%),67.13 K
Thu 20 Sep '12,16.0,16.0,15.5,16.0,+0.7 (+4.58%),1.9 K
Wed 19 Sep '12,15.3,16.3,15.0,15.3,−0.8 (−4.97%),13.05 K
Tue 18 Sep '12,16.1,16.8,16.0,16.1,−0.9 (−5.29%),5.85 K
Mon 17 Sep '12,17.0,17.0,15.8,17.0,+0.1 (+0.59%),30.42 K
Fri 14 Sep '12,16.9,17.0,16.0,16.9,+0.9 (+5.62%),29.9 K
Thu 13 Sep '12,16.0,16.2,15.5,16.0,0.0 (0.00%),72.6 K
Wed 12 Sep '12,16.0,16.0,15.5,16.0,+0.5 (+3.23%),63.44 K
Tue 11 Sep '12,15.5,15.7,15.0,15.5,+0.2 (+1.31%),11.35 K
Mon 10 Sep '12,15.3,15.4,14.0,15.3,+1.0 (+6.99%),27.87 K
Fri 07 Sep '12,14.3,14.5,13.8,14.3,+0.1 (+0.70%),7.36 K
Thu 06 Sep '12,14.2,14.2,13.9,14.2,+0.2 (+1.43%),1 K
Wed 05 Sep '12,14.0,14.0,13.6,14.0,−0.5 (−3.45%),700
Tue 04 Sep '12,14.5,14.8,13.4,14.5,+1.5 (+11.54%),34.57 K
Mon 03 Sep '12,13.0,13.4,12.8,13.0,+0.2 (+1.56%),14.82 K
Thu 30 Aug '12,12.8,13.0,12.8,12.8,−0.2 (−1.54%),2.11 K
Wed 29 Aug '12,13.0,13.2,12.9,13.0,−0.1 (−0.76%),17.35 K
Tue 28 Aug '12,13.1,13.7,13.0,13.1,−0.6 (−4.38%),35 K
Mon 27 Aug '12,13.7,14.0,13.0,13.7,−0.2 (−1.44%),37.72 K
Fri 24 Aug '12,13.9,13.9,13.1,13.9,0.0 (0.00%),15.91 K
Thu 23 Aug '12,13.9,13.9,13.5,13.9,−0.1 (−0.71%),14.61 K
Wed 22 Aug '12,14.0,14.0,13.0,14.0,+1.0 (+7.69%),1 K
Tue 21 Aug '12,13.0,13.0,11.2,13.0,+0.4 (+3.17%),3.1 K
Mon 20 Aug '12,12.6,12.6,12.6,12.6,−0.4 (−3.08%),100
Fri 17 Aug '12,13.0,13.0,13.0,13.0,0.0 (0.00%),50
Wed 15 Aug '12,13.0,13.2,13.0,13.0,−0.2 (−1.52%),1.99 K
Mon 13 Aug '12,13.2,13.2,13.2,13.2,+0.1 (+0.76%),10 K
Fri 10 Aug '12,13.1,13.1,13.1,13.1,−0.5 (−3.68%),100
Thu 09 Aug '12,13.6,13.6,13.6,13.6,+0.6 (+4.62%),10
Wed 08 Aug '12,13.0,13.8,13.0,13.0,0.0 (0.00%),8.1 K
Tue 07 Aug '12,13.0,13.0,13.0,13.0,0.0 (0.00%),200
Mon 06 Aug '12,13.0,13.0,13.0,13.0,0.0 (0.00%),2.8 K
Fri 03 Aug '12,13.0,13.0,13.0,13.0,−0.1 (−0.76%),25.2 K
Thu 02 Aug '12,13.1,13.8,13.1,13.1,−0.6 (−4.38%),523
Tue 31 Jul '12,13.7,13.8,13.0,13.7,+1.2 (+9.60%),8.5 K
Mon 30 Jul '12,12.5,13.5,12.0,12.5,−1.0 (−7.41%),4.8 K
Fri 27 Jul '12,13.5,13.5,13.5,13.5,+2.4 (+21.62%),4.1 K
Wed 25 Jul '12,11.1,11.1,11.1,11.1,0.0 (0.00%),1
Tue 24 Jul '12,11.1,11.4,11.0,11.1,−0.2 (−1.77%),5 K
Fri 20 Jul '12,11.3,11.3,11.2,11.3,−0.7 (−5.83%),200
Thu 19 Jul '12,12.0,12.0,11.3,12.0,+0.6 (+5.26%),16.5 K
Wed 18 Jul '12,11.4,11.5,11.4,11.4,−0.2 (−1.72%),2.61 K
Mon 16 Jul '12,11.6,11.9,11.2,11.6,+0.6 (+5.45%),1.92 K
Thu 12 Jul '12,11.0,11.5,11.0,11.0,−0.1 (−0.90%),15.85 K
Wed 11 Jul '12,11.1,11.2,11.0,11.1,−0.5 (−4.31%),11 K
Mon 09 Jul '12,11.6,11.6,11.6,11.6,+0.1 (+0.87%),7.67 K
Fri 06 Jul '12,11.5,12.0,11.5,11.5,−0.5 (−4.17%),5.9 K
Thu 05 Jul '12,12.0,12.2,12.0,12.0,−0.1 (−0.83%),6.89 K
Wed 04 Jul '12,12.1,12.1,12.1,12.1,−1.4 (−10.37%),100
Mon 02 Jul '12,13.5,13.5,12.1,13.5,+0.6 (+4.65%),10.02 K
Fri 29 Jun '12,12.9,12.9,12.9,12.9,0.0 (0.00%),20
Thu 28 Jun '12,12.9,12.9,12.9,12.9,−1.1 (−7.86%),61
Wed 27 Jun '12,14.0,14.0,13.5,14.0,+0.4 (+2.94%),911
Tue 26 Jun '12,13.6,14.0,13.5,13.6,−0.5 (−3.55%),370
Mon 25 Jun '12,14.1,14.1,14.1,14.1,−0.1 (−0.70%),35
Fri 22 Jun '12,14.2,14.3,12.9,14.2,∅ (∅%),524
